ISO-10303-21;
HEADER;
FILE_DESCRIPTION(('Open CASCADE Model'),'2;1');
FILE_NAME('Open CASCADE Shape Model','2026-09-08T21:09:41',('Author'),(
    'Open CASCADE'),'Open CASCADE STEP processor 7.8','Open CASCADE 7.8'
  ,'Unknown');
FILE_SCHEMA(('AUTOMOTIVE_DESIGN { 1 0 10303 214 1 1 1 1 }'));
ENDSEC;
DATA;
#1 = APPLICATION_PROTOCOL_DEFINITION('international standard',
  'automotive_design',2000,#2);
#2 = APPLICATION_CONTEXT(
  'core data for automotive mechanical design processes');
#3 = SHAPE_DEFINITION_REPRESENTATION(#4,#10);
#4 = PRODUCT_DEFINITION_SHAPE('','',#5);
#5 = PRODUCT_DEFINITION('design','',#6,#9);
#6 = PRODUCT_DEFINITION_FORMATION('','',#7);
#7 = PRODUCT('FQP30N06L_P3_81','FQP30N06L_P3_81','',(#8));
#8 = PRODUCT_CONTEXT('',#2,'mechanical');
#9 = PRODUCT_DEFINITION_CONTEXT('part definition',#2,'design');
#10 = SHAPE_REPRESENTATION('',(#11,#15,#19,#23,#27,#31,#35),#39);
#11 = AXIS2_PLACEMENT_3D('',#12,#13,#14);
#12 = CARTESIAN_POINT('',(0.,0.,0.));
#13 = DIRECTION('',(0.,0.,1.));
#14 = DIRECTION('',(1.,0.,-0.));
#15 = AXIS2_PLACEMENT_3D('',#16,#17,#18);
#16 = CARTESIAN_POINT('',(0.,0.,0.));
#17 = DIRECTION('',(0.,0.,1.));
#18 = DIRECTION('',(1.,0.,-0.));
#19 = AXIS2_PLACEMENT_3D('',#20,#21,#22);
#20 = CARTESIAN_POINT('',(0.,0.,0.));
#21 = DIRECTION('',(0.,0.,1.));
#22 = DIRECTION('',(1.,0.,-0.));
#23 = AXIS2_PLACEMENT_3D('',#24,#25,#26);
#24 = CARTESIAN_POINT('',(0.,0.,0.));
#25 = DIRECTION('',(0.,0.,1.));
#26 = DIRECTION('',(1.,0.,-0.));
#27 = AXIS2_PLACEMENT_3D('',#28,#29,#30);
#28 = CARTESIAN_POINT('',(0.,0.,0.));
#29 = DIRECTION('',(0.,0.,1.));
#30 = DIRECTION('',(1.,0.,-0.));
#31 = AXIS2_PLACEMENT_3D('',#32,#33,#34);
#32 = CARTESIAN_POINT('',(0.,0.,0.));
#33 = DIRECTION('',(0.,0.,1.));
#34 = DIRECTION('',(1.,0.,-0.));
#35 = AXIS2_PLACEMENT_3D('',#36,#37,#38);
#36 = CARTESIAN_POINT('',(0.,0.,0.));
#37 = DIRECTION('',(0.,0.,1.));
#38 = DIRECTION('',(1.,0.,-0.));
#39 = ( GEOMETRIC_REPRESENTATION_CONTEXT(3) 
GLOBAL_UNCERTAINTY_ASSIGNED_CONTEXT((#43)) GLOBAL_UNIT_ASSIGNED_CONTEXT(
(#40,#41,#42)) REPRESENTATION_CONTEXT('Context #1',
  '3D Context with UNIT and UNCERTAINTY') );
#40 = ( LENGTH_UNIT() NAMED_UNIT(*) SI_UNIT(.MILLI.,.METRE.) );
#41 = ( NAMED_UNIT(*) PLANE_ANGLE_UNIT() SI_UNIT($,.RADIAN.) );
#42 = ( NAMED_UNIT(*) SI_UNIT($,.STERADIAN.) SOLID_ANGLE_UNIT() );
#43 = UNCERTAINTY_MEASURE_WITH_UNIT(LENGTH_MEASURE(1.E-07),#40,
  'distance_accuracy_value','confusion accuracy');
#44 = PRODUCT_RELATED_PRODUCT_CATEGORY('part',$,(#7));
#45 = SHAPE_DEFINITION_REPRESENTATION(#46,#52);
#46 = PRODUCT_DEFINITION_SHAPE('','',#47);
#47 = PRODUCT_DEFINITION('design','',#48,#51);
#48 = PRODUCT_DEFINITION_FORMATION('','',#49);
#49 = PRODUCT('exposed_tab','exposed_tab','',(#50));
#50 = PRODUCT_CONTEXT('',#2,'mechanical');
#51 = PRODUCT_DEFINITION_CONTEXT('part definition',#2,'design');
#52 = ADVANCED_BREP_SHAPE_REPRESENTATION('',(#11,#53),#938);
#53 = MANIFOLD_SOLID_BREP('',#54);
#54 = CLOSED_SHELL('',(#55,#174,#393,#442,#588,#615,#642,#669,#747,#796,
    #847,#874,#911));
#55 = ADVANCED_FACE('',(#56),#70,.F.);
#56 = FACE_BOUND('',#57,.F.);
#57 = EDGE_LOOP('',(#58,#92,#120,#148));
#58 = ORIENTED_EDGE('',*,*,#59,.F.);
#59 = EDGE_CURVE('',#60,#62,#64,.T.);
#60 = VERTEX_POINT('',#61);
#61 = CARTESIAN_POINT('',(-2.585,1.89,3.985));
#62 = VERTEX_POINT('',#63);
#63 = CARTESIAN_POINT('',(-2.585,1.89,12.875));
#64 = SURFACE_CURVE('',#65,(#69,#80),.PCURVE_S1.);
#65 = LINE('',#66,#67);
#66 = CARTESIAN_POINT('',(-2.585,1.89,3.5925));
#67 = VECTOR('',#68,1.);
#68 = DIRECTION('',(-5.551115123126E-17,0.,1.));
#69 = PCURVE('',#70,#75);
#70 = PLANE('',#71);
#71 = AXIS2_PLACEMENT_3D('',#72,#73,#74);
#72 = CARTESIAN_POINT('',(-2.585,2.045585922872E-16,3.685));
#73 = DIRECTION('',(1.,0.,5.551115123126E-17));
#74 = DIRECTION('',(-5.551115123126E-17,5.551115123126E-17,1.));
#75 = DEFINITIONAL_REPRESENTATION('',(#76),#79);
#76 = B_SPLINE_CURVE_WITH_KNOTS('',1,(#77,#78),.UNSPECIFIED.,.F.,.F.,(2,
    2),(9.249999999886E-02,9.2825),.PIECEWISE_BEZIER_KNOTS.);
#77 = CARTESIAN_POINT('',(-1.13614673225E-12,-1.89));
#78 = CARTESIAN_POINT('',(9.19,-1.89));
#79 = ( GEOMETRIC_REPRESENTATION_CONTEXT(2) 
PARAMETRIC_REPRESENTATION_CONTEXT() REPRESENTATION_CONTEXT('2D SPACE',''
  ) );
#80 = PCURVE('',#81,#86);
#81 = PLANE('',#82);
#82 = AXIS2_PLACEMENT_3D('',#83,#84,#85);
#83 = CARTESIAN_POINT('',(-17.46,1.89,3.5));
#84 = DIRECTION('',(0.,1.,0.));
#85 = DIRECTION('',(0.,0.,1.));
#86 = DEFINITIONAL_REPRESENTATION('',(#87),#91);
#87 = LINE('',#88,#89);
#88 = CARTESIAN_POINT('',(9.25E-02,14.875));
#89 = VECTOR('',#90,1.);
#90 = DIRECTION('',(1.,-5.551115123126E-17));
#91 = ( GEOMETRIC_REPRESENTATION_CONTEXT(2) 
PARAMETRIC_REPRESENTATION_CONTEXT() REPRESENTATION_CONTEXT('2D SPACE',''
  ) );
#92 = ORIENTED_EDGE('',*,*,#93,.F.);
#93 = EDGE_CURVE('',#94,#60,#96,.T.);
#94 = VERTEX_POINT('',#95);
#95 = CARTESIAN_POINT('',(-2.585,3.15,4.185));
#96 = SURFACE_CURVE('',#97,(#101,#108),.PCURVE_S1.);
#97 = LINE('',#98,#99);
#98 = CARTESIAN_POINT('',(-2.585,3.15,4.185));
#99 = VECTOR('',#100,1.);
#100 = DIRECTION('',(-5.482478518197E-17,-0.987635528464,-0.156767544201
    ));
#101 = PCURVE('',#70,#102);
#102 = DEFINITIONAL_REPRESENTATION('',(#103),#107);
#103 = LINE('',#104,#105);
#104 = CARTESIAN_POINT('',(0.5,-3.15));
#105 = VECTOR('',#106,1.);
#106 = DIRECTION('',(-0.156767544201,0.987635528464));
#107 = ( GEOMETRIC_REPRESENTATION_CONTEXT(2) 
PARAMETRIC_REPRESENTATION_CONTEXT() REPRESENTATION_CONTEXT('2D SPACE',''
  ) );
#108 = PCURVE('',#109,#114);
#109 = PLANE('',#110);
#110 = AXIS2_PLACEMENT_3D('',#111,#112,#113);
#111 = CARTESIAN_POINT('',(-2.585,3.15,4.185));
#112 = DIRECTION('',(5.482478518197E-17,0.156767544201,-0.987635528464)
  );
#113 = DIRECTION('',(-5.482478518197E-17,-0.987635528464,-0.156767544201
    ));
#114 = DEFINITIONAL_REPRESENTATION('',(#115),#119);
#115 = LINE('',#116,#117);
#116 = CARTESIAN_POINT('',(-0.,0.));
#117 = VECTOR('',#118,1.);
#118 = DIRECTION('',(1.,-3.08148791102E-33));
#119 = ( GEOMETRIC_REPRESENTATION_CONTEXT(2) 
PARAMETRIC_REPRESENTATION_CONTEXT() REPRESENTATION_CONTEXT('2D SPACE',''
  ) );
#120 = ORIENTED_EDGE('',*,*,#121,.F.);
#121 = EDGE_CURVE('',#122,#94,#124,.T.);
#122 = VERTEX_POINT('',#123);
#123 = CARTESIAN_POINT('',(-2.585,3.15,12.875));
#124 = SURFACE_CURVE('',#125,(#129,#136),.PCURVE_S1.);
#125 = LINE('',#126,#127);
#126 = CARTESIAN_POINT('',(-2.585,3.15,12.875));
#127 = VECTOR('',#128,1.);
#128 = DIRECTION('',(0.,-5.551115123126E-17,-1.));
#129 = PCURVE('',#70,#130);
#130 = DEFINITIONAL_REPRESENTATION('',(#131),#135);
#131 = LINE('',#132,#133);
#132 = CARTESIAN_POINT('',(9.19,-3.15));
#133 = VECTOR('',#134,1.);
#134 = DIRECTION('',(-1.,0.));
#135 = ( GEOMETRIC_REPRESENTATION_CONTEXT(2) 
PARAMETRIC_REPRESENTATION_CONTEXT() REPRESENTATION_CONTEXT('2D SPACE',''
  ) );
#136 = PCURVE('',#137,#142);
#137 = PLANE('',#138);
#138 = AXIS2_PLACEMENT_3D('',#139,#140,#141);
#139 = CARTESIAN_POINT('',(-2.585,3.15,12.875));
#140 = DIRECTION('',(3.08148791102E-33,1.,-5.551115123126E-17));
#141 = DIRECTION('',(0.,-5.551115123126E-17,-1.));
#142 = DEFINITIONAL_REPRESENTATION('',(#143),#147);
#143 = LINE('',#144,#145);
#144 = CARTESIAN_POINT('',(0.,0.));
#145 = VECTOR('',#146,1.);
#146 = DIRECTION('',(1.,0.));
#147 = ( GEOMETRIC_REPRESENTATION_CONTEXT(2) 
PARAMETRIC_REPRESENTATION_CONTEXT() REPRESENTATION_CONTEXT('2D SPACE',''
  ) );
#148 = ORIENTED_EDGE('',*,*,#149,.F.);
#149 = EDGE_CURVE('',#62,#122,#150,.T.);
#150 = SURFACE_CURVE('',#151,(#155,#162),.PCURVE_S1.);
#151 = LINE('',#152,#153);
#152 = CARTESIAN_POINT('',(-2.585,-0.295,12.875));
#153 = VECTOR('',#154,1.);
#154 = DIRECTION('',(5.551115123126E-17,1.,0.));
#155 = PCURVE('',#70,#156);
#156 = DEFINITIONAL_REPRESENTATION('',(#157),#161);
#157 = LINE('',#158,#159);
#158 = CARTESIAN_POINT('',(9.19,0.295));
#159 = VECTOR('',#160,1.);
#160 = DIRECTION('',(5.551115123126E-17,-1.));
#161 = ( GEOMETRIC_REPRESENTATION_CONTEXT(2) 
PARAMETRIC_REPRESENTATION_CONTEXT() REPRESENTATION_CONTEXT('2D SPACE',''
  ) );
#162 = PCURVE('',#163,#168);
#163 = PLANE('',#164);
#164 = AXIS2_PLACEMENT_3D('',#165,#166,#167);
#165 = CARTESIAN_POINT('',(-2.585,-0.295,12.875));
#166 = DIRECTION('',(-5.551115123126E-17,3.08148791102E-33,1.));
#167 = DIRECTION('',(5.551115123126E-17,1.,-1.820045856984E-46));
#168 = DEFINITIONAL_REPRESENTATION('',(#169),#173);
#169 = LINE('',#170,#171);
#170 = CARTESIAN_POINT('',(0.,0.));
#171 = VECTOR('',#172,1.);
#172 = DIRECTION('',(1.,1.010328408149E-62));
#173 = ( GEOMETRIC_REPRESENTATION_CONTEXT(2) 
PARAMETRIC_REPRESENTATION_CONTEXT() REPRESENTATION_CONTEXT('2D SPACE',''
  ) );
#174 = ADVANCED_FACE('',(#175,#358),#81,.F.);
#175 = FACE_BOUND('',#176,.F.);
#176 = EDGE_LOOP('',(#177,#199,#227,#255,#283,#310,#337,#357));
#177 = ORIENTED_EDGE('',*,*,#178,.F.);
#178 = EDGE_CURVE('',#179,#62,#181,.T.);
#179 = VERTEX_POINT('',#180);
#180 = CARTESIAN_POINT('',(-2.575,1.89,12.875));
#181 = SURFACE_CURVE('',#182,(#186,#193),.PCURVE_S1.);
#182 = LINE('',#183,#184);
#183 = CARTESIAN_POINT('',(-10.0225,1.89,12.875));
#184 = VECTOR('',#185,1.);
#185 = DIRECTION('',(-1.,0.,-5.551115123126E-17));
#186 = PCURVE('',#81,#187);
#187 = DEFINITIONAL_REPRESENTATION('',(#188),#192);
#188 = LINE('',#189,#190);
#189 = CARTESIAN_POINT('',(9.375,7.4375));
#190 = VECTOR('',#191,1.);
#191 = DIRECTION('',(-5.551115123126E-17,-1.));
#192 = ( GEOMETRIC_REPRESENTATION_CONTEXT(2) 
PARAMETRIC_REPRESENTATION_CONTEXT() REPRESENTATION_CONTEXT('2D SPACE',''
  ) );
#193 = PCURVE('',#163,#194);
#194 = DEFINITIONAL_REPRESENTATION('',(#195),#198);
#195 = B_SPLINE_CURVE_WITH_KNOTS('',1,(#196,#197),.UNSPECIFIED.,.F.,.F.,
  (2,2),(-17.6875,-7.4375),.PIECEWISE_BEZIER_KNOTS.);
#196 = CARTESIAN_POINT('',(2.185,-10.25));
#197 = CARTESIAN_POINT('',(2.185,0.));
#198 = ( GEOMETRIC_REPRESENTATION_CONTEXT(2) 
PARAMETRIC_REPRESENTATION_CONTEXT() REPRESENTATION_CONTEXT('2D SPACE',''
  ) );
#199 = ORIENTED_EDGE('',*,*,#200,.F.);
#200 = EDGE_CURVE('',#201,#179,#203,.T.);
#201 = VERTEX_POINT('',#202);
#202 = CARTESIAN_POINT('',(-2.575,1.89,18.775));
#203 = SURFACE_CURVE('',#204,(#208,#215),.PCURVE_S1.);
#204 = LINE('',#205,#206);
#205 = CARTESIAN_POINT('',(-2.575,1.89,18.775));
#206 = VECTOR('',#207,1.);
#207 = DIRECTION('',(0.,0.,-1.));
#208 = PCURVE('',#81,#209);
#209 = DEFINITIONAL_REPRESENTATION('',(#210),#214);
#210 = LINE('',#211,#212);
#211 = CARTESIAN_POINT('',(15.275,14.885));
#212 = VECTOR('',#213,1.);
#213 = DIRECTION('',(-1.,0.));
#214 = ( GEOMETRIC_REPRESENTATION_CONTEXT(2) 
PARAMETRIC_REPRESENTATION_CONTEXT() REPRESENTATION_CONTEXT('2D SPACE',''
  ) );
#215 = PCURVE('',#216,#221);
#216 = PLANE('',#217);
#217 = AXIS2_PLACEMENT_3D('',#218,#219,#220);
#218 = CARTESIAN_POINT('',(-2.575,1.89,5.));
#219 = DIRECTION('',(-1.,0.,0.));
#220 = DIRECTION('',(0.,1.,0.));
#221 = DEFINITIONAL_REPRESENTATION('',(#222),#226);
#222 = LINE('',#223,#224);
#223 = CARTESIAN_POINT('',(0.,-13.775));
#224 = VECTOR('',#225,1.);
#225 = DIRECTION('',(0.,1.));
#226 = ( GEOMETRIC_REPRESENTATION_CONTEXT(2) 
PARAMETRIC_REPRESENTATION_CONTEXT() REPRESENTATION_CONTEXT('2D SPACE',''
  ) );
#227 = ORIENTED_EDGE('',*,*,#228,.F.);
#228 = EDGE_CURVE('',#229,#201,#231,.T.);
#229 = VERTEX_POINT('',#230);
#230 = CARTESIAN_POINT('',(7.655,1.89,18.775));
#231 = SURFACE_CURVE('',#232,(#236,#243),.PCURVE_S1.);
#232 = LINE('',#233,#234);
#233 = CARTESIAN_POINT('',(7.655,1.89,18.775));
#234 = VECTOR('',#235,1.);
#235 = DIRECTION('',(-1.,0.,0.));
#236 = PCURVE('',#81,#237);
#237 = DEFINITIONAL_REPRESENTATION('',(#238),#242);
#238 = LINE('',#239,#240);
#239 = CARTESIAN_POINT('',(15.275,25.115));
#240 = VECTOR('',#241,1.);
#241 = DIRECTION('',(0.,-1.));
#242 = ( GEOMETRIC_REPRESENTATION_CONTEXT(2) 
PARAMETRIC_REPRESENTATION_CONTEXT() REPRESENTATION_CONTEXT('2D SPACE',''
  ) );
#243 = PCURVE('',#244,#249);
#244 = PLANE('',#245);
#245 = AXIS2_PLACEMENT_3D('',#246,#247,#248);
#246 = CARTESIAN_POINT('',(-2.575,3.16,18.775));
#247 = DIRECTION('',(0.,0.,1.));
#248 = DIRECTION('',(1.,0.,-0.));
#249 = DEFINITIONAL_REPRESENTATION('',(#250),#254);
#250 = LINE('',#251,#252);
#251 = CARTESIAN_POINT('',(10.23,-1.27));
#252 = VECTOR('',#253,1.);
#253 = DIRECTION('',(-1.,0.));
#254 = ( GEOMETRIC_REPRESENTATION_CONTEXT(2) 
PARAMETRIC_REPRESENTATION_CONTEXT() REPRESENTATION_CONTEXT('2D SPACE',''
  ) );
#255 = ORIENTED_EDGE('',*,*,#256,.F.);
#256 = EDGE_CURVE('',#257,#229,#259,.T.);
#257 = VERTEX_POINT('',#258);
#258 = CARTESIAN_POINT('',(7.655,1.89,12.875));
#259 = SURFACE_CURVE('',#260,(#264,#271),.PCURVE_S1.);
#260 = LINE('',#261,#262);
#261 = CARTESIAN_POINT('',(7.655,1.89,12.875));
#262 = VECTOR('',#263,1.);
#263 = DIRECTION('',(0.,0.,1.));
#264 = PCURVE('',#81,#265);
#265 = DEFINITIONAL_REPRESENTATION('',(#266),#270);
#266 = LINE('',#267,#268);
#267 = CARTESIAN_POINT('',(9.375,25.115));
#268 = VECTOR('',#269,1.);
#269 = DIRECTION('',(1.,0.));
#270 = ( GEOMETRIC_REPRESENTATION_CONTEXT(2) 
PARAMETRIC_REPRESENTATION_CONTEXT() REPRESENTATION_CONTEXT('2D SPACE',''
  ) );
#271 = PCURVE('',#272,#277);
#272 = PLANE('',#273);
#273 = AXIS2_PLACEMENT_3D('',#274,#275,#276);
#274 = CARTESIAN_POINT('',(7.655,3.16,5.));
#275 = DIRECTION('',(1.,0.,0.));
#276 = DIRECTION('',(0.,-1.,0.));
#277 = DEFINITIONAL_REPRESENTATION('',(#278),#282);
#278 = LINE('',#279,#280);
#279 = CARTESIAN_POINT('',(1.27,-7.875));
#280 = VECTOR('',#281,1.);
#281 = DIRECTION('',(0.,-1.));
#282 = ( GEOMETRIC_REPRESENTATION_CONTEXT(2) 
PARAMETRIC_REPRESENTATION_CONTEXT() REPRESENTATION_CONTEXT('2D SPACE',''
  ) );
#283 = ORIENTED_EDGE('',*,*,#284,.F.);
#284 = EDGE_CURVE('',#285,#257,#287,.T.);
#285 = VERTEX_POINT('',#286);
#286 = CARTESIAN_POINT('',(7.665,1.89,12.875));
#287 = SURFACE_CURVE('',#288,(#292,#299),.PCURVE_S1.);
#288 = LINE('',#289,#290);
#289 = CARTESIAN_POINT('',(-10.0225,1.89,12.875));
#290 = VECTOR('',#291,1.);
#291 = DIRECTION('',(-1.,0.,-5.551115123126E-17));
#292 = PCURVE('',#81,#293);
#293 = DEFINITIONAL_REPRESENTATION('',(#294),#298);
#294 = LINE('',#295,#296);
#295 = CARTESIAN_POINT('',(9.375,7.4375));
#296 = VECTOR('',#297,1.);
#297 = DIRECTION('',(-5.551115123126E-17,-1.));
#298 = ( GEOMETRIC_REPRESENTATION_CONTEXT(2) 
PARAMETRIC_REPRESENTATION_CONTEXT() REPRESENTATION_CONTEXT('2D SPACE',''
  ) );
#299 = PCURVE('',#300,#305);
#300 = PLANE('',#301);
#301 = AXIS2_PLACEMENT_3D('',#302,#303,#304);
#302 = CARTESIAN_POINT('',(-2.585,-0.295,12.875));
#303 = DIRECTION('',(-5.551115123126E-17,3.08148791102E-33,1.));
#304 = DIRECTION('',(5.551115123126E-17,1.,-1.820045856984E-46));
#305 = DEFINITIONAL_REPRESENTATION('',(#306),#309);
#306 = B_SPLINE_CURVE_WITH_KNOTS('',1,(#307,#308),.UNSPECIFIED.,.F.,.F.,
  (2,2),(-17.6875,-7.4375),.PIECEWISE_BEZIER_KNOTS.);
#307 = CARTESIAN_POINT('',(2.185,-10.25));
#308 = CARTESIAN_POINT('',(2.185,0.));
#309 = ( GEOMETRIC_REPRESENTATION_CONTEXT(2) 
PARAMETRIC_REPRESENTATION_CONTEXT() REPRESENTATION_CONTEXT('2D SPACE',''
  ) );
#310 = ORIENTED_EDGE('',*,*,#311,.F.);
#311 = EDGE_CURVE('',#312,#285,#314,.T.);
#312 = VERTEX_POINT('',#313);
#313 = CARTESIAN_POINT('',(7.665,1.89,3.985));
#314 = SURFACE_CURVE('',#315,(#319,#326),.PCURVE_S1.);
#315 = LINE('',#316,#317);
#316 = CARTESIAN_POINT('',(7.665,1.89,3.5925));
#317 = VECTOR('',#318,1.);
#318 = DIRECTION('',(-5.551115123126E-17,0.,1.));
#319 = PCURVE('',#81,#320);
#320 = DEFINITIONAL_REPRESENTATION('',(#321),#325);
#321 = LINE('',#322,#323);
#322 = CARTESIAN_POINT('',(9.25E-02,25.125));
#323 = VECTOR('',#324,1.);
#324 = DIRECTION('',(1.,-5.551115123126E-17));
#325 = ( GEOMETRIC_REPRESENTATION_CONTEXT(2) 
PARAMETRIC_REPRESENTATION_CONTEXT() REPRESENTATION_CONTEXT('2D SPACE',''
  ) );
#326 = PCURVE('',#327,#332);
#327 = PLANE('',#328);
#328 = AXIS2_PLACEMENT_3D('',#329,#330,#331);
#329 = CARTESIAN_POINT('',(7.665,2.045585922872E-16,3.685));
#330 = DIRECTION('',(1.,0.,5.551115123126E-17));
#331 = DIRECTION('',(-5.551115123126E-17,5.551115123126E-17,1.));
#332 = DEFINITIONAL_REPRESENTATION('',(#333),#336);
#333 = B_SPLINE_CURVE_WITH_KNOTS('',1,(#334,#335),.UNSPECIFIED.,.F.,.F.,
  (2,2),(9.249999999886E-02,9.2825),.PIECEWISE_BEZIER_KNOTS.);
#334 = CARTESIAN_POINT('',(-1.13614673225E-12,-1.89));
#335 = CARTESIAN_POINT('',(9.19,-1.89));
#336 = ( GEOMETRIC_REPRESENTATION_CONTEXT(2) 
PARAMETRIC_REPRESENTATION_CONTEXT() REPRESENTATION_CONTEXT('2D SPACE',''
  ) );
#337 = ORIENTED_EDGE('',*,*,#338,.F.);
#338 = EDGE_CURVE('',#60,#312,#339,.T.);
#339 = SURFACE_CURVE('',#340,(#344,#351),.PCURVE_S1.);
#340 = LINE('',#341,#342);
#341 = CARTESIAN_POINT('',(-10.0225,1.89,3.985));
#342 = VECTOR('',#343,1.);
#343 = DIRECTION('',(1.,-0.,5.551115123128E-17));
#344 = PCURVE('',#81,#345);
#345 = DEFINITIONAL_REPRESENTATION('',(#346),#350);
#346 = LINE('',#347,#348);
#347 = CARTESIAN_POINT('',(0.485,7.4375));
#348 = VECTOR('',#349,1.);
#349 = DIRECTION('',(5.551115123128E-17,1.));
#350 = ( GEOMETRIC_REPRESENTATION_CONTEXT(2) 
PARAMETRIC_REPRESENTATION_CONTEXT() REPRESENTATION_CONTEXT('2D SPACE',''
  ) );
#351 = PCURVE('',#109,#352);
#352 = DEFINITIONAL_REPRESENTATION('',(#353),#356);
#353 = B_SPLINE_CURVE_WITH_KNOTS('',1,(#354,#355),.UNSPECIFIED.,.F.,.F.,
  (2,2),(7.4375,17.6875),.PIECEWISE_BEZIER_KNOTS.);
#354 = CARTESIAN_POINT('',(1.275774274705,0.));
#355 = CARTESIAN_POINT('',(1.275774274705,-10.25));
#356 = ( GEOMETRIC_REPRESENTATION_CONTEXT(2) 
PARAMETRIC_REPRESENTATION_CONTEXT() REPRESENTATION_CONTEXT('2D SPACE',''
  ) );
#357 = ORIENTED_EDGE('',*,*,#59,.T.);
#358 = FACE_BOUND('',#359,.F.);
#359 = EDGE_LOOP('',(#360));
#360 = ORIENTED_EDGE('',*,*,#361,.T.);
#361 = EDGE_CURVE('',#362,#362,#364,.T.);
#362 = VERTEX_POINT('',#363);
#363 = CARTESIAN_POINT('',(4.4075,1.89,16.005));
#364 = SURFACE_CURVE('',#365,(#370,#381),.PCURVE_S1.);
#365 = CIRCLE('',#366,1.8675);
#366 = AXIS2_PLACEMENT_3D('',#367,#368,#369);
#367 = CARTESIAN_POINT('',(2.54,1.89,16.005));
#368 = DIRECTION('',(0.,-1.,2.22044604925E-16));
#369 = DIRECTION('',(1.,0.,0.));
#370 = PCURVE('',#81,#371);
#371 = DEFINITIONAL_REPRESENTATION('',(#372),#380);
#372 = ( BOUNDED_CURVE() B_SPLINE_CURVE(2,(#373,#374,#375,#376,#377,#378
,#379),.UNSPECIFIED.,.T.,.F.) B_SPLINE_CURVE_WITH_KNOTS((1,2,2,2,2,1),(
    -2.094395102393,0.,2.094395102393,4.188790204786,6.28318530718,
8.377580409573),.UNSPECIFIED.) CURVE() GEOMETRIC_REPRESENTATION_ITEM() 
RATIONAL_B_SPLINE_CURVE((1.,0.5,1.,0.5,1.,0.5,1.)) REPRESENTATION_ITEM(
  '') );
#373 = CARTESIAN_POINT('',(12.505,21.8675));
#374 = CARTESIAN_POINT('',(15.739604883135,21.8675));
#375 = CARTESIAN_POINT('',(14.122302441567,19.06625));
#376 = CARTESIAN_POINT('',(12.505,16.265));
#377 = CARTESIAN_POINT('',(10.887697558433,19.06625));
#378 = CARTESIAN_POINT('',(9.270395116865,21.8675));
#379 = CARTESIAN_POINT('',(12.505,21.8675));
#380 = ( GEOMETRIC_REPRESENTATION_CONTEXT(2) 
PARAMETRIC_REPRESENTATION_CONTEXT() REPRESENTATION_CONTEXT('2D SPACE',''
  ) );
#381 = PCURVE('',#382,#387);
#382 = CYLINDRICAL_SURFACE('',#383,1.8675);
#383 = AXIS2_PLACEMENT_3D('',#384,#385,#386);
#384 = CARTESIAN_POINT('',(2.54,1.89,16.005));
#385 = DIRECTION('',(0.,-1.,2.22044604925E-16));
#386 = DIRECTION('',(1.,0.,0.));
#387 = DEFINITIONAL_REPRESENTATION('',(#388),#392);
#388 = LINE('',#389,#390);
#389 = CARTESIAN_POINT('',(0.,0.));
#390 = VECTOR('',#391,1.);
#391 = DIRECTION('',(1.,0.));
#392 = ( GEOMETRIC_REPRESENTATION_CONTEXT(2) 
PARAMETRIC_REPRESENTATION_CONTEXT() REPRESENTATION_CONTEXT('2D SPACE',''
  ) );
#393 = ADVANCED_FACE('',(#394),#163,.T.);
#394 = FACE_BOUND('',#395,.T.);
#395 = EDGE_LOOP('',(#396,#397,#398,#421));
#396 = ORIENTED_EDGE('',*,*,#149,.F.);
#397 = ORIENTED_EDGE('',*,*,#178,.F.);
#398 = ORIENTED_EDGE('',*,*,#399,.F.);
#399 = EDGE_CURVE('',#400,#179,#402,.T.);
#400 = VERTEX_POINT('',#401);
#401 = CARTESIAN_POINT('',(-2.575,3.15,12.875));
#402 = SURFACE_CURVE('',#403,(#407,#414),.PCURVE_S1.);
#403 = LINE('',#404,#405);
#404 = CARTESIAN_POINT('',(-2.575,0.7975,12.875));
#405 = VECTOR('',#406,1.);
#406 = DIRECTION('',(0.,-1.,3.08148791102E-33));
#407 = PCURVE('',#163,#408);
#408 = DEFINITIONAL_REPRESENTATION('',(#409),#413);
#409 = LINE('',#410,#411);
#410 = CARTESIAN_POINT('',(1.0925,-1.E-02));
#411 = VECTOR('',#412,1.);
#412 = DIRECTION('',(-1.,-5.551115123126E-17));
#413 = ( GEOMETRIC_REPRESENTATION_CONTEXT(2) 
PARAMETRIC_REPRESENTATION_CONTEXT() REPRESENTATION_CONTEXT('2D SPACE',''
  ) );
#414 = PCURVE('',#216,#415);
#415 = DEFINITIONAL_REPRESENTATION('',(#416),#420);
#416 = LINE('',#417,#418);
#417 = CARTESIAN_POINT('',(-1.0925,-7.875));
#418 = VECTOR('',#419,1.);
#419 = DIRECTION('',(-1.,-3.08148791102E-33));
#420 = ( GEOMETRIC_REPRESENTATION_CONTEXT(2) 
PARAMETRIC_REPRESENTATION_CONTEXT() REPRESENTATION_CONTEXT('2D SPACE',''
  ) );
#421 = ORIENTED_EDGE('',*,*,#422,.F.);
#422 = EDGE_CURVE('',#122,#400,#423,.T.);
#423 = SURFACE_CURVE('',#424,(#428,#435),.PCURVE_S1.);
#424 = LINE('',#425,#426);
#425 = CARTESIAN_POINT('',(-2.585,3.15,12.875));
#426 = VECTOR('',#427,1.);
#427 = DIRECTION('',(1.,0.,5.551115123126E-17));
#428 = PCURVE('',#163,#429);
#429 = DEFINITIONAL_REPRESENTATION('',(#430),#434);
#430 = LINE('',#431,#432);
#431 = CARTESIAN_POINT('',(3.445,1.912359159917E-16));
#432 = VECTOR('',#433,1.);
#433 = DIRECTION('',(5.551115123126E-17,-1.));
#434 = ( GEOMETRIC_REPRESENTATION_CONTEXT(2) 
PARAMETRIC_REPRESENTATION_CONTEXT() REPRESENTATION_CONTEXT('2D SPACE',''
  ) );
#435 = PCURVE('',#137,#436);
#436 = DEFINITIONAL_REPRESENTATION('',(#437),#441);
#437 = LINE('',#438,#439);
#438 = CARTESIAN_POINT('',(0.,0.));
#439 = VECTOR('',#440,1.);
#440 = DIRECTION('',(-5.551115123126E-17,-1.));
#441 = ( GEOMETRIC_REPRESENTATION_CONTEXT(2) 
PARAMETRIC_REPRESENTATION_CONTEXT() REPRESENTATION_CONTEXT('2D SPACE',''
  ) );
#442 = ADVANCED_FACE('',(#443),#137,.T.);
#443 = FACE_BOUND('',#444,.T.);
#444 = EDGE_LOOP('',(#445,#446,#447,#470,#498,#521,#544,#567));
#445 = ORIENTED_EDGE('',*,*,#121,.F.);
#446 = ORIENTED_EDGE('',*,*,#422,.T.);
#447 = ORIENTED_EDGE('',*,*,#448,.F.);
#448 = EDGE_CURVE('',#449,#400,#451,.T.);
#449 = VERTEX_POINT('',#450);
#450 = CARTESIAN_POINT('',(-2.575,3.15,5.));
#451 = SURFACE_CURVE('',#452,(#456,#463),.PCURVE_S1.);
#452 = LINE('',#453,#454);
#453 = CARTESIAN_POINT('',(-2.575,3.15,8.9375));
#454 = VECTOR('',#455,1.);
#455 = DIRECTION('',(0.,5.551115123126E-17,1.));
#456 = PCURVE('',#137,#457);
#457 = DEFINITIONAL_REPRESENTATION('',(#458),#462);
#458 = LINE('',#459,#460);
#459 = CARTESIAN_POINT('',(3.9375,-1.E-02));
#460 = VECTOR('',#461,1.);
#461 = DIRECTION('',(-1.,0.));
#462 = ( GEOMETRIC_REPRESENTATION_CONTEXT(2) 
PARAMETRIC_REPRESENTATION_CONTEXT() REPRESENTATION_CONTEXT('2D SPACE',''
  ) );
#463 = PCURVE('',#216,#464);
#464 = DEFINITIONAL_REPRESENTATION('',(#465),#469);
#465 = LINE('',#466,#467);
#466 = CARTESIAN_POINT('',(1.26,-3.9375));
#467 = VECTOR('',#468,1.);
#468 = DIRECTION('',(5.551115123126E-17,-1.));
#469 = ( GEOMETRIC_REPRESENTATION_CONTEXT(2) 
PARAMETRIC_REPRESENTATION_CONTEXT() REPRESENTATION_CONTEXT('2D SPACE',''
  ) );
#470 = ORIENTED_EDGE('',*,*,#471,.T.);
#471 = EDGE_CURVE('',#449,#472,#474,.T.);
#472 = VERTEX_POINT('',#473);
#473 = CARTESIAN_POINT('',(7.655,3.15,5.));
#474 = SURFACE_CURVE('',#475,(#479,#486),.PCURVE_S1.);
#475 = LINE('',#476,#477);
#476 = CARTESIAN_POINT('',(-2.58,3.15,5.));
#477 = VECTOR('',#478,1.);
#478 = DIRECTION('',(1.,-3.08148791102E-33,0.));
#479 = PCURVE('',#137,#480);
#480 = DEFINITIONAL_REPRESENTATION('',(#481),#485);
#481 = LINE('',#482,#483);
#482 = CARTESIAN_POINT('',(7.875,-5.E-03));
#483 = VECTOR('',#484,1.);
#484 = DIRECTION('',(1.710569414459E-49,-1.));
#485 = ( GEOMETRIC_REPRESENTATION_CONTEXT(2) 
PARAMETRIC_REPRESENTATION_CONTEXT() REPRESENTATION_CONTEXT('2D SPACE',''
  ) );
#486 = PCURVE('',#487,#492);
#487 = PLANE('',#488);
#488 = AXIS2_PLACEMENT_3D('',#489,#490,#491);
#489 = CARTESIAN_POINT('',(-2.575,3.16,5.));
#490 = DIRECTION('',(0.,0.,1.));
#491 = DIRECTION('',(1.,0.,-0.));
#492 = DEFINITIONAL_REPRESENTATION('',(#493),#497);
#493 = LINE('',#494,#495);
#494 = CARTESIAN_POINT('',(-5.E-03,-1.E-02));
#495 = VECTOR('',#496,1.);
#496 = DIRECTION('',(1.,-3.08148791102E-33));
#497 = ( GEOMETRIC_REPRESENTATION_CONTEXT(2) 
PARAMETRIC_REPRESENTATION_CONTEXT() REPRESENTATION_CONTEXT('2D SPACE',''
  ) );
#498 = ORIENTED_EDGE('',*,*,#499,.F.);
#499 = EDGE_CURVE('',#500,#472,#502,.T.);
#500 = VERTEX_POINT('',#501);
#501 = CARTESIAN_POINT('',(7.655,3.15,12.875));
#502 = SURFACE_CURVE('',#503,(#507,#514),.PCURVE_S1.);
#503 = LINE('',#504,#505);
#504 = CARTESIAN_POINT('',(7.655,3.15,8.9375));
#505 = VECTOR('',#506,1.);
#506 = DIRECTION('',(0.,-5.551115123126E-17,-1.));
#507 = PCURVE('',#137,#508);
#508 = DEFINITIONAL_REPRESENTATION('',(#509),#513);
#509 = LINE('',#510,#511);
#510 = CARTESIAN_POINT('',(3.9375,-10.24));
#511 = VECTOR('',#512,1.);
#512 = DIRECTION('',(1.,0.));
#513 = ( GEOMETRIC_REPRESENTATION_CONTEXT(2) 
PARAMETRIC_REPRESENTATION_CONTEXT() REPRESENTATION_CONTEXT('2D SPACE',''
  ) );
#514 = PCURVE('',#272,#515);
#515 = DEFINITIONAL_REPRESENTATION('',(#516),#520);
#516 = LINE('',#517,#518);
#517 = CARTESIAN_POINT('',(1.E-02,-3.9375));
#518 = VECTOR('',#519,1.);
#519 = DIRECTION('',(5.551115123126E-17,1.));
#520 = ( GEOMETRIC_REPRESENTATION_CONTEXT(2) 
PARAMETRIC_REPRESENTATION_CONTEXT() REPRESENTATION_CONTEXT('2D SPACE',''
  ) );
#521 = ORIENTED_EDGE('',*,*,#522,.T.);
#522 = EDGE_CURVE('',#500,#523,#525,.T.);
#523 = VERTEX_POINT('',#524);
#524 = CARTESIAN_POINT('',(7.665,3.15,12.875));
#525 = SURFACE_CURVE('',#526,(#530,#537),.PCURVE_S1.);
#526 = LINE('',#527,#528);
#527 = CARTESIAN_POINT('',(-2.585,3.15,12.875));
#528 = VECTOR('',#529,1.);
#529 = DIRECTION('',(1.,0.,5.551115123126E-17));
#530 = PCURVE('',#137,#531);
#531 = DEFINITIONAL_REPRESENTATION('',(#532),#536);
#532 = LINE('',#533,#534);
#533 = CARTESIAN_POINT('',(0.,0.));
#534 = VECTOR('',#535,1.);
#535 = DIRECTION('',(-5.551115123126E-17,-1.));
#536 = ( GEOMETRIC_REPRESENTATION_CONTEXT(2) 
PARAMETRIC_REPRESENTATION_CONTEXT() REPRESENTATION_CONTEXT('2D SPACE',''
  ) );
#537 = PCURVE('',#300,#538);
#538 = DEFINITIONAL_REPRESENTATION('',(#539),#543);
#539 = LINE('',#540,#541);
#540 = CARTESIAN_POINT('',(3.445,1.912359159917E-16));
#541 = VECTOR('',#542,1.);
#542 = DIRECTION('',(5.551115123126E-17,-1.));
#543 = ( GEOMETRIC_REPRESENTATION_CONTEXT(2) 
PARAMETRIC_REPRESENTATION_CONTEXT() REPRESENTATION_CONTEXT('2D SPACE',''
  ) );
#544 = ORIENTED_EDGE('',*,*,#545,.T.);
#545 = EDGE_CURVE('',#523,#546,#548,.T.);
#546 = VERTEX_POINT('',#547);
#547 = CARTESIAN_POINT('',(7.665,3.15,4.185));
#548 = SURFACE_CURVE('',#549,(#553,#560),.PCURVE_S1.);
#549 = LINE('',#550,#551);
#550 = CARTESIAN_POINT('',(7.665,3.15,12.875));
#551 = VECTOR('',#552,1.);
#552 = DIRECTION('',(0.,-5.551115123126E-17,-1.));
#553 = PCURVE('',#137,#554);
#554 = DEFINITIONAL_REPRESENTATION('',(#555),#559);
#555 = LINE('',#556,#557);
#556 = CARTESIAN_POINT('',(0.,-10.25));
#557 = VECTOR('',#558,1.);
#558 = DIRECTION('',(1.,0.));
#559 = ( GEOMETRIC_REPRESENTATION_CONTEXT(2) 
PARAMETRIC_REPRESENTATION_CONTEXT() REPRESENTATION_CONTEXT('2D SPACE',''
  ) );
#560 = PCURVE('',#327,#561);
#561 = DEFINITIONAL_REPRESENTATION('',(#562),#566);
#562 = LINE('',#563,#564);
#563 = CARTESIAN_POINT('',(9.19,-3.15));
#564 = VECTOR('',#565,1.);
#565 = DIRECTION('',(-1.,0.));
#566 = ( GEOMETRIC_REPRESENTATION_CONTEXT(2) 
PARAMETRIC_REPRESENTATION_CONTEXT() REPRESENTATION_CONTEXT('2D SPACE',''
  ) );
#567 = ORIENTED_EDGE('',*,*,#568,.F.);
#568 = EDGE_CURVE('',#94,#546,#569,.T.);
#569 = SURFACE_CURVE('',#570,(#574,#581),.PCURVE_S1.);
#570 = LINE('',#571,#572);
#571 = CARTESIAN_POINT('',(-2.585,3.15,4.185));
#572 = VECTOR('',#573,1.);
#573 = DIRECTION('',(1.,0.,5.551115123126E-17));
#574 = PCURVE('',#137,#575);
#575 = DEFINITIONAL_REPRESENTATION('',(#576),#580);
#576 = LINE('',#577,#578);
#577 = CARTESIAN_POINT('',(8.69,1.180292895977E-49));
#578 = VECTOR('',#579,1.);
#579 = DIRECTION('',(-5.551115123126E-17,-1.));
#580 = ( GEOMETRIC_REPRESENTATION_CONTEXT(2) 
PARAMETRIC_REPRESENTATION_CONTEXT() REPRESENTATION_CONTEXT('2D SPACE',''
  ) );
#581 = PCURVE('',#109,#582);
#582 = DEFINITIONAL_REPRESENTATION('',(#583),#587);
#583 = LINE('',#584,#585);
#584 = CARTESIAN_POINT('',(-0.,0.));
#585 = VECTOR('',#586,1.);
#586 = DIRECTION('',(-6.352713203627E-17,-1.));
#587 = ( GEOMETRIC_REPRESENTATION_CONTEXT(2) 
PARAMETRIC_REPRESENTATION_CONTEXT() REPRESENTATION_CONTEXT('2D SPACE',''
  ) );
#588 = ADVANCED_FACE('',(#589),#109,.T.);
#589 = FACE_BOUND('',#590,.T.);
#590 = EDGE_LOOP('',(#591,#592,#593,#614));
#591 = ORIENTED_EDGE('',*,*,#93,.F.);
#592 = ORIENTED_EDGE('',*,*,#568,.T.);
#593 = ORIENTED_EDGE('',*,*,#594,.T.);
#594 = EDGE_CURVE('',#546,#312,#595,.T.);
#595 = SURFACE_CURVE('',#596,(#600,#607),.PCURVE_S1.);
#596 = LINE('',#597,#598);
#597 = CARTESIAN_POINT('',(7.665,3.15,4.185));
#598 = VECTOR('',#599,1.);
#599 = DIRECTION('',(-5.482478518197E-17,-0.987635528464,-0.156767544201
    ));
#600 = PCURVE('',#109,#601);
#601 = DEFINITIONAL_REPRESENTATION('',(#602),#606);
#602 = LINE('',#603,#604);
#603 = CARTESIAN_POINT('',(-7.01191597784E-16,-10.25));
#604 = VECTOR('',#605,1.);
#605 = DIRECTION('',(1.,-3.08148791102E-33));
#606 = ( GEOMETRIC_REPRESENTATION_CONTEXT(2) 
PARAMETRIC_REPRESENTATION_CONTEXT() REPRESENTATION_CONTEXT('2D SPACE',''
  ) );
#607 = PCURVE('',#327,#608);
#608 = DEFINITIONAL_REPRESENTATION('',(#609),#613);
#609 = LINE('',#610,#611);
#610 = CARTESIAN_POINT('',(0.5,-3.15));
#611 = VECTOR('',#612,1.);
#612 = DIRECTION('',(-0.156767544201,0.987635528464));
#613 = ( GEOMETRIC_REPRESENTATION_CONTEXT(2) 
PARAMETRIC_REPRESENTATION_CONTEXT() REPRESENTATION_CONTEXT('2D SPACE',''
  ) );
#614 = ORIENTED_EDGE('',*,*,#338,.F.);
#615 = ADVANCED_FACE('',(#616),#327,.T.);
#616 = FACE_BOUND('',#617,.T.);
#617 = EDGE_LOOP('',(#618,#619,#620,#621));
#618 = ORIENTED_EDGE('',*,*,#311,.F.);
#619 = ORIENTED_EDGE('',*,*,#594,.F.);
#620 = ORIENTED_EDGE('',*,*,#545,.F.);
#621 = ORIENTED_EDGE('',*,*,#622,.F.);
#622 = EDGE_CURVE('',#285,#523,#623,.T.);
#623 = SURFACE_CURVE('',#624,(#628,#635),.PCURVE_S1.);
#624 = LINE('',#625,#626);
#625 = CARTESIAN_POINT('',(7.665,-0.295,12.875));
#626 = VECTOR('',#627,1.);
#627 = DIRECTION('',(5.551115123126E-17,1.,0.));
#628 = PCURVE('',#327,#629);
#629 = DEFINITIONAL_REPRESENTATION('',(#630),#634);
#630 = LINE('',#631,#632);
#631 = CARTESIAN_POINT('',(9.19,0.295));
#632 = VECTOR('',#633,1.);
#633 = DIRECTION('',(5.551115123126E-17,-1.));
#634 = ( GEOMETRIC_REPRESENTATION_CONTEXT(2) 
PARAMETRIC_REPRESENTATION_CONTEXT() REPRESENTATION_CONTEXT('2D SPACE',''
  ) );
#635 = PCURVE('',#300,#636);
#636 = DEFINITIONAL_REPRESENTATION('',(#637),#641);
#637 = LINE('',#638,#639);
#638 = CARTESIAN_POINT('',(5.689893001204E-16,-10.25));
#639 = VECTOR('',#640,1.);
#640 = DIRECTION('',(1.,1.010328408149E-62));
#641 = ( GEOMETRIC_REPRESENTATION_CONTEXT(2) 
PARAMETRIC_REPRESENTATION_CONTEXT() REPRESENTATION_CONTEXT('2D SPACE',''
  ) );
#642 = ADVANCED_FACE('',(#643),#300,.T.);
#643 = FACE_BOUND('',#644,.T.);
#644 = EDGE_LOOP('',(#645,#646,#647,#648));
#645 = ORIENTED_EDGE('',*,*,#284,.F.);
#646 = ORIENTED_EDGE('',*,*,#622,.T.);
#647 = ORIENTED_EDGE('',*,*,#522,.F.);
#648 = ORIENTED_EDGE('',*,*,#649,.F.);
#649 = EDGE_CURVE('',#257,#500,#650,.T.);
#650 = SURFACE_CURVE('',#651,(#655,#662),.PCURVE_S1.);
#651 = LINE('',#652,#653);
#652 = CARTESIAN_POINT('',(7.655,1.4325,12.875));
#653 = VECTOR('',#654,1.);
#654 = DIRECTION('',(0.,1.,-3.08148791102E-33));
#655 = PCURVE('',#300,#656);
#656 = DEFINITIONAL_REPRESENTATION('',(#657),#661);
#657 = LINE('',#658,#659);
#658 = CARTESIAN_POINT('',(1.7275,-10.24));
#659 = VECTOR('',#660,1.);
#660 = DIRECTION('',(1.,5.551115123126E-17));
#661 = ( GEOMETRIC_REPRESENTATION_CONTEXT(2) 
PARAMETRIC_REPRESENTATION_CONTEXT() REPRESENTATION_CONTEXT('2D SPACE',''
  ) );
#662 = PCURVE('',#272,#663);
#663 = DEFINITIONAL_REPRESENTATION('',(#664),#668);
#664 = LINE('',#665,#666);
#665 = CARTESIAN_POINT('',(1.7275,-7.875));
#666 = VECTOR('',#667,1.);
#667 = DIRECTION('',(-1.,3.08148791102E-33));
#668 = ( GEOMETRIC_REPRESENTATION_CONTEXT(2) 
PARAMETRIC_REPRESENTATION_CONTEXT() REPRESENTATION_CONTEXT('2D SPACE',''
  ) );
#669 = ADVANCED_FACE('',(#670),#216,.T.);
#670 = FACE_BOUND('',#671,.T.);
#671 = EDGE_LOOP('',(#672,#673,#674,#697,#725,#746));
#672 = ORIENTED_EDGE('',*,*,#399,.T.);
#673 = ORIENTED_EDGE('',*,*,#200,.F.);
#674 = ORIENTED_EDGE('',*,*,#675,.T.);
#675 = EDGE_CURVE('',#201,#676,#678,.T.);
#676 = VERTEX_POINT('',#677);
#677 = CARTESIAN_POINT('',(-2.575,3.16,18.775));
#678 = SURFACE_CURVE('',#679,(#683,#690),.PCURVE_S1.);
#679 = LINE('',#680,#681);
#680 = CARTESIAN_POINT('',(-2.575,1.89,18.775));
#681 = VECTOR('',#682,1.);
#682 = DIRECTION('',(0.,1.,0.));
#683 = PCURVE('',#216,#684);
#684 = DEFINITIONAL_REPRESENTATION('',(#685),#689);
#685 = LINE('',#686,#687);
#686 = CARTESIAN_POINT('',(0.,-13.775));
#687 = VECTOR('',#688,1.);
#688 = DIRECTION('',(1.,0.));
#689 = ( GEOMETRIC_REPRESENTATION_CONTEXT(2) 
PARAMETRIC_REPRESENTATION_CONTEXT() REPRESENTATION_CONTEXT('2D SPACE',''
  ) );
#690 = PCURVE('',#244,#691);
#691 = DEFINITIONAL_REPRESENTATION('',(#692),#696);
#692 = LINE('',#693,#694);
#693 = CARTESIAN_POINT('',(0.,-1.27));
#694 = VECTOR('',#695,1.);
#695 = DIRECTION('',(0.,1.));
#696 = ( GEOMETRIC_REPRESENTATION_CONTEXT(2) 
PARAMETRIC_REPRESENTATION_CONTEXT() REPRESENTATION_CONTEXT('2D SPACE',''
  ) );
#697 = ORIENTED_EDGE('',*,*,#698,.F.);
#698 = EDGE_CURVE('',#699,#676,#701,.T.);
#699 = VERTEX_POINT('',#700);
#700 = CARTESIAN_POINT('',(-2.575,3.16,5.));
#701 = SURFACE_CURVE('',#702,(#706,#713),.PCURVE_S1.);
#702 = LINE('',#703,#704);
#703 = CARTESIAN_POINT('',(-2.575,3.16,5.));
#704 = VECTOR('',#705,1.);
#705 = DIRECTION('',(0.,0.,1.));
#706 = PCURVE('',#216,#707);
#707 = DEFINITIONAL_REPRESENTATION('',(#708),#712);
#708 = LINE('',#709,#710);
#709 = CARTESIAN_POINT('',(1.27,0.));
#710 = VECTOR('',#711,1.);
#711 = DIRECTION('',(0.,-1.));
#712 = ( GEOMETRIC_REPRESENTATION_CONTEXT(2) 
PARAMETRIC_REPRESENTATION_CONTEXT() REPRESENTATION_CONTEXT('2D SPACE',''
  ) );
#713 = PCURVE('',#714,#719);
#714 = PLANE('',#715);
#715 = AXIS2_PLACEMENT_3D('',#716,#717,#718);
#716 = CARTESIAN_POINT('',(-2.575,3.16,5.));
#717 = DIRECTION('',(0.,1.,0.));
#718 = DIRECTION('',(1.,0.,0.));
#719 = DEFINITIONAL_REPRESENTATION('',(#720),#724);
#720 = LINE('',#721,#722);
#721 = CARTESIAN_POINT('',(0.,0.));
#722 = VECTOR('',#723,1.);
#723 = DIRECTION('',(0.,-1.));
#724 = ( GEOMETRIC_REPRESENTATION_CONTEXT(2) 
PARAMETRIC_REPRESENTATION_CONTEXT() REPRESENTATION_CONTEXT('2D SPACE',''
  ) );
#725 = ORIENTED_EDGE('',*,*,#726,.F.);
#726 = EDGE_CURVE('',#449,#699,#727,.T.);
#727 = SURFACE_CURVE('',#728,(#732,#739),.PCURVE_S1.);
#728 = LINE('',#729,#730);
#729 = CARTESIAN_POINT('',(-2.575,1.89,5.));
#730 = VECTOR('',#731,1.);
#731 = DIRECTION('',(0.,1.,0.));
#732 = PCURVE('',#216,#733);
#733 = DEFINITIONAL_REPRESENTATION('',(#734),#738);
#734 = LINE('',#735,#736);
#735 = CARTESIAN_POINT('',(0.,0.));
#736 = VECTOR('',#737,1.);
#737 = DIRECTION('',(1.,0.));
#738 = ( GEOMETRIC_REPRESENTATION_CONTEXT(2) 
PARAMETRIC_REPRESENTATION_CONTEXT() REPRESENTATION_CONTEXT('2D SPACE',''
  ) );
#739 = PCURVE('',#487,#740);
#740 = DEFINITIONAL_REPRESENTATION('',(#741),#745);
#741 = LINE('',#742,#743);
#742 = CARTESIAN_POINT('',(0.,-1.27));
#743 = VECTOR('',#744,1.);
#744 = DIRECTION('',(0.,1.));
#745 = ( GEOMETRIC_REPRESENTATION_CONTEXT(2) 
PARAMETRIC_REPRESENTATION_CONTEXT() REPRESENTATION_CONTEXT('2D SPACE',''
  ) );
#746 = ORIENTED_EDGE('',*,*,#448,.T.);
#747 = ADVANCED_FACE('',(#748),#487,.F.);
#748 = FACE_BOUND('',#749,.F.);
#749 = EDGE_LOOP('',(#750,#773,#774,#775));
#750 = ORIENTED_EDGE('',*,*,#751,.F.);
#751 = EDGE_CURVE('',#699,#752,#754,.T.);
#752 = VERTEX_POINT('',#753);
#753 = CARTESIAN_POINT('',(7.655,3.16,5.));
#754 = SURFACE_CURVE('',#755,(#759,#766),.PCURVE_S1.);
#755 = LINE('',#756,#757);
#756 = CARTESIAN_POINT('',(-2.575,3.16,5.));
#757 = VECTOR('',#758,1.);
#758 = DIRECTION('',(1.,0.,0.));
#759 = PCURVE('',#487,#760);
#760 = DEFINITIONAL_REPRESENTATION('',(#761),#765);
#761 = LINE('',#762,#763);
#762 = CARTESIAN_POINT('',(0.,0.));
#763 = VECTOR('',#764,1.);
#764 = DIRECTION('',(1.,0.));
#765 = ( GEOMETRIC_REPRESENTATION_CONTEXT(2) 
PARAMETRIC_REPRESENTATION_CONTEXT() REPRESENTATION_CONTEXT('2D SPACE',''
  ) );
#766 = PCURVE('',#714,#767);
#767 = DEFINITIONAL_REPRESENTATION('',(#768),#772);
#768 = LINE('',#769,#770);
#769 = CARTESIAN_POINT('',(0.,0.));
#770 = VECTOR('',#771,1.);
#771 = DIRECTION('',(1.,0.));
#772 = ( GEOMETRIC_REPRESENTATION_CONTEXT(2) 
PARAMETRIC_REPRESENTATION_CONTEXT() REPRESENTATION_CONTEXT('2D SPACE',''
  ) );
#773 = ORIENTED_EDGE('',*,*,#726,.F.);
#774 = ORIENTED_EDGE('',*,*,#471,.T.);
#775 = ORIENTED_EDGE('',*,*,#776,.F.);
#776 = EDGE_CURVE('',#752,#472,#777,.T.);
#777 = SURFACE_CURVE('',#778,(#782,#789),.PCURVE_S1.);
#778 = LINE('',#779,#780);
#779 = CARTESIAN_POINT('',(7.655,3.16,5.));
#780 = VECTOR('',#781,1.);
#781 = DIRECTION('',(0.,-1.,0.));
#782 = PCURVE('',#487,#783);
#783 = DEFINITIONAL_REPRESENTATION('',(#784),#788);
#784 = LINE('',#785,#786);
#785 = CARTESIAN_POINT('',(10.23,0.));
#786 = VECTOR('',#787,1.);
#787 = DIRECTION('',(0.,-1.));
#788 = ( GEOMETRIC_REPRESENTATION_CONTEXT(2) 
PARAMETRIC_REPRESENTATION_CONTEXT() REPRESENTATION_CONTEXT('2D SPACE',''
  ) );
#789 = PCURVE('',#272,#790);
#790 = DEFINITIONAL_REPRESENTATION('',(#791),#795);
#791 = LINE('',#792,#793);
#792 = CARTESIAN_POINT('',(0.,0.));
#793 = VECTOR('',#794,1.);
#794 = DIRECTION('',(1.,0.));
#795 = ( GEOMETRIC_REPRESENTATION_CONTEXT(2) 
PARAMETRIC_REPRESENTATION_CONTEXT() REPRESENTATION_CONTEXT('2D SPACE',''
  ) );
#796 = ADVANCED_FACE('',(#797),#272,.T.);
#797 = FACE_BOUND('',#798,.T.);
#798 = EDGE_LOOP('',(#799,#800,#823,#844,#845,#846));
#799 = ORIENTED_EDGE('',*,*,#776,.F.);
#800 = ORIENTED_EDGE('',*,*,#801,.T.);
#801 = EDGE_CURVE('',#752,#802,#804,.T.);
#802 = VERTEX_POINT('',#803);
#803 = CARTESIAN_POINT('',(7.655,3.16,18.775));
#804 = SURFACE_CURVE('',#805,(#809,#816),.PCURVE_S1.);
#805 = LINE('',#806,#807);
#806 = CARTESIAN_POINT('',(7.655,3.16,5.));
#807 = VECTOR('',#808,1.);
#808 = DIRECTION('',(0.,0.,1.));
#809 = PCURVE('',#272,#810);
#810 = DEFINITIONAL_REPRESENTATION('',(#811),#815);
#811 = LINE('',#812,#813);
#812 = CARTESIAN_POINT('',(0.,0.));
#813 = VECTOR('',#814,1.);
#814 = DIRECTION('',(0.,-1.));
#815 = ( GEOMETRIC_REPRESENTATION_CONTEXT(2) 
PARAMETRIC_REPRESENTATION_CONTEXT() REPRESENTATION_CONTEXT('2D SPACE',''
  ) );
#816 = PCURVE('',#714,#817);
#817 = DEFINITIONAL_REPRESENTATION('',(#818),#822);
#818 = LINE('',#819,#820);
#819 = CARTESIAN_POINT('',(10.23,0.));
#820 = VECTOR('',#821,1.);
#821 = DIRECTION('',(0.,-1.));
#822 = ( GEOMETRIC_REPRESENTATION_CONTEXT(2) 
PARAMETRIC_REPRESENTATION_CONTEXT() REPRESENTATION_CONTEXT('2D SPACE',''
  ) );
#823 = ORIENTED_EDGE('',*,*,#824,.T.);
#824 = EDGE_CURVE('',#802,#229,#825,.T.);
#825 = SURFACE_CURVE('',#826,(#830,#837),.PCURVE_S1.);
#826 = LINE('',#827,#828);
#827 = CARTESIAN_POINT('',(7.655,3.16,18.775));
#828 = VECTOR('',#829,1.);
#829 = DIRECTION('',(0.,-1.,0.));
#830 = PCURVE('',#272,#831);
#831 = DEFINITIONAL_REPRESENTATION('',(#832),#836);
#832 = LINE('',#833,#834);
#833 = CARTESIAN_POINT('',(0.,-13.775));
#834 = VECTOR('',#835,1.);
#835 = DIRECTION('',(1.,0.));
#836 = ( GEOMETRIC_REPRESENTATION_CONTEXT(2) 
PARAMETRIC_REPRESENTATION_CONTEXT() REPRESENTATION_CONTEXT('2D SPACE',''
  ) );
#837 = PCURVE('',#244,#838);
#838 = DEFINITIONAL_REPRESENTATION('',(#839),#843);
#839 = LINE('',#840,#841);
#840 = CARTESIAN_POINT('',(10.23,0.));
#841 = VECTOR('',#842,1.);
#842 = DIRECTION('',(0.,-1.));
#843 = ( GEOMETRIC_REPRESENTATION_CONTEXT(2) 
PARAMETRIC_REPRESENTATION_CONTEXT() REPRESENTATION_CONTEXT('2D SPACE',''
  ) );
#844 = ORIENTED_EDGE('',*,*,#256,.F.);
#845 = ORIENTED_EDGE('',*,*,#649,.T.);
#846 = ORIENTED_EDGE('',*,*,#499,.T.);
#847 = ADVANCED_FACE('',(#848),#244,.T.);
#848 = FACE_BOUND('',#849,.F.);
#849 = EDGE_LOOP('',(#850,#871,#872,#873));
#850 = ORIENTED_EDGE('',*,*,#851,.T.);
#851 = EDGE_CURVE('',#676,#802,#852,.T.);
#852 = SURFACE_CURVE('',#853,(#857,#864),.PCURVE_S1.);
#853 = LINE('',#854,#855);
#854 = CARTESIAN_POINT('',(-2.575,3.16,18.775));
#855 = VECTOR('',#856,1.);
#856 = DIRECTION('',(1.,0.,0.));
#857 = PCURVE('',#244,#858);
#858 = DEFINITIONAL_REPRESENTATION('',(#859),#863);
#859 = LINE('',#860,#861);
#860 = CARTESIAN_POINT('',(0.,0.));
#861 = VECTOR('',#862,1.);
#862 = DIRECTION('',(1.,0.));
#863 = ( GEOMETRIC_REPRESENTATION_CONTEXT(2) 
PARAMETRIC_REPRESENTATION_CONTEXT() REPRESENTATION_CONTEXT('2D SPACE',''
  ) );
#864 = PCURVE('',#714,#865);
#865 = DEFINITIONAL_REPRESENTATION('',(#866),#870);
#866 = LINE('',#867,#868);
#867 = CARTESIAN_POINT('',(0.,-13.775));
#868 = VECTOR('',#869,1.);
#869 = DIRECTION('',(1.,0.));
#870 = ( GEOMETRIC_REPRESENTATION_CONTEXT(2) 
PARAMETRIC_REPRESENTATION_CONTEXT() REPRESENTATION_CONTEXT('2D SPACE',''
  ) );
#871 = ORIENTED_EDGE('',*,*,#824,.T.);
#872 = ORIENTED_EDGE('',*,*,#228,.T.);
#873 = ORIENTED_EDGE('',*,*,#675,.T.);
#874 = ADVANCED_FACE('',(#875,#881),#714,.T.);
#875 = FACE_BOUND('',#876,.T.);
#876 = EDGE_LOOP('',(#877,#878,#879,#880));
#877 = ORIENTED_EDGE('',*,*,#698,.T.);
#878 = ORIENTED_EDGE('',*,*,#851,.T.);
#879 = ORIENTED_EDGE('',*,*,#801,.F.);
#880 = ORIENTED_EDGE('',*,*,#751,.F.);
#881 = FACE_BOUND('',#882,.T.);
#882 = EDGE_LOOP('',(#883));
#883 = ORIENTED_EDGE('',*,*,#884,.T.);
#884 = EDGE_CURVE('',#885,#885,#887,.T.);
#885 = VERTEX_POINT('',#886);
#886 = CARTESIAN_POINT('',(4.4075,3.16,16.005));
#887 = SURFACE_CURVE('',#888,(#893,#904),.PCURVE_S1.);
#888 = CIRCLE('',#889,1.8675);
#889 = AXIS2_PLACEMENT_3D('',#890,#891,#892);
#890 = CARTESIAN_POINT('',(2.54,3.16,16.005));
#891 = DIRECTION('',(0.,-1.,2.22044604925E-16));
#892 = DIRECTION('',(1.,0.,0.));
#893 = PCURVE('',#714,#894);
#894 = DEFINITIONAL_REPRESENTATION('',(#895),#903);
#895 = ( BOUNDED_CURVE() B_SPLINE_CURVE(2,(#896,#897,#898,#899,#900,#901
,#902),.UNSPECIFIED.,.T.,.F.) B_SPLINE_CURVE_WITH_KNOTS((1,2,2,2,2,1),(
    -2.094395102393,0.,2.094395102393,4.188790204786,6.28318530718,
8.377580409573),.UNSPECIFIED.) CURVE() GEOMETRIC_REPRESENTATION_ITEM() 
RATIONAL_B_SPLINE_CURVE((1.,0.5,1.,0.5,1.,0.5,1.)) REPRESENTATION_ITEM(
  '') );
#896 = CARTESIAN_POINT('',(6.9825,-11.005));
#897 = CARTESIAN_POINT('',(6.9825,-14.23960488313));
#898 = CARTESIAN_POINT('',(4.18125,-12.62230244156));
#899 = CARTESIAN_POINT('',(1.38,-11.005));
#900 = CARTESIAN_POINT('',(4.18125,-9.387697558433));
#901 = CARTESIAN_POINT('',(6.9825,-7.770395116865));
#902 = CARTESIAN_POINT('',(6.9825,-11.005));
#903 = ( GEOMETRIC_REPRESENTATION_CONTEXT(2) 
PARAMETRIC_REPRESENTATION_CONTEXT() REPRESENTATION_CONTEXT('2D SPACE',''
  ) );
#904 = PCURVE('',#382,#905);
#905 = DEFINITIONAL_REPRESENTATION('',(#906),#910);
#906 = LINE('',#907,#908);
#907 = CARTESIAN_POINT('',(0.,-1.27));
#908 = VECTOR('',#909,1.);
#909 = DIRECTION('',(1.,0.));
#910 = ( GEOMETRIC_REPRESENTATION_CONTEXT(2) 
PARAMETRIC_REPRESENTATION_CONTEXT() REPRESENTATION_CONTEXT('2D SPACE',''
  ) );
#911 = ADVANCED_FACE('',(#912),#382,.F.);
#912 = FACE_BOUND('',#913,.F.);
#913 = EDGE_LOOP('',(#914,#915,#936,#937));
#914 = ORIENTED_EDGE('',*,*,#361,.F.);
#915 = ORIENTED_EDGE('',*,*,#916,.T.);
#916 = EDGE_CURVE('',#362,#885,#917,.T.);
#917 = SEAM_CURVE('',#918,(#922,#929),.PCURVE_S1.);
#918 = LINE('',#919,#920);
#919 = CARTESIAN_POINT('',(4.4075,1.89,16.005));
#920 = VECTOR('',#921,1.);
#921 = DIRECTION('',(0.,1.,-2.22044604925E-16));
#922 = PCURVE('',#382,#923);
#923 = DEFINITIONAL_REPRESENTATION('',(#924),#928);
#924 = LINE('',#925,#926);
#925 = CARTESIAN_POINT('',(0.,0.));
#926 = VECTOR('',#927,1.);
#927 = DIRECTION('',(0.,-1.));
#928 = ( GEOMETRIC_REPRESENTATION_CONTEXT(2) 
PARAMETRIC_REPRESENTATION_CONTEXT() REPRESENTATION_CONTEXT('2D SPACE',''
  ) );
#929 = PCURVE('',#382,#930);
#930 = DEFINITIONAL_REPRESENTATION('',(#931),#935);
#931 = LINE('',#932,#933);
#932 = CARTESIAN_POINT('',(6.28318530718,0.));
#933 = VECTOR('',#934,1.);
#934 = DIRECTION('',(0.,-1.));
#935 = ( GEOMETRIC_REPRESENTATION_CONTEXT(2) 
PARAMETRIC_REPRESENTATION_CONTEXT() REPRESENTATION_CONTEXT('2D SPACE',''
  ) );
#936 = ORIENTED_EDGE('',*,*,#884,.T.);
#937 = ORIENTED_EDGE('',*,*,#916,.F.);
#938 = ( GEOMETRIC_REPRESENTATION_CONTEXT(3) 
GLOBAL_UNCERTAINTY_ASSIGNED_CONTEXT((#942)) GLOBAL_UNIT_ASSIGNED_CONTEXT
((#939,#940,#941)) REPRESENTATION_CONTEXT('Context #1',
  '3D Context with UNIT and UNCERTAINTY') );
#939 = ( LENGTH_UNIT() NAMED_UNIT(*) SI_UNIT(.MILLI.,.METRE.) );
#940 = ( NAMED_UNIT(*) PLANE_ANGLE_UNIT() SI_UNIT($,.RADIAN.) );
#941 = ( NAMED_UNIT(*) SI_UNIT($,.STERADIAN.) SOLID_ANGLE_UNIT() );
#942 = UNCERTAINTY_MEASURE_WITH_UNIT(LENGTH_MEASURE(1.E-07),#939,
  'distance_accuracy_value','confusion accuracy');
#943 = CONTEXT_DEPENDENT_SHAPE_REPRESENTATION(#944,#946);
#944 = ( REPRESENTATION_RELATIONSHIP('','',#52,#10) 
REPRESENTATION_RELATIONSHIP_WITH_TRANSFORMATION(#945) 
SHAPE_REPRESENTATION_RELATIONSHIP() );
#945 = ITEM_DEFINED_TRANSFORMATION('','',#11,#15);
#946 = PRODUCT_DEFINITION_SHAPE('Placement','Placement of an item',#947
  );
#947 = NEXT_ASSEMBLY_USAGE_OCCURRENCE('1','exposed_tab','',#5,#47,$);
#948 = PRODUCT_RELATED_PRODUCT_CATEGORY('part',$,(#49));
#949 = SHAPE_DEFINITION_REPRESENTATION(#950,#956);
#950 = PRODUCT_DEFINITION_SHAPE('','',#951);
#951 = PRODUCT_DEFINITION('design','',#952,#955);
#952 = PRODUCT_DEFINITION_FORMATION('','',#953);
#953 = PRODUCT('moulded_body','moulded_body','',(#954));
#954 = PRODUCT_CONTEXT('',#2,'mechanical');
#955 = PRODUCT_DEFINITION_CONTEXT('part definition',#2,'design');
#956 = ADVANCED_BREP_SHAPE_REPRESENTATION('',(#11,#957),#2817);
#957 = MANIFOLD_SOLID_BREP('',#958);
#958 = CLOSED_SHELL('',(#959,#1133,#1530,#1579,#1628,#1677,#1722,#1968,
    #2071,#2120,#2191,#2294,#2343,#2414,#2517,#2566,#2637,#2646,#2671,
    #2696,#2721,#2746,#2753,#2778,#2785,#2810));
#959 = ADVANCED_FACE('',(#960),#974,.F.);
#960 = FACE_BOUND('',#961,.F.);
#961 = EDGE_LOOP('',(#962,#997,#1025,#1051,#1079,#1107));
#962 = ORIENTED_EDGE('',*,*,#963,.F.);
#963 = EDGE_CURVE('',#964,#966,#968,.T.);
#964 = VERTEX_POINT('',#965);
#965 = CARTESIAN_POINT('',(-2.585,2.045585922872E-16,3.685));
#966 = VERTEX_POINT('',#967);
#967 = CARTESIAN_POINT('',(-2.585,-1.295,4.185));
#968 = SURFACE_CURVE('',#969,(#973,#985),.PCURVE_S1.);
#969 = LINE('',#970,#971);
#970 = CARTESIAN_POINT('',(-2.585,2.045585922872E-16,3.685));
#971 = VECTOR('',#972,1.);
#972 = DIRECTION('',(-5.178527991556E-17,-0.932880669324,0.360185586611)
  );
#973 = PCURVE('',#974,#979);
#974 = PLANE('',#975);
#975 = AXIS2_PLACEMENT_3D('',#976,#977,#978);
#976 = CARTESIAN_POINT('',(-2.585,2.045585922872E-16,3.685));
#977 = DIRECTION('',(1.,0.,5.551115123126E-17));
#978 = DIRECTION('',(-5.551115123126E-17,5.551115123126E-17,1.));
#979 = DEFINITIONAL_REPRESENTATION('',(#980),#984);
#980 = LINE('',#981,#982);
#981 = CARTESIAN_POINT('',(0.,0.));
#982 = VECTOR('',#983,1.);
#983 = DIRECTION('',(0.360185586611,0.932880669324));
#984 = ( GEOMETRIC_REPRESENTATION_CONTEXT(2) 
PARAMETRIC_REPRESENTATION_CONTEXT() REPRESENTATION_CONTEXT('2D SPACE',''
  ) );
#985 = PCURVE('',#986,#991);
#986 = PLANE('',#987);
#987 = AXIS2_PLACEMENT_3D('',#988,#989,#990);
#988 = CARTESIAN_POINT('',(-2.585,2.045585922872E-16,3.685));
#989 = DIRECTION('',(5.178527991556E-17,-0.360185586611,-0.932880669324)
  );
#990 = DIRECTION('',(-5.178527991556E-17,-0.932880669324,0.360185586611)
  );
#991 = DEFINITIONAL_REPRESENTATION('',(#992),#996);
#992 = LINE('',#993,#994);
#993 = CARTESIAN_POINT('',(0.,0.));
#994 = VECTOR('',#995,1.);
#995 = DIRECTION('',(1.,-1.232595164408E-32));
#996 = ( GEOMETRIC_REPRESENTATION_CONTEXT(2) 
PARAMETRIC_REPRESENTATION_CONTEXT() REPRESENTATION_CONTEXT('2D SPACE',''
  ) );
#997 = ORIENTED_EDGE('',*,*,#998,.F.);
#998 = EDGE_CURVE('',#999,#964,#1001,.T.);
#999 = VERTEX_POINT('',#1000);
#1000 = CARTESIAN_POINT('',(-2.585,1.89,3.985));
#1001 = SURFACE_CURVE('',#1002,(#1006,#1013),.PCURVE_S1.);
#1002 = LINE('',#1003,#1004);
#1003 = CARTESIAN_POINT('',(-2.585,3.15,4.185));
#1004 = VECTOR('',#1005,1.);
#1005 = DIRECTION('',(-5.482478518197E-17,-0.987635528464,
    -0.156767544201));
#1006 = PCURVE('',#974,#1007);
#1007 = DEFINITIONAL_REPRESENTATION('',(#1008),#1012);
#1008 = LINE('',#1009,#1010);
#1009 = CARTESIAN_POINT('',(0.5,-3.15));
#1010 = VECTOR('',#1011,1.);
#1011 = DIRECTION('',(-0.156767544201,0.987635528464));
#1012 = ( GEOMETRIC_REPRESENTATION_CONTEXT(2) 
PARAMETRIC_REPRESENTATION_CONTEXT() REPRESENTATION_CONTEXT('2D SPACE',''
  ) );
#1013 = PCURVE('',#1014,#1019);
#1014 = PLANE('',#1015);
#1015 = AXIS2_PLACEMENT_3D('',#1016,#1017,#1018);
#1016 = CARTESIAN_POINT('',(-2.585,3.15,4.185));
#1017 = DIRECTION('',(5.482478518197E-17,0.156767544201,-0.987635528464)
  );
#1018 = DIRECTION('',(-5.482478518197E-17,-0.987635528464,
    -0.156767544201));
#1019 = DEFINITIONAL_REPRESENTATION('',(#1020),#1024);
#1020 = LINE('',#1021,#1022);
#1021 = CARTESIAN_POINT('',(-0.,0.));
#1022 = VECTOR('',#1023,1.);
#1023 = DIRECTION('',(1.,-3.08148791102E-33));
#1024 = ( GEOMETRIC_REPRESENTATION_CONTEXT(2) 
PARAMETRIC_REPRESENTATION_CONTEXT() REPRESENTATION_CONTEXT('2D SPACE',''
  ) );
#1025 = ORIENTED_EDGE('',*,*,#1026,.T.);
#1026 = EDGE_CURVE('',#999,#1027,#1029,.T.);
#1027 = VERTEX_POINT('',#1028);
#1028 = CARTESIAN_POINT('',(-2.585,1.89,12.875));
#1029 = SURFACE_CURVE('',#1030,(#1034,#1040),.PCURVE_S1.);
#1030 = LINE('',#1031,#1032);
#1031 = CARTESIAN_POINT('',(-2.585,1.89,3.5925));
#1032 = VECTOR('',#1033,1.);
#1033 = DIRECTION('',(-5.551115123126E-17,0.,1.));
#1034 = PCURVE('',#974,#1035);
#1035 = DEFINITIONAL_REPRESENTATION('',(#1036),#1039);
#1036 = B_SPLINE_CURVE_WITH_KNOTS('',1,(#1037,#1038),.UNSPECIFIED.,.F.,
  .F.,(2,2),(9.249999999886E-02,9.2825),.PIECEWISE_BEZIER_KNOTS.);
#1037 = CARTESIAN_POINT('',(-1.13614673225E-12,-1.89));
#1038 = CARTESIAN_POINT('',(9.19,-1.89));
#1039 = ( GEOMETRIC_REPRESENTATION_CONTEXT(2) 
PARAMETRIC_REPRESENTATION_CONTEXT() REPRESENTATION_CONTEXT('2D SPACE',''
  ) );
#1040 = PCURVE('',#1041,#1046);
#1041 = PLANE('',#1042);
#1042 = AXIS2_PLACEMENT_3D('',#1043,#1044,#1045);
#1043 = CARTESIAN_POINT('',(-17.46,1.89,3.5));
#1044 = DIRECTION('',(0.,1.,0.));
#1045 = DIRECTION('',(0.,0.,1.));
#1046 = DEFINITIONAL_REPRESENTATION('',(#1047),#1050);
#1047 = B_SPLINE_CURVE_WITH_KNOTS('',1,(#1048,#1049),.UNSPECIFIED.,.F.,
  .F.,(2,2),(9.249999999886E-02,9.2825),.PIECEWISE_BEZIER_KNOTS.);
#1048 = CARTESIAN_POINT('',(0.184999999999,14.875));
#1049 = CARTESIAN_POINT('',(9.375,14.875));
#1050 = ( GEOMETRIC_REPRESENTATION_CONTEXT(2) 
PARAMETRIC_REPRESENTATION_CONTEXT() REPRESENTATION_CONTEXT('2D SPACE',''
  ) );
#1051 = ORIENTED_EDGE('',*,*,#1052,.F.);
#1052 = EDGE_CURVE('',#1053,#1027,#1055,.T.);
#1053 = VERTEX_POINT('',#1054);
#1054 = CARTESIAN_POINT('',(-2.585,-0.295,12.875));
#1055 = SURFACE_CURVE('',#1056,(#1060,#1067),.PCURVE_S1.);
#1056 = LINE('',#1057,#1058);
#1057 = CARTESIAN_POINT('',(-2.585,-0.295,12.875));
#1058 = VECTOR('',#1059,1.);
#1059 = DIRECTION('',(5.551115123126E-17,1.,0.));
#1060 = PCURVE('',#974,#1061);
#1061 = DEFINITIONAL_REPRESENTATION('',(#1062),#1066);
#1062 = LINE('',#1063,#1064);
#1063 = CARTESIAN_POINT('',(9.19,0.295));
#1064 = VECTOR('',#1065,1.);
#1065 = DIRECTION('',(5.551115123126E-17,-1.));
#1066 = ( GEOMETRIC_REPRESENTATION_CONTEXT(2) 
PARAMETRIC_REPRESENTATION_CONTEXT() REPRESENTATION_CONTEXT('2D SPACE',''
  ) );
#1067 = PCURVE('',#1068,#1073);
#1068 = PLANE('',#1069);
#1069 = AXIS2_PLACEMENT_3D('',#1070,#1071,#1072);
#1070 = CARTESIAN_POINT('',(-2.585,-0.295,12.875));
#1071 = DIRECTION('',(-5.551115123126E-17,3.08148791102E-33,1.));
#1072 = DIRECTION('',(5.551115123126E-17,1.,-1.820045856984E-46));
#1073 = DEFINITIONAL_REPRESENTATION('',(#1074),#1078);
#1074 = LINE('',#1075,#1076);
#1075 = CARTESIAN_POINT('',(0.,0.));
#1076 = VECTOR('',#1077,1.);
#1077 = DIRECTION('',(1.,1.010328408149E-62));
#1078 = ( GEOMETRIC_REPRESENTATION_CONTEXT(2) 
PARAMETRIC_REPRESENTATION_CONTEXT() REPRESENTATION_CONTEXT('2D SPACE',''
  ) );
#1079 = ORIENTED_EDGE('',*,*,#1080,.F.);
#1080 = EDGE_CURVE('',#1081,#1053,#1083,.T.);
#1081 = VERTEX_POINT('',#1082);
#1082 = CARTESIAN_POINT('',(-2.585,-1.295,11.875000000001));
#1083 = SURFACE_CURVE('',#1084,(#1088,#1095),.PCURVE_S1.);
#1084 = LINE('',#1085,#1086);
#1085 = CARTESIAN_POINT('',(-2.585,-1.295,11.875000000001));
#1086 = VECTOR('',#1087,1.);
#1087 = DIRECTION('',(3.925231146711E-17,0.707106781187,0.707106781186)
  );
#1088 = PCURVE('',#974,#1089);
#1089 = DEFINITIONAL_REPRESENTATION('',(#1090),#1094);
#1090 = LINE('',#1091,#1092);
#1091 = CARTESIAN_POINT('',(8.190000000001,1.295));
#1092 = VECTOR('',#1093,1.);
#1093 = DIRECTION('',(0.707106781186,-0.707106781187));
#1094 = ( GEOMETRIC_REPRESENTATION_CONTEXT(2) 
PARAMETRIC_REPRESENTATION_CONTEXT() REPRESENTATION_CONTEXT('2D SPACE',''
  ) );
#1095 = PCURVE('',#1096,#1101);
#1096 = PLANE('',#1097);
#1097 = AXIS2_PLACEMENT_3D('',#1098,#1099,#1100);
#1098 = CARTESIAN_POINT('',(-2.585,-1.295,11.875000000001));
#1099 = DIRECTION('',(-3.925231146711E-17,-0.707106781186,0.707106781187
    ));
#1100 = DIRECTION('',(3.925231146711E-17,0.707106781187,0.707106781186)
  );
#1101 = DEFINITIONAL_REPRESENTATION('',(#1102),#1106);
#1102 = LINE('',#1103,#1104);
#1103 = CARTESIAN_POINT('',(0.,0.));
#1104 = VECTOR('',#1105,1.);
#1105 = DIRECTION('',(1.,2.692669624817E-33));
#1106 = ( GEOMETRIC_REPRESENTATION_CONTEXT(2) 
PARAMETRIC_REPRESENTATION_CONTEXT() REPRESENTATION_CONTEXT('2D SPACE',''
  ) );
#1107 = ORIENTED_EDGE('',*,*,#1108,.F.);
#1108 = EDGE_CURVE('',#966,#1081,#1109,.T.);
#1109 = SURFACE_CURVE('',#1110,(#1114,#1121),.PCURVE_S1.);
#1110 = LINE('',#1111,#1112);
#1111 = CARTESIAN_POINT('',(-2.585,-1.295,4.185));
#1112 = VECTOR('',#1113,1.);
#1113 = DIRECTION('',(0.,5.551115123126E-17,1.));
#1114 = PCURVE('',#974,#1115);
#1115 = DEFINITIONAL_REPRESENTATION('',(#1116),#1120);
#1116 = LINE('',#1117,#1118);
#1117 = CARTESIAN_POINT('',(0.5,1.295));
#1118 = VECTOR('',#1119,1.);
#1119 = DIRECTION('',(1.,0.));
#1120 = ( GEOMETRIC_REPRESENTATION_CONTEXT(2) 
PARAMETRIC_REPRESENTATION_CONTEXT() REPRESENTATION_CONTEXT('2D SPACE',''
  ) );
#1121 = PCURVE('',#1122,#1127);
#1122 = PLANE('',#1123);
#1123 = AXIS2_PLACEMENT_3D('',#1124,#1125,#1126);
#1124 = CARTESIAN_POINT('',(-2.585,-1.295,4.185));
#1125 = DIRECTION('',(-3.08148791102E-33,-1.,5.551115123126E-17));
#1126 = DIRECTION('',(0.,5.551115123126E-17,1.));
#1127 = DEFINITIONAL_REPRESENTATION('',(#1128),#1132);
#1128 = LINE('',#1129,#1130);
#1129 = CARTESIAN_POINT('',(0.,0.));
#1130 = VECTOR('',#1131,1.);
#1131 = DIRECTION('',(1.,0.));
#1132 = ( GEOMETRIC_REPRESENTATION_CONTEXT(2) 
PARAMETRIC_REPRESENTATION_CONTEXT() REPRESENTATION_CONTEXT('2D SPACE',''
  ) );
#1133 = ADVANCED_FACE('',(#1134),#986,.T.);
#1134 = FACE_BOUND('',#1135,.T.);
#1135 = EDGE_LOOP('',(#1136,#1137,#1160,#1188,#1216,#1244,#1267,#1295,
    #1323,#1351,#1374,#1402,#1430,#1458,#1481,#1509));
#1136 = ORIENTED_EDGE('',*,*,#963,.F.);
#1137 = ORIENTED_EDGE('',*,*,#1138,.T.);
#1138 = EDGE_CURVE('',#964,#1139,#1141,.T.);
#1139 = VERTEX_POINT('',#1140);
#1140 = CARTESIAN_POINT('',(-0.73,2.045585922872E-16,3.685));
#1141 = SURFACE_CURVE('',#1142,(#1146,#1153),.PCURVE_S1.);
#1142 = LINE('',#1143,#1144);
#1143 = CARTESIAN_POINT('',(-2.585,2.045585922872E-16,3.685));
#1144 = VECTOR('',#1145,1.);
#1145 = DIRECTION('',(1.,0.,5.551115123126E-17));
#1146 = PCURVE('',#986,#1147);
#1147 = DEFINITIONAL_REPRESENTATION('',(#1148),#1152);
#1148 = LINE('',#1149,#1150);
#1149 = CARTESIAN_POINT('',(0.,0.));
#1150 = VECTOR('',#1151,1.);
#1151 = DIRECTION('',(-3.179096334587E-17,-1.));
#1152 = ( GEOMETRIC_REPRESENTATION_CONTEXT(2) 
PARAMETRIC_REPRESENTATION_CONTEXT() REPRESENTATION_CONTEXT('2D SPACE',''
  ) );
#1153 = PCURVE('',#1014,#1154);
#1154 = DEFINITIONAL_REPRESENTATION('',(#1155),#1159);
#1155 = LINE('',#1156,#1157);
#1156 = CARTESIAN_POINT('',(3.189435686763,-1.748601263785E-16));
#1157 = VECTOR('',#1158,1.);
#1158 = DIRECTION('',(-6.352713203627E-17,-1.));
#1159 = ( GEOMETRIC_REPRESENTATION_CONTEXT(2) 
PARAMETRIC_REPRESENTATION_CONTEXT() REPRESENTATION_CONTEXT('2D SPACE',''
  ) );
#1160 = ORIENTED_EDGE('',*,*,#1161,.T.);
#1161 = EDGE_CURVE('',#1139,#1162,#1164,.T.);
#1162 = VERTEX_POINT('',#1163);
#1163 = CARTESIAN_POINT('',(-0.73,-0.11655,3.73));
#1164 = SURFACE_CURVE('',#1165,(#1169,#1176),.PCURVE_S1.);
#1165 = LINE('',#1166,#1167);
#1166 = CARTESIAN_POINT('',(-0.73,0.106662228694,3.643817672319));
#1167 = VECTOR('',#1168,1.);
#1168 = DIRECTION('',(0.,-0.932880669324,0.360185586611));
#1169 = PCURVE('',#986,#1170);
#1170 = DEFINITIONAL_REPRESENTATION('',(#1171),#1175);
#1171 = LINE('',#1172,#1173);
#1172 = CARTESIAN_POINT('',(-0.114336412149,-1.855));
#1173 = VECTOR('',#1174,1.);
#1174 = DIRECTION('',(1.,-5.178527991556E-17));
#1175 = ( GEOMETRIC_REPRESENTATION_CONTEXT(2) 
PARAMETRIC_REPRESENTATION_CONTEXT() REPRESENTATION_CONTEXT('2D SPACE',''
  ) );
#1176 = PCURVE('',#1177,#1182);
#1177 = PLANE('',#1178);
#1178 = AXIS2_PLACEMENT_3D('',#1179,#1180,#1181);
#1179 = CARTESIAN_POINT('',(-0.73,0.2625,3.73));
#1180 = DIRECTION('',(1.,0.,0.));
#1181 = DIRECTION('',(0.,-3.330669073875E-16,-1.));
#1182 = DEFINITIONAL_REPRESENTATION('',(#1183),#1187);
#1183 = LINE('',#1184,#1185);
#1184 = CARTESIAN_POINT('',(8.6182327681E-02,-0.155837771306));
#1185 = VECTOR('',#1186,1.);
#1186 = DIRECTION('',(-0.360185586611,-0.932880669324));
#1187 = ( GEOMETRIC_REPRESENTATION_CONTEXT(2) 
PARAMETRIC_REPRESENTATION_CONTEXT() REPRESENTATION_CONTEXT('2D SPACE',''
  ) );
#1188 = ORIENTED_EDGE('',*,*,#1189,.T.);
#1189 = EDGE_CURVE('',#1162,#1190,#1192,.T.);
#1190 = VERTEX_POINT('',#1191);
#1191 = CARTESIAN_POINT('',(0.73,-0.11655,3.73));
#1192 = SURFACE_CURVE('',#1193,(#1197,#1204),.PCURVE_S1.);
#1193 = LINE('',#1194,#1195);
#1194 = CARTESIAN_POINT('',(-0.9275,-0.11655,3.73));
#1195 = VECTOR('',#1196,1.);
#1196 = DIRECTION('',(1.,1.43773881689E-16,-4.788632213724E-32));
#1197 = PCURVE('',#986,#1198);
#1198 = DEFINITIONAL_REPRESENTATION('',(#1199),#1203);
#1199 = LINE('',#1200,#1201);
#1200 = CARTESIAN_POINT('',(0.124935593407,-1.6575));
#1201 = VECTOR('',#1202,1.);
#1202 = DIRECTION('',(-1.859091548968E-16,-1.));
#1203 = ( GEOMETRIC_REPRESENTATION_CONTEXT(2) 
PARAMETRIC_REPRESENTATION_CONTEXT() REPRESENTATION_CONTEXT('2D SPACE',''
  ) );
#1204 = PCURVE('',#1205,#1210);
#1205 = PLANE('',#1206);
#1206 = AXIS2_PLACEMENT_3D('',#1207,#1208,#1209);
#1207 = CARTESIAN_POINT('',(0.73,0.2625,3.73));
#1208 = DIRECTION('',(0.,-3.330669073875E-16,-1.));
#1209 = DIRECTION('',(-1.,-0.,0.));
#1210 = DEFINITIONAL_REPRESENTATION('',(#1211),#1215);
#1211 = LINE('',#1212,#1213);
#1212 = CARTESIAN_POINT('',(1.6575,-0.37905));
#1213 = VECTOR('',#1214,1.);
#1214 = DIRECTION('',(-1.,1.43773881689E-16));
#1215 = ( GEOMETRIC_REPRESENTATION_CONTEXT(2) 
PARAMETRIC_REPRESENTATION_CONTEXT() REPRESENTATION_CONTEXT('2D SPACE',''
  ) );
#1216 = ORIENTED_EDGE('',*,*,#1217,.T.);
#1217 = EDGE_CURVE('',#1190,#1218,#1220,.T.);
#1218 = VERTEX_POINT('',#1219);
#1219 = CARTESIAN_POINT('',(0.73,2.045585922872E-16,3.685));
#1220 = SURFACE_CURVE('',#1221,(#1225,#1232),.PCURVE_S1.);
#1221 = LINE('',#1222,#1223);
#1222 = CARTESIAN_POINT('',(0.73,0.682499659449,3.421486617973));
#1223 = VECTOR('',#1224,1.);
#1224 = DIRECTION('',(0.,0.932880669324,-0.360185586611));
#1225 = PCURVE('',#986,#1226);
#1226 = DEFINITIONAL_REPRESENTATION('',(#1227),#1231);
#1227 = LINE('',#1228,#1229);
#1228 = CARTESIAN_POINT('',(-0.731604461205,-3.315));
#1229 = VECTOR('',#1230,1.);
#1230 = DIRECTION('',(-1.,5.178527991556E-17));
#1231 = ( GEOMETRIC_REPRESENTATION_CONTEXT(2) 
PARAMETRIC_REPRESENTATION_CONTEXT() REPRESENTATION_CONTEXT('2D SPACE',''
  ) );
#1232 = PCURVE('',#1233,#1238);
#1233 = PLANE('',#1234);
#1234 = AXIS2_PLACEMENT_3D('',#1235,#1236,#1237);
#1235 = CARTESIAN_POINT('',(0.73,0.2625,0.302499999998));
#1236 = DIRECTION('',(-1.,0.,0.));
#1237 = DIRECTION('',(0.,3.330669073875E-16,1.));
#1238 = DEFINITIONAL_REPRESENTATION('',(#1239),#1243);
#1239 = LINE('',#1240,#1241);
#1240 = CARTESIAN_POINT('',(3.118986617975,0.419999659449));
#1241 = VECTOR('',#1242,1.);
#1242 = DIRECTION('',(-0.360185586611,0.932880669324));
#1243 = ( GEOMETRIC_REPRESENTATION_CONTEXT(2) 
PARAMETRIC_REPRESENTATION_CONTEXT() REPRESENTATION_CONTEXT('2D SPACE',''
  ) );
#1244 = ORIENTED_EDGE('',*,*,#1245,.T.);
#1245 = EDGE_CURVE('',#1218,#1246,#1248,.T.);
#1246 = VERTEX_POINT('',#1247);
#1247 = CARTESIAN_POINT('',(1.81,2.045585922872E-16,3.685));
#1248 = SURFACE_CURVE('',#1249,(#1253,#1260),.PCURVE_S1.);
#1249 = LINE('',#1250,#1251);
#1250 = CARTESIAN_POINT('',(-2.585,2.045585922872E-16,3.685));
#1251 = VECTOR('',#1252,1.);
#1252 = DIRECTION('',(1.,0.,5.551115123126E-17));
#1253 = PCURVE('',#986,#1254);
#1254 = DEFINITIONAL_REPRESENTATION('',(#1255),#1259);
#1255 = LINE('',#1256,#1257);
#1256 = CARTESIAN_POINT('',(0.,0.));
#1257 = VECTOR('',#1258,1.);
#1258 = DIRECTION('',(-3.179096334587E-17,-1.));
#1259 = ( GEOMETRIC_REPRESENTATION_CONTEXT(2) 
PARAMETRIC_REPRESENTATION_CONTEXT() REPRESENTATION_CONTEXT('2D SPACE',''
  ) );
#1260 = PCURVE('',#1014,#1261);
#1261 = DEFINITIONAL_REPRESENTATION('',(#1262),#1266);
#1262 = LINE('',#1263,#1264);
#1263 = CARTESIAN_POINT('',(3.189435686763,-1.748601263785E-16));
#1264 = VECTOR('',#1265,1.);
#1265 = DIRECTION('',(-6.352713203627E-17,-1.));
#1266 = ( GEOMETRIC_REPRESENTATION_CONTEXT(2) 
PARAMETRIC_REPRESENTATION_CONTEXT() REPRESENTATION_CONTEXT('2D SPACE',''
  ) );
#1267 = ORIENTED_EDGE('',*,*,#1268,.T.);
#1268 = EDGE_CURVE('',#1246,#1269,#1271,.T.);
#1269 = VERTEX_POINT('',#1270);
#1270 = CARTESIAN_POINT('',(1.81,-0.11655,3.73));
#1271 = SURFACE_CURVE('',#1272,(#1276,#1283),.PCURVE_S1.);
#1272 = LINE('',#1273,#1274);
#1273 = CARTESIAN_POINT('',(1.81,0.106662228694,3.643817672319));
#1274 = VECTOR('',#1275,1.);
#1275 = DIRECTION('',(0.,-0.932880669324,0.360185586611));
#1276 = PCURVE('',#986,#1277);
#1277 = DEFINITIONAL_REPRESENTATION('',(#1278),#1282);
#1278 = LINE('',#1279,#1280);
#1279 = CARTESIAN_POINT('',(-0.114336412149,-4.395));
#1280 = VECTOR('',#1281,1.);
#1281 = DIRECTION('',(1.,-5.178527991556E-17));
#1282 = ( GEOMETRIC_REPRESENTATION_CONTEXT(2) 
PARAMETRIC_REPRESENTATION_CONTEXT() REPRESENTATION_CONTEXT('2D SPACE',''
  ) );
#1283 = PCURVE('',#1284,#1289);
#1284 = PLANE('',#1285);
#1285 = AXIS2_PLACEMENT_3D('',#1286,#1287,#1288);
#1286 = CARTESIAN_POINT('',(1.81,0.2625,3.73));
#1287 = DIRECTION('',(1.,0.,0.));
#1288 = DIRECTION('',(0.,-3.330669073875E-16,-1.));
#1289 = DEFINITIONAL_REPRESENTATION('',(#1290),#1294);
#1290 = LINE('',#1291,#1292);
#1291 = CARTESIAN_POINT('',(8.6182327681E-02,-0.155837771306));
#1292 = VECTOR('',#1293,1.);
#1293 = DIRECTION('',(-0.360185586611,-0.932880669324));
#1294 = ( GEOMETRIC_REPRESENTATION_CONTEXT(2) 
PARAMETRIC_REPRESENTATION_CONTEXT() REPRESENTATION_CONTEXT('2D SPACE',''
  ) );
#1295 = ORIENTED_EDGE('',*,*,#1296,.T.);
#1296 = EDGE_CURVE('',#1269,#1297,#1299,.T.);
#1297 = VERTEX_POINT('',#1298);
#1298 = CARTESIAN_POINT('',(3.27,-0.11655,3.73));
#1299 = SURFACE_CURVE('',#1300,(#1304,#1311),.PCURVE_S1.);
#1300 = LINE('',#1301,#1302);
#1301 = CARTESIAN_POINT('',(0.3425,-0.11655,3.73));
#1302 = VECTOR('',#1303,1.);
#1303 = DIRECTION('',(1.,1.43773881689E-16,-4.788632213724E-32));
#1304 = PCURVE('',#986,#1305);
#1305 = DEFINITIONAL_REPRESENTATION('',(#1306),#1310);
#1306 = LINE('',#1307,#1308);
#1307 = CARTESIAN_POINT('',(0.124935593407,-2.9275));
#1308 = VECTOR('',#1309,1.);
#1309 = DIRECTION('',(-1.859091548968E-16,-1.));
#1310 = ( GEOMETRIC_REPRESENTATION_CONTEXT(2) 
PARAMETRIC_REPRESENTATION_CONTEXT() REPRESENTATION_CONTEXT('2D SPACE',''
  ) );
#1311 = PCURVE('',#1312,#1317);
#1312 = PLANE('',#1313);
#1313 = AXIS2_PLACEMENT_3D('',#1314,#1315,#1316);
#1314 = CARTESIAN_POINT('',(3.27,0.2625,3.73));
#1315 = DIRECTION('',(0.,-3.330669073875E-16,-1.));
#1316 = DIRECTION('',(-1.,-0.,0.));
#1317 = DEFINITIONAL_REPRESENTATION('',(#1318),#1322);
#1318 = LINE('',#1319,#1320);
#1319 = CARTESIAN_POINT('',(2.9275,-0.37905));
#1320 = VECTOR('',#1321,1.);
#1321 = DIRECTION('',(-1.,1.43773881689E-16));
#1322 = ( GEOMETRIC_REPRESENTATION_CONTEXT(2) 
PARAMETRIC_REPRESENTATION_CONTEXT() REPRESENTATION_CONTEXT('2D SPACE',''
  ) );
#1323 = ORIENTED_EDGE('',*,*,#1324,.T.);
#1324 = EDGE_CURVE('',#1297,#1325,#1327,.T.);
#1325 = VERTEX_POINT('',#1326);
#1326 = CARTESIAN_POINT('',(3.27,2.045585922872E-16,3.685));
#1327 = SURFACE_CURVE('',#1328,(#1332,#1339),.PCURVE_S1.);
#1328 = LINE('',#1329,#1330);
#1329 = CARTESIAN_POINT('',(3.27,0.682499659449,3.421486617973));
#1330 = VECTOR('',#1331,1.);
#1331 = DIRECTION('',(0.,0.932880669324,-0.360185586611));
#1332 = PCURVE('',#986,#1333);
#1333 = DEFINITIONAL_REPRESENTATION('',(#1334),#1338);
#1334 = LINE('',#1335,#1336);
#1335 = CARTESIAN_POINT('',(-0.731604461205,-5.855));
#1336 = VECTOR('',#1337,1.);
#1337 = DIRECTION('',(-1.,5.178527991556E-17));
#1338 = ( GEOMETRIC_REPRESENTATION_CONTEXT(2) 
PARAMETRIC_REPRESENTATION_CONTEXT() REPRESENTATION_CONTEXT('2D SPACE',''
  ) );
#1339 = PCURVE('',#1340,#1345);
#1340 = PLANE('',#1341);
#1341 = AXIS2_PLACEMENT_3D('',#1342,#1343,#1344);
#1342 = CARTESIAN_POINT('',(3.27,0.2625,0.3025));
#1343 = DIRECTION('',(-1.,0.,0.));
#1344 = DIRECTION('',(0.,3.330669073875E-16,1.));
#1345 = DEFINITIONAL_REPRESENTATION('',(#1346),#1350);
#1346 = LINE('',#1347,#1348);
#1347 = CARTESIAN_POINT('',(3.118986617973,0.419999659449));
#1348 = VECTOR('',#1349,1.);
#1349 = DIRECTION('',(-0.360185586611,0.932880669324));
#1350 = ( GEOMETRIC_REPRESENTATION_CONTEXT(2) 
PARAMETRIC_REPRESENTATION_CONTEXT() REPRESENTATION_CONTEXT('2D SPACE',''
  ) );
#1351 = ORIENTED_EDGE('',*,*,#1352,.T.);
#1352 = EDGE_CURVE('',#1325,#1353,#1355,.T.);
#1353 = VERTEX_POINT('',#1354);
#1354 = CARTESIAN_POINT('',(4.35,2.045585922872E-16,3.685));
#1355 = SURFACE_CURVE('',#1356,(#1360,#1367),.PCURVE_S1.);
#1356 = LINE('',#1357,#1358);
#1357 = CARTESIAN_POINT('',(-2.585,2.045585922872E-16,3.685));
#1358 = VECTOR('',#1359,1.);
#1359 = DIRECTION('',(1.,0.,5.551115123126E-17));
#1360 = PCURVE('',#986,#1361);
#1361 = DEFINITIONAL_REPRESENTATION('',(#1362),#1366);
#1362 = LINE('',#1363,#1364);
#1363 = CARTESIAN_POINT('',(0.,0.));
#1364 = VECTOR('',#1365,1.);
#1365 = DIRECTION('',(-3.179096334587E-17,-1.));
#1366 = ( GEOMETRIC_REPRESENTATION_CONTEXT(2) 
PARAMETRIC_REPRESENTATION_CONTEXT() REPRESENTATION_CONTEXT('2D SPACE',''
  ) );
#1367 = PCURVE('',#1014,#1368);
#1368 = DEFINITIONAL_REPRESENTATION('',(#1369),#1373);
#1369 = LINE('',#1370,#1371);
#1370 = CARTESIAN_POINT('',(3.189435686763,-1.748601263785E-16));
#1371 = VECTOR('',#1372,1.);
#1372 = DIRECTION('',(-6.352713203627E-17,-1.));
#1373 = ( GEOMETRIC_REPRESENTATION_CONTEXT(2) 
PARAMETRIC_REPRESENTATION_CONTEXT() REPRESENTATION_CONTEXT('2D SPACE',''
  ) );
#1374 = ORIENTED_EDGE('',*,*,#1375,.T.);
#1375 = EDGE_CURVE('',#1353,#1376,#1378,.T.);
#1376 = VERTEX_POINT('',#1377);
#1377 = CARTESIAN_POINT('',(4.35,-0.11655,3.73));
#1378 = SURFACE_CURVE('',#1379,(#1383,#1390),.PCURVE_S1.);
#1379 = LINE('',#1380,#1381);
#1380 = CARTESIAN_POINT('',(4.35,0.106662228694,3.643817672319));
#1381 = VECTOR('',#1382,1.);
#1382 = DIRECTION('',(0.,-0.932880669324,0.360185586611));
#1383 = PCURVE('',#986,#1384);
#1384 = DEFINITIONAL_REPRESENTATION('',(#1385),#1389);
#1385 = LINE('',#1386,#1387);
#1386 = CARTESIAN_POINT('',(-0.114336412149,-6.935));
#1387 = VECTOR('',#1388,1.);
#1388 = DIRECTION('',(1.,-5.178527991556E-17));
#1389 = ( GEOMETRIC_REPRESENTATION_CONTEXT(2) 
PARAMETRIC_REPRESENTATION_CONTEXT() REPRESENTATION_CONTEXT('2D SPACE',''
  ) );
#1390 = PCURVE('',#1391,#1396);
#1391 = PLANE('',#1392);
#1392 = AXIS2_PLACEMENT_3D('',#1393,#1394,#1395);
#1393 = CARTESIAN_POINT('',(4.35,0.2625,3.73));
#1394 = DIRECTION('',(1.,0.,0.));
#1395 = DIRECTION('',(0.,-3.330669073875E-16,-1.));
#1396 = DEFINITIONAL_REPRESENTATION('',(#1397),#1401);
#1397 = LINE('',#1398,#1399);
#1398 = CARTESIAN_POINT('',(8.6182327681E-02,-0.155837771306));
#1399 = VECTOR('',#1400,1.);
#1400 = DIRECTION('',(-0.360185586611,-0.932880669324));
#1401 = ( GEOMETRIC_REPRESENTATION_CONTEXT(2) 
PARAMETRIC_REPRESENTATION_CONTEXT() REPRESENTATION_CONTEXT('2D SPACE',''
  ) );
#1402 = ORIENTED_EDGE('',*,*,#1403,.T.);
#1403 = EDGE_CURVE('',#1376,#1404,#1406,.T.);
#1404 = VERTEX_POINT('',#1405);
#1405 = CARTESIAN_POINT('',(5.81,-0.11655,3.73));
#1406 = SURFACE_CURVE('',#1407,(#1411,#1418),.PCURVE_S1.);
#1407 = LINE('',#1408,#1409);
#1408 = CARTESIAN_POINT('',(1.6125,-0.11655,3.73));
#1409 = VECTOR('',#1410,1.);
#1410 = DIRECTION('',(1.,1.43773881689E-16,-4.788632213724E-32));
#1411 = PCURVE('',#986,#1412);
#1412 = DEFINITIONAL_REPRESENTATION('',(#1413),#1417);
#1413 = LINE('',#1414,#1415);
#1414 = CARTESIAN_POINT('',(0.124935593407,-4.1975));
#1415 = VECTOR('',#1416,1.);
#1416 = DIRECTION('',(-1.859091548968E-16,-1.));
#1417 = ( GEOMETRIC_REPRESENTATION_CONTEXT(2) 
PARAMETRIC_REPRESENTATION_CONTEXT() REPRESENTATION_CONTEXT('2D SPACE',''
  ) );
#1418 = PCURVE('',#1419,#1424);
#1419 = PLANE('',#1420);
#1420 = AXIS2_PLACEMENT_3D('',#1421,#1422,#1423);
#1421 = CARTESIAN_POINT('',(5.81,0.2625,3.73));
#1422 = DIRECTION('',(0.,-3.330669073875E-16,-1.));
#1423 = DIRECTION('',(-1.,-0.,0.));
#1424 = DEFINITIONAL_REPRESENTATION('',(#1425),#1429);
#1425 = LINE('',#1426,#1427);
#1426 = CARTESIAN_POINT('',(4.1975,-0.37905));
#1427 = VECTOR('',#1428,1.);
#1428 = DIRECTION('',(-1.,1.43773881689E-16));
#1429 = ( GEOMETRIC_REPRESENTATION_CONTEXT(2) 
PARAMETRIC_REPRESENTATION_CONTEXT() REPRESENTATION_CONTEXT('2D SPACE',''
  ) );
#1430 = ORIENTED_EDGE('',*,*,#1431,.T.);
#1431 = EDGE_CURVE('',#1404,#1432,#1434,.T.);
#1432 = VERTEX_POINT('',#1433);
#1433 = CARTESIAN_POINT('',(5.81,2.045585922872E-16,3.685));
#1434 = SURFACE_CURVE('',#1435,(#1439,#1446),.PCURVE_S1.);
#1435 = LINE('',#1436,#1437);
#1436 = CARTESIAN_POINT('',(5.81,0.682499659449,3.421486617973));
#1437 = VECTOR('',#1438,1.);
#1438 = DIRECTION('',(0.,0.932880669324,-0.360185586611));
#1439 = PCURVE('',#986,#1440);
#1440 = DEFINITIONAL_REPRESENTATION('',(#1441),#1445);
#1441 = LINE('',#1442,#1443);
#1442 = CARTESIAN_POINT('',(-0.731604461205,-8.395));
#1443 = VECTOR('',#1444,1.);
#1444 = DIRECTION('',(-1.,5.178527991556E-17));
#1445 = ( GEOMETRIC_REPRESENTATION_CONTEXT(2) 
PARAMETRIC_REPRESENTATION_CONTEXT() REPRESENTATION_CONTEXT('2D SPACE',''
  ) );
#1446 = PCURVE('',#1447,#1452);
#1447 = PLANE('',#1448);
#1448 = AXIS2_PLACEMENT_3D('',#1449,#1450,#1451);
#1449 = CARTESIAN_POINT('',(5.81,0.2625,0.3025));
#1450 = DIRECTION('',(-1.,0.,0.));
#1451 = DIRECTION('',(0.,3.330669073875E-16,1.));
#1452 = DEFINITIONAL_REPRESENTATION('',(#1453),#1457);
#1453 = LINE('',#1454,#1455);
#1454 = CARTESIAN_POINT('',(3.118986617973,0.419999659449));
#1455 = VECTOR('',#1456,1.);
#1456 = DIRECTION('',(-0.360185586611,0.932880669324));
#1457 = ( GEOMETRIC_REPRESENTATION_CONTEXT(2) 
PARAMETRIC_REPRESENTATION_CONTEXT() REPRESENTATION_CONTEXT('2D SPACE',''
  ) );
#1458 = ORIENTED_EDGE('',*,*,#1459,.T.);
#1459 = EDGE_CURVE('',#1432,#1460,#1462,.T.);
#1460 = VERTEX_POINT('',#1461);
#1461 = CARTESIAN_POINT('',(7.665,2.045585922872E-16,3.685));
#1462 = SURFACE_CURVE('',#1463,(#1467,#1474),.PCURVE_S1.);
#1463 = LINE('',#1464,#1465);
#1464 = CARTESIAN_POINT('',(-2.585,2.045585922872E-16,3.685));
#1465 = VECTOR('',#1466,1.);
#1466 = DIRECTION('',(1.,0.,5.551115123126E-17));
#1467 = PCURVE('',#986,#1468);
#1468 = DEFINITIONAL_REPRESENTATION('',(#1469),#1473);
#1469 = LINE('',#1470,#1471);
#1470 = CARTESIAN_POINT('',(0.,0.));
#1471 = VECTOR('',#1472,1.);
#1472 = DIRECTION('',(-3.179096334587E-17,-1.));
#1473 = ( GEOMETRIC_REPRESENTATION_CONTEXT(2) 
PARAMETRIC_REPRESENTATION_CONTEXT() REPRESENTATION_CONTEXT('2D SPACE',''
  ) );
#1474 = PCURVE('',#1014,#1475);
#1475 = DEFINITIONAL_REPRESENTATION('',(#1476),#1480);
#1476 = LINE('',#1477,#1478);
#1477 = CARTESIAN_POINT('',(3.189435686763,-1.748601263785E-16));
#1478 = VECTOR('',#1479,1.);
#1479 = DIRECTION('',(-6.352713203627E-17,-1.));
#1480 = ( GEOMETRIC_REPRESENTATION_CONTEXT(2) 
PARAMETRIC_REPRESENTATION_CONTEXT() REPRESENTATION_CONTEXT('2D SPACE',''
  ) );
#1481 = ORIENTED_EDGE('',*,*,#1482,.T.);
#1482 = EDGE_CURVE('',#1460,#1483,#1485,.T.);
#1483 = VERTEX_POINT('',#1484);
#1484 = CARTESIAN_POINT('',(7.665,-1.295,4.185));
#1485 = SURFACE_CURVE('',#1486,(#1490,#1497),.PCURVE_S1.);
#1486 = LINE('',#1487,#1488);
#1487 = CARTESIAN_POINT('',(7.665,2.045585922872E-16,3.685));
#1488 = VECTOR('',#1489,1.);
#1489 = DIRECTION('',(-5.178527991556E-17,-0.932880669324,0.360185586611
    ));
#1490 = PCURVE('',#986,#1491);
#1491 = DEFINITIONAL_REPRESENTATION('',(#1492),#1496);
#1492 = LINE('',#1493,#1494);
#1493 = CARTESIAN_POINT('',(-5.491984894269E-16,-10.25));
#1494 = VECTOR('',#1495,1.);
#1495 = DIRECTION('',(1.,-1.232595164408E-32));
#1496 = ( GEOMETRIC_REPRESENTATION_CONTEXT(2) 
PARAMETRIC_REPRESENTATION_CONTEXT() REPRESENTATION_CONTEXT('2D SPACE',''
  ) );
#1497 = PCURVE('',#1498,#1503);
#1498 = PLANE('',#1499);
#1499 = AXIS2_PLACEMENT_3D('',#1500,#1501,#1502);
#1500 = CARTESIAN_POINT('',(7.665,2.045585922872E-16,3.685));
#1501 = DIRECTION('',(1.,0.,5.551115123126E-17));
#1502 = DIRECTION('',(-5.551115123126E-17,5.551115123126E-17,1.));
#1503 = DEFINITIONAL_REPRESENTATION('',(#1504),#1508);
#1504 = LINE('',#1505,#1506);
#1505 = CARTESIAN_POINT('',(0.,0.));
#1506 = VECTOR('',#1507,1.);
#1507 = DIRECTION('',(0.360185586611,0.932880669324));
#1508 = ( GEOMETRIC_REPRESENTATION_CONTEXT(2) 
PARAMETRIC_REPRESENTATION_CONTEXT() REPRESENTATION_CONTEXT('2D SPACE',''
  ) );
#1509 = ORIENTED_EDGE('',*,*,#1510,.F.);
#1510 = EDGE_CURVE('',#966,#1483,#1511,.T.);
#1511 = SURFACE_CURVE('',#1512,(#1516,#1523),.PCURVE_S1.);
#1512 = LINE('',#1513,#1514);
#1513 = CARTESIAN_POINT('',(-2.585,-1.295,4.185));
#1514 = VECTOR('',#1515,1.);
#1515 = DIRECTION('',(1.,0.,5.551115123126E-17));
#1516 = PCURVE('',#986,#1517);
#1517 = DEFINITIONAL_REPRESENTATION('',(#1518),#1522);
#1518 = LINE('',#1519,#1520);
#1519 = CARTESIAN_POINT('',(1.38817326008,-7.188694084452E-17));
#1520 = VECTOR('',#1521,1.);
#1521 = DIRECTION('',(-3.179096334587E-17,-1.));
#1522 = ( GEOMETRIC_REPRESENTATION_CONTEXT(2) 
PARAMETRIC_REPRESENTATION_CONTEXT() REPRESENTATION_CONTEXT('2D SPACE',''
  ) );
#1523 = PCURVE('',#1122,#1524);
#1524 = DEFINITIONAL_REPRESENTATION('',(#1525),#1529);
#1525 = LINE('',#1526,#1527);
#1526 = CARTESIAN_POINT('',(0.,0.));
#1527 = VECTOR('',#1528,1.);
#1528 = DIRECTION('',(5.551115123126E-17,-1.));
#1529 = ( GEOMETRIC_REPRESENTATION_CONTEXT(2) 
PARAMETRIC_REPRESENTATION_CONTEXT() REPRESENTATION_CONTEXT('2D SPACE',''
  ) );
#1530 = ADVANCED_FACE('',(#1531),#1122,.T.);
#1531 = FACE_BOUND('',#1532,.T.);
#1532 = EDGE_LOOP('',(#1533,#1534,#1557,#1578));
#1533 = ORIENTED_EDGE('',*,*,#1510,.T.);
#1534 = ORIENTED_EDGE('',*,*,#1535,.T.);
#1535 = EDGE_CURVE('',#1483,#1536,#1538,.T.);
#1536 = VERTEX_POINT('',#1537);
#1537 = CARTESIAN_POINT('',(7.665,-1.295,11.875000000001));
#1538 = SURFACE_CURVE('',#1539,(#1543,#1550),.PCURVE_S1.);
#1539 = LINE('',#1540,#1541);
#1540 = CARTESIAN_POINT('',(7.665,-1.295,4.185));
#1541 = VECTOR('',#1542,1.);
#1542 = DIRECTION('',(0.,5.551115123126E-17,1.));
#1543 = PCURVE('',#1122,#1544);
#1544 = DEFINITIONAL_REPRESENTATION('',(#1545),#1549);
#1545 = LINE('',#1546,#1547);
#1546 = CARTESIAN_POINT('',(0.,-10.25));
#1547 = VECTOR('',#1548,1.);
#1548 = DIRECTION('',(1.,0.));
#1549 = ( GEOMETRIC_REPRESENTATION_CONTEXT(2) 
PARAMETRIC_REPRESENTATION_CONTEXT() REPRESENTATION_CONTEXT('2D SPACE',''
  ) );
#1550 = PCURVE('',#1498,#1551);
#1551 = DEFINITIONAL_REPRESENTATION('',(#1552),#1556);
#1552 = LINE('',#1553,#1554);
#1553 = CARTESIAN_POINT('',(0.5,1.295));
#1554 = VECTOR('',#1555,1.);
#1555 = DIRECTION('',(1.,0.));
#1556 = ( GEOMETRIC_REPRESENTATION_CONTEXT(2) 
PARAMETRIC_REPRESENTATION_CONTEXT() REPRESENTATION_CONTEXT('2D SPACE',''
  ) );
#1557 = ORIENTED_EDGE('',*,*,#1558,.F.);
#1558 = EDGE_CURVE('',#1081,#1536,#1559,.T.);
#1559 = SURFACE_CURVE('',#1560,(#1564,#1571),.PCURVE_S1.);
#1560 = LINE('',#1561,#1562);
#1561 = CARTESIAN_POINT('',(-2.585,-1.295,11.875000000001));
#1562 = VECTOR('',#1563,1.);
#1563 = DIRECTION('',(1.,0.,5.551115123126E-17));
#1564 = PCURVE('',#1122,#1565);
#1565 = DEFINITIONAL_REPRESENTATION('',(#1566),#1570);
#1566 = LINE('',#1567,#1568);
#1567 = CARTESIAN_POINT('',(7.690000000001,5.302765184801E-50));
#1568 = VECTOR('',#1569,1.);
#1569 = DIRECTION('',(5.551115123126E-17,-1.));
#1570 = ( GEOMETRIC_REPRESENTATION_CONTEXT(2) 
PARAMETRIC_REPRESENTATION_CONTEXT() REPRESENTATION_CONTEXT('2D SPACE',''
  ) );
#1571 = PCURVE('',#1096,#1572);
#1572 = DEFINITIONAL_REPRESENTATION('',(#1573),#1577);
#1573 = LINE('',#1574,#1575);
#1574 = CARTESIAN_POINT('',(0.,0.));
#1575 = VECTOR('',#1576,1.);
#1576 = DIRECTION('',(7.850462293418E-17,-1.));
#1577 = ( GEOMETRIC_REPRESENTATION_CONTEXT(2) 
PARAMETRIC_REPRESENTATION_CONTEXT() REPRESENTATION_CONTEXT('2D SPACE',''
  ) );
#1578 = ORIENTED_EDGE('',*,*,#1108,.F.);
#1579 = ADVANCED_FACE('',(#1580),#1096,.T.);
#1580 = FACE_BOUND('',#1581,.T.);
#1581 = EDGE_LOOP('',(#1582,#1583,#1606,#1627));
#1582 = ORIENTED_EDGE('',*,*,#1558,.T.);
#1583 = ORIENTED_EDGE('',*,*,#1584,.T.);
#1584 = EDGE_CURVE('',#1536,#1585,#1587,.T.);
#1585 = VERTEX_POINT('',#1586);
#1586 = CARTESIAN_POINT('',(7.665,-0.295,12.875));
#1587 = SURFACE_CURVE('',#1588,(#1592,#1599),.PCURVE_S1.);
#1588 = LINE('',#1589,#1590);
#1589 = CARTESIAN_POINT('',(7.665,-1.295,11.875000000001));
#1590 = VECTOR('',#1591,1.);
#1591 = DIRECTION('',(3.925231146711E-17,0.707106781187,0.707106781186)
  );
#1592 = PCURVE('',#1096,#1593);
#1593 = DEFINITIONAL_REPRESENTATION('',(#1594),#1598);
#1594 = LINE('',#1595,#1596);
#1595 = CARTESIAN_POINT('',(2.453269466694E-16,-10.25));
#1596 = VECTOR('',#1597,1.);
#1597 = DIRECTION('',(1.,2.692669624817E-33));
#1598 = ( GEOMETRIC_REPRESENTATION_CONTEXT(2) 
PARAMETRIC_REPRESENTATION_CONTEXT() REPRESENTATION_CONTEXT('2D SPACE',''
  ) );
#1599 = PCURVE('',#1498,#1600);
#1600 = DEFINITIONAL_REPRESENTATION('',(#1601),#1605);
#1601 = LINE('',#1602,#1603);
#1602 = CARTESIAN_POINT('',(8.190000000001,1.295));
#1603 = VECTOR('',#1604,1.);
#1604 = DIRECTION('',(0.707106781186,-0.707106781187));
#1605 = ( GEOMETRIC_REPRESENTATION_CONTEXT(2) 
PARAMETRIC_REPRESENTATION_CONTEXT() REPRESENTATION_CONTEXT('2D SPACE',''
  ) );
#1606 = ORIENTED_EDGE('',*,*,#1607,.F.);
#1607 = EDGE_CURVE('',#1053,#1585,#1608,.T.);
#1608 = SURFACE_CURVE('',#1609,(#1613,#1620),.PCURVE_S1.);
#1609 = LINE('',#1610,#1611);
#1610 = CARTESIAN_POINT('',(-2.585,-0.295,12.875));
#1611 = VECTOR('',#1612,1.);
#1612 = DIRECTION('',(1.,0.,5.551115123126E-17));
#1613 = PCURVE('',#1096,#1614);
#1614 = DEFINITIONAL_REPRESENTATION('',(#1615),#1619);
#1615 = LINE('',#1616,#1617);
#1616 = CARTESIAN_POINT('',(1.414213562372,5.551115123126E-17));
#1617 = VECTOR('',#1618,1.);
#1618 = DIRECTION('',(7.850462293418E-17,-1.));
#1619 = ( GEOMETRIC_REPRESENTATION_CONTEXT(2) 
PARAMETRIC_REPRESENTATION_CONTEXT() REPRESENTATION_CONTEXT('2D SPACE',''
  ) );
#1620 = PCURVE('',#1068,#1621);
#1621 = DEFINITIONAL_REPRESENTATION('',(#1622),#1626);
#1622 = LINE('',#1623,#1624);
#1623 = CARTESIAN_POINT('',(0.,0.));
#1624 = VECTOR('',#1625,1.);
#1625 = DIRECTION('',(5.551115123126E-17,-1.));
#1626 = ( GEOMETRIC_REPRESENTATION_CONTEXT(2) 
PARAMETRIC_REPRESENTATION_CONTEXT() REPRESENTATION_CONTEXT('2D SPACE',''
  ) );
#1627 = ORIENTED_EDGE('',*,*,#1080,.F.);
#1628 = ADVANCED_FACE('',(#1629),#1068,.T.);
#1629 = FACE_BOUND('',#1630,.T.);
#1630 = EDGE_LOOP('',(#1631,#1632,#1633,#1656));
#1631 = ORIENTED_EDGE('',*,*,#1052,.F.);
#1632 = ORIENTED_EDGE('',*,*,#1607,.T.);
#1633 = ORIENTED_EDGE('',*,*,#1634,.T.);
#1634 = EDGE_CURVE('',#1585,#1635,#1637,.T.);
#1635 = VERTEX_POINT('',#1636);
#1636 = CARTESIAN_POINT('',(7.665,1.89,12.875));
#1637 = SURFACE_CURVE('',#1638,(#1642,#1649),.PCURVE_S1.);
#1638 = LINE('',#1639,#1640);
#1639 = CARTESIAN_POINT('',(7.665,-0.295,12.875));
#1640 = VECTOR('',#1641,1.);
#1641 = DIRECTION('',(5.551115123126E-17,1.,0.));
#1642 = PCURVE('',#1068,#1643);
#1643 = DEFINITIONAL_REPRESENTATION('',(#1644),#1648);
#1644 = LINE('',#1645,#1646);
#1645 = CARTESIAN_POINT('',(5.689893001204E-16,-10.25));
#1646 = VECTOR('',#1647,1.);
#1647 = DIRECTION('',(1.,1.010328408149E-62));
#1648 = ( GEOMETRIC_REPRESENTATION_CONTEXT(2) 
PARAMETRIC_REPRESENTATION_CONTEXT() REPRESENTATION_CONTEXT('2D SPACE',''
  ) );
#1649 = PCURVE('',#1498,#1650);
#1650 = DEFINITIONAL_REPRESENTATION('',(#1651),#1655);
#1651 = LINE('',#1652,#1653);
#1652 = CARTESIAN_POINT('',(9.19,0.295));
#1653 = VECTOR('',#1654,1.);
#1654 = DIRECTION('',(5.551115123126E-17,-1.));
#1655 = ( GEOMETRIC_REPRESENTATION_CONTEXT(2) 
PARAMETRIC_REPRESENTATION_CONTEXT() REPRESENTATION_CONTEXT('2D SPACE',''
  ) );
#1656 = ORIENTED_EDGE('',*,*,#1657,.T.);
#1657 = EDGE_CURVE('',#1635,#1027,#1658,.T.);
#1658 = SURFACE_CURVE('',#1659,(#1663,#1670),.PCURVE_S1.);
#1659 = LINE('',#1660,#1661);
#1660 = CARTESIAN_POINT('',(7.665,1.89,12.875));
#1661 = VECTOR('',#1662,1.);
#1662 = DIRECTION('',(-1.,0.,0.));
#1663 = PCURVE('',#1068,#1664);
#1664 = DEFINITIONAL_REPRESENTATION('',(#1665),#1669);
#1665 = LINE('',#1666,#1667);
#1666 = CARTESIAN_POINT('',(2.185,-10.25));
#1667 = VECTOR('',#1668,1.);
#1668 = DIRECTION('',(-5.551115123126E-17,1.));
#1669 = ( GEOMETRIC_REPRESENTATION_CONTEXT(2) 
PARAMETRIC_REPRESENTATION_CONTEXT() REPRESENTATION_CONTEXT('2D SPACE',''
  ) );
#1670 = PCURVE('',#1041,#1671);
#1671 = DEFINITIONAL_REPRESENTATION('',(#1672),#1676);
#1672 = LINE('',#1673,#1674);
#1673 = CARTESIAN_POINT('',(9.375,25.125));
#1674 = VECTOR('',#1675,1.);
#1675 = DIRECTION('',(0.,-1.));
#1676 = ( GEOMETRIC_REPRESENTATION_CONTEXT(2) 
PARAMETRIC_REPRESENTATION_CONTEXT() REPRESENTATION_CONTEXT('2D SPACE',''
  ) );
#1677 = ADVANCED_FACE('',(#1678),#1041,.T.);
#1678 = FACE_BOUND('',#1679,.T.);
#1679 = EDGE_LOOP('',(#1680,#1681,#1682,#1703));
#1680 = ORIENTED_EDGE('',*,*,#1026,.T.);
#1681 = ORIENTED_EDGE('',*,*,#1657,.F.);
#1682 = ORIENTED_EDGE('',*,*,#1683,.F.);
#1683 = EDGE_CURVE('',#1684,#1635,#1686,.T.);
#1684 = VERTEX_POINT('',#1685);
#1685 = CARTESIAN_POINT('',(7.665,1.89,3.985));
#1686 = SURFACE_CURVE('',#1687,(#1691,#1697),.PCURVE_S1.);
#1687 = LINE('',#1688,#1689);
#1688 = CARTESIAN_POINT('',(7.665,1.89,3.5925));
#1689 = VECTOR('',#1690,1.);
#1690 = DIRECTION('',(-5.551115123126E-17,0.,1.));
#1691 = PCURVE('',#1041,#1692);
#1692 = DEFINITIONAL_REPRESENTATION('',(#1693),#1696);
#1693 = B_SPLINE_CURVE_WITH_KNOTS('',1,(#1694,#1695),.UNSPECIFIED.,.F.,
  .F.,(2,2),(9.249999999886E-02,9.2825),.PIECEWISE_BEZIER_KNOTS.);
#1694 = CARTESIAN_POINT('',(0.184999999999,25.125));
#1695 = CARTESIAN_POINT('',(9.375,25.125));
#1696 = ( GEOMETRIC_REPRESENTATION_CONTEXT(2) 
PARAMETRIC_REPRESENTATION_CONTEXT() REPRESENTATION_CONTEXT('2D SPACE',''
  ) );
#1697 = PCURVE('',#1498,#1698);
#1698 = DEFINITIONAL_REPRESENTATION('',(#1699),#1702);
#1699 = B_SPLINE_CURVE_WITH_KNOTS('',1,(#1700,#1701),.UNSPECIFIED.,.F.,
  .F.,(2,2),(9.249999999886E-02,9.2825),.PIECEWISE_BEZIER_KNOTS.);
#1700 = CARTESIAN_POINT('',(-1.13614673225E-12,-1.89));
#1701 = CARTESIAN_POINT('',(9.19,-1.89));
#1702 = ( GEOMETRIC_REPRESENTATION_CONTEXT(2) 
PARAMETRIC_REPRESENTATION_CONTEXT() REPRESENTATION_CONTEXT('2D SPACE',''
  ) );
#1703 = ORIENTED_EDGE('',*,*,#1704,.F.);
#1704 = EDGE_CURVE('',#999,#1684,#1705,.T.);
#1705 = SURFACE_CURVE('',#1706,(#1710,#1716),.PCURVE_S1.);
#1706 = LINE('',#1707,#1708);
#1707 = CARTESIAN_POINT('',(-10.0225,1.89,3.985));
#1708 = VECTOR('',#1709,1.);
#1709 = DIRECTION('',(1.,-0.,5.551115123128E-17));
#1710 = PCURVE('',#1041,#1711);
#1711 = DEFINITIONAL_REPRESENTATION('',(#1712),#1715);
#1712 = B_SPLINE_CURVE_WITH_KNOTS('',1,(#1713,#1714),.UNSPECIFIED.,.F.,
  .F.,(2,2),(7.4375,17.6875),.PIECEWISE_BEZIER_KNOTS.);
#1713 = CARTESIAN_POINT('',(0.485,14.875));
#1714 = CARTESIAN_POINT('',(0.485,25.125));
#1715 = ( GEOMETRIC_REPRESENTATION_CONTEXT(2) 
PARAMETRIC_REPRESENTATION_CONTEXT() REPRESENTATION_CONTEXT('2D SPACE',''
  ) );
#1716 = PCURVE('',#1014,#1717);
#1717 = DEFINITIONAL_REPRESENTATION('',(#1718),#1721);
#1718 = B_SPLINE_CURVE_WITH_KNOTS('',1,(#1719,#1720),.UNSPECIFIED.,.F.,
  .F.,(2,2),(7.4375,17.6875),.PIECEWISE_BEZIER_KNOTS.);
#1719 = CARTESIAN_POINT('',(1.275774274705,0.));
#1720 = CARTESIAN_POINT('',(1.275774274705,-10.25));
#1721 = ( GEOMETRIC_REPRESENTATION_CONTEXT(2) 
PARAMETRIC_REPRESENTATION_CONTEXT() REPRESENTATION_CONTEXT('2D SPACE',''
  ) );
#1722 = ADVANCED_FACE('',(#1723),#1014,.T.);
#1723 = FACE_BOUND('',#1724,.T.);
#1724 = EDGE_LOOP('',(#1725,#1726,#1727,#1748,#1749,#1772,#1800,#1821,
    #1822,#1845,#1873,#1894,#1895,#1918,#1946,#1967));
#1725 = ORIENTED_EDGE('',*,*,#998,.F.);
#1726 = ORIENTED_EDGE('',*,*,#1704,.T.);
#1727 = ORIENTED_EDGE('',*,*,#1728,.T.);
#1728 = EDGE_CURVE('',#1684,#1460,#1729,.T.);
#1729 = SURFACE_CURVE('',#1730,(#1734,#1741),.PCURVE_S1.);
#1730 = LINE('',#1731,#1732);
#1731 = CARTESIAN_POINT('',(7.665,3.15,4.185));
#1732 = VECTOR('',#1733,1.);
#1733 = DIRECTION('',(-5.482478518197E-17,-0.987635528464,
    -0.156767544201));
#1734 = PCURVE('',#1014,#1735);
#1735 = DEFINITIONAL_REPRESENTATION('',(#1736),#1740);
#1736 = LINE('',#1737,#1738);
#1737 = CARTESIAN_POINT('',(-7.01191597784E-16,-10.25));
#1738 = VECTOR('',#1739,1.);
#1739 = DIRECTION('',(1.,-3.08148791102E-33));
#1740 = ( GEOMETRIC_REPRESENTATION_CONTEXT(2) 
PARAMETRIC_REPRESENTATION_CONTEXT() REPRESENTATION_CONTEXT('2D SPACE',''
  ) );
#1741 = PCURVE('',#1498,#1742);
#1742 = DEFINITIONAL_REPRESENTATION('',(#1743),#1747);
#1743 = LINE('',#1744,#1745);
#1744 = CARTESIAN_POINT('',(0.5,-3.15));
#1745 = VECTOR('',#1746,1.);
#1746 = DIRECTION('',(-0.156767544201,0.987635528464));
#1747 = ( GEOMETRIC_REPRESENTATION_CONTEXT(2) 
PARAMETRIC_REPRESENTATION_CONTEXT() REPRESENTATION_CONTEXT('2D SPACE',''
  ) );
#1748 = ORIENTED_EDGE('',*,*,#1459,.F.);
#1749 = ORIENTED_EDGE('',*,*,#1750,.T.);
#1750 = EDGE_CURVE('',#1432,#1751,#1753,.T.);
#1751 = VERTEX_POINT('',#1752);
#1752 = CARTESIAN_POINT('',(5.81,0.2625,3.726666666667));
#1753 = SURFACE_CURVE('',#1754,(#1758,#1765),.PCURVE_S1.);
#1754 = LINE('',#1755,#1756);
#1755 = CARTESIAN_POINT('',(5.81,1.441169513394,3.913757065618));
#1756 = VECTOR('',#1757,1.);
#1757 = DIRECTION('',(0.,0.987635528464,0.156767544201));
#1758 = PCURVE('',#1014,#1759);
#1759 = DEFINITIONAL_REPRESENTATION('',(#1760),#1764);
#1760 = LINE('',#1761,#1762);
#1761 = CARTESIAN_POINT('',(1.7302237894,-8.395));
#1762 = VECTOR('',#1763,1.);
#1763 = DIRECTION('',(-1.,5.482478518197E-17));
#1764 = ( GEOMETRIC_REPRESENTATION_CONTEXT(2) 
PARAMETRIC_REPRESENTATION_CONTEXT() REPRESENTATION_CONTEXT('2D SPACE',''
  ) );
#1765 = PCURVE('',#1447,#1766);
#1766 = DEFINITIONAL_REPRESENTATION('',(#1767),#1771);
#1767 = LINE('',#1768,#1769);
#1768 = CARTESIAN_POINT('',(3.611257065618,1.178669513394));
#1769 = VECTOR('',#1770,1.);
#1770 = DIRECTION('',(0.156767544201,0.987635528464));
#1771 = ( GEOMETRIC_REPRESENTATION_CONTEXT(2) 
PARAMETRIC_REPRESENTATION_CONTEXT() REPRESENTATION_CONTEXT('2D SPACE',''
  ) );
#1772 = ORIENTED_EDGE('',*,*,#1773,.T.);
#1773 = EDGE_CURVE('',#1751,#1774,#1776,.T.);
#1774 = VERTEX_POINT('',#1775);
#1775 = CARTESIAN_POINT('',(4.35,0.2625,3.726666666667));
#1776 = SURFACE_CURVE('',#1777,(#1781,#1788),.PCURVE_S1.);
#1777 = LINE('',#1778,#1779);
#1778 = CARTESIAN_POINT('',(0.8825,0.2625,3.726666666667));
#1779 = VECTOR('',#1780,1.);
#1780 = DIRECTION('',(-1.,-1.848892746612E-32,-5.551115123126E-17));
#1781 = PCURVE('',#1014,#1782);
#1782 = DEFINITIONAL_REPRESENTATION('',(#1783),#1787);
#1783 = LINE('',#1784,#1785);
#1784 = CARTESIAN_POINT('',(2.923649379533,-3.4675));
#1785 = VECTOR('',#1786,1.);
#1786 = DIRECTION('',(6.352713203627E-17,1.));
#1787 = ( GEOMETRIC_REPRESENTATION_CONTEXT(2) 
PARAMETRIC_REPRESENTATION_CONTEXT() REPRESENTATION_CONTEXT('2D SPACE',''
  ) );
#1788 = PCURVE('',#1789,#1794);
#1789 = PLANE('',#1790);
#1790 = AXIS2_PLACEMENT_3D('',#1791,#1792,#1793);
#1791 = CARTESIAN_POINT('',(4.35,0.2625,0.3025));
#1792 = DIRECTION('',(0.,-1.,3.330669073875E-16));
#1793 = DIRECTION('',(0.,-3.330669073875E-16,-1.));
#1794 = DEFINITIONAL_REPRESENTATION('',(#1795),#1799);
#1795 = LINE('',#1796,#1797);
#1796 = CARTESIAN_POINT('',(-3.424166666667,-3.4675));
#1797 = VECTOR('',#1798,1.);
#1798 = DIRECTION('',(5.551115123126E-17,-1.));
#1799 = ( GEOMETRIC_REPRESENTATION_CONTEXT(2) 
PARAMETRIC_REPRESENTATION_CONTEXT() REPRESENTATION_CONTEXT('2D SPACE',''
  ) );
#1800 = ORIENTED_EDGE('',*,*,#1801,.T.);
#1801 = EDGE_CURVE('',#1774,#1353,#1802,.T.);
#1802 = SURFACE_CURVE('',#1803,(#1807,#1814),.PCURVE_S1.);
#1803 = LINE('',#1804,#1805);
#1804 = CARTESIAN_POINT('',(4.35,1.706508048661,3.955874293438));
#1805 = VECTOR('',#1806,1.);
#1806 = DIRECTION('',(0.,-0.987635528464,-0.156767544201));
#1807 = PCURVE('',#1014,#1808);
#1808 = DEFINITIONAL_REPRESENTATION('',(#1809),#1813);
#1809 = LINE('',#1810,#1811);
#1810 = CARTESIAN_POINT('',(1.461563410526,-6.935));
#1811 = VECTOR('',#1812,1.);
#1812 = DIRECTION('',(1.,-5.482478518197E-17));
#1813 = ( GEOMETRIC_REPRESENTATION_CONTEXT(2) 
PARAMETRIC_REPRESENTATION_CONTEXT() REPRESENTATION_CONTEXT('2D SPACE',''
  ) );
#1814 = PCURVE('',#1391,#1815);
#1815 = DEFINITIONAL_REPRESENTATION('',(#1816),#1820);
#1816 = LINE('',#1817,#1818);
#1817 = CARTESIAN_POINT('',(-0.225874293438,1.444008048661));
#1818 = VECTOR('',#1819,1.);
#1819 = DIRECTION('',(0.156767544201,-0.987635528464));
#1820 = ( GEOMETRIC_REPRESENTATION_CONTEXT(2) 
PARAMETRIC_REPRESENTATION_CONTEXT() REPRESENTATION_CONTEXT('2D SPACE',''
  ) );
#1821 = ORIENTED_EDGE('',*,*,#1352,.F.);
#1822 = ORIENTED_EDGE('',*,*,#1823,.T.);
#1823 = EDGE_CURVE('',#1325,#1824,#1826,.T.);
#1824 = VERTEX_POINT('',#1825);
#1825 = CARTESIAN_POINT('',(3.27,0.2625,3.726666666667));
#1826 = SURFACE_CURVE('',#1827,(#1831,#1838),.PCURVE_S1.);
#1827 = LINE('',#1828,#1829);
#1828 = CARTESIAN_POINT('',(3.27,1.441169513394,3.913757065618));
#1829 = VECTOR('',#1830,1.);
#1830 = DIRECTION('',(0.,0.987635528464,0.156767544201));
#1831 = PCURVE('',#1014,#1832);
#1832 = DEFINITIONAL_REPRESENTATION('',(#1833),#1837);
#1833 = LINE('',#1834,#1835);
#1834 = CARTESIAN_POINT('',(1.7302237894,-5.855));
#1835 = VECTOR('',#1836,1.);
#1836 = DIRECTION('',(-1.,5.482478518197E-17));
#1837 = ( GEOMETRIC_REPRESENTATION_CONTEXT(2) 
PARAMETRIC_REPRESENTATION_CONTEXT() REPRESENTATION_CONTEXT('2D SPACE',''
  ) );
#1838 = PCURVE('',#1340,#1839);
#1839 = DEFINITIONAL_REPRESENTATION('',(#1840),#1844);
#1840 = LINE('',#1841,#1842);
#1841 = CARTESIAN_POINT('',(3.611257065618,1.178669513394));
#1842 = VECTOR('',#1843,1.);
#1843 = DIRECTION('',(0.156767544201,0.987635528464));
#1844 = ( GEOMETRIC_REPRESENTATION_CONTEXT(2) 
PARAMETRIC_REPRESENTATION_CONTEXT() REPRESENTATION_CONTEXT('2D SPACE',''
  ) );
#1845 = ORIENTED_EDGE('',*,*,#1846,.T.);
#1846 = EDGE_CURVE('',#1824,#1847,#1849,.T.);
#1847 = VERTEX_POINT('',#1848);
#1848 = CARTESIAN_POINT('',(1.81,0.2625,3.726666666667));
#1849 = SURFACE_CURVE('',#1850,(#1854,#1861),.PCURVE_S1.);
#1850 = LINE('',#1851,#1852);
#1851 = CARTESIAN_POINT('',(-0.3875,0.2625,3.726666666667));
#1852 = VECTOR('',#1853,1.);
#1853 = DIRECTION('',(-1.,-1.848892746612E-32,-5.551115123126E-17));
#1854 = PCURVE('',#1014,#1855);
#1855 = DEFINITIONAL_REPRESENTATION('',(#1856),#1860);
#1856 = LINE('',#1857,#1858);
#1857 = CARTESIAN_POINT('',(2.923649379533,-2.1975));
#1858 = VECTOR('',#1859,1.);
#1859 = DIRECTION('',(6.352713203627E-17,1.));
#1860 = ( GEOMETRIC_REPRESENTATION_CONTEXT(2) 
PARAMETRIC_REPRESENTATION_CONTEXT() REPRESENTATION_CONTEXT('2D SPACE',''
  ) );
#1861 = PCURVE('',#1862,#1867);
#1862 = PLANE('',#1863);
#1863 = AXIS2_PLACEMENT_3D('',#1864,#1865,#1866);
#1864 = CARTESIAN_POINT('',(1.81,0.2625,0.3025));
#1865 = DIRECTION('',(0.,-1.,3.330669073875E-16));
#1866 = DIRECTION('',(0.,-3.330669073875E-16,-1.));
#1867 = DEFINITIONAL_REPRESENTATION('',(#1868),#1872);
#1868 = LINE('',#1869,#1870);
#1869 = CARTESIAN_POINT('',(-3.424166666667,-2.1975));
#1870 = VECTOR('',#1871,1.);
#1871 = DIRECTION('',(5.551115123126E-17,-1.));
#1872 = ( GEOMETRIC_REPRESENTATION_CONTEXT(2) 
PARAMETRIC_REPRESENTATION_CONTEXT() REPRESENTATION_CONTEXT('2D SPACE',''
  ) );
#1873 = ORIENTED_EDGE('',*,*,#1874,.T.);
#1874 = EDGE_CURVE('',#1847,#1246,#1875,.T.);
#1875 = SURFACE_CURVE('',#1876,(#1880,#1887),.PCURVE_S1.);
#1876 = LINE('',#1877,#1878);
#1877 = CARTESIAN_POINT('',(1.81,1.706508048661,3.955874293438));
#1878 = VECTOR('',#1879,1.);
#1879 = DIRECTION('',(0.,-0.987635528464,-0.156767544201));
#1880 = PCURVE('',#1014,#1881);
#1881 = DEFINITIONAL_REPRESENTATION('',(#1882),#1886);
#1882 = LINE('',#1883,#1884);
#1883 = CARTESIAN_POINT('',(1.461563410526,-4.395));
#1884 = VECTOR('',#1885,1.);
#1885 = DIRECTION('',(1.,-5.482478518197E-17));
#1886 = ( GEOMETRIC_REPRESENTATION_CONTEXT(2) 
PARAMETRIC_REPRESENTATION_CONTEXT() REPRESENTATION_CONTEXT('2D SPACE',''
  ) );
#1887 = PCURVE('',#1284,#1888);
#1888 = DEFINITIONAL_REPRESENTATION('',(#1889),#1893);
#1889 = LINE('',#1890,#1891);
#1890 = CARTESIAN_POINT('',(-0.225874293438,1.444008048661));
#1891 = VECTOR('',#1892,1.);
#1892 = DIRECTION('',(0.156767544201,-0.987635528464));
#1893 = ( GEOMETRIC_REPRESENTATION_CONTEXT(2) 
PARAMETRIC_REPRESENTATION_CONTEXT() REPRESENTATION_CONTEXT('2D SPACE',''
  ) );
#1894 = ORIENTED_EDGE('',*,*,#1245,.F.);
#1895 = ORIENTED_EDGE('',*,*,#1896,.T.);
#1896 = EDGE_CURVE('',#1218,#1897,#1899,.T.);
#1897 = VERTEX_POINT('',#1898);
#1898 = CARTESIAN_POINT('',(0.73,0.2625,3.726666666667));
#1899 = SURFACE_CURVE('',#1900,(#1904,#1911),.PCURVE_S1.);
#1900 = LINE('',#1901,#1902);
#1901 = CARTESIAN_POINT('',(0.73,1.441169513394,3.913757065618));
#1902 = VECTOR('',#1903,1.);
#1903 = DIRECTION('',(0.,0.987635528464,0.156767544201));
#1904 = PCURVE('',#1014,#1905);
#1905 = DEFINITIONAL_REPRESENTATION('',(#1906),#1910);
#1906 = LINE('',#1907,#1908);
#1907 = CARTESIAN_POINT('',(1.7302237894,-3.315));
#1908 = VECTOR('',#1909,1.);
#1909 = DIRECTION('',(-1.,5.482478518197E-17));
#1910 = ( GEOMETRIC_REPRESENTATION_CONTEXT(2) 
PARAMETRIC_REPRESENTATION_CONTEXT() REPRESENTATION_CONTEXT('2D SPACE',''
  ) );
#1911 = PCURVE('',#1233,#1912);
#1912 = DEFINITIONAL_REPRESENTATION('',(#1913),#1917);
#1913 = LINE('',#1914,#1915);
#1914 = CARTESIAN_POINT('',(3.61125706562,1.178669513394));
#1915 = VECTOR('',#1916,1.);
#1916 = DIRECTION('',(0.156767544201,0.987635528464));
#1917 = ( GEOMETRIC_REPRESENTATION_CONTEXT(2) 
PARAMETRIC_REPRESENTATION_CONTEXT() REPRESENTATION_CONTEXT('2D SPACE',''
  ) );
#1918 = ORIENTED_EDGE('',*,*,#1919,.T.);
#1919 = EDGE_CURVE('',#1897,#1920,#1922,.T.);
#1920 = VERTEX_POINT('',#1921);
#1921 = CARTESIAN_POINT('',(-0.73,0.2625,3.726666666667));
#1922 = SURFACE_CURVE('',#1923,(#1927,#1934),.PCURVE_S1.);
#1923 = LINE('',#1924,#1925);
#1924 = CARTESIAN_POINT('',(-1.6575,0.2625,3.726666666667));
#1925 = VECTOR('',#1926,1.);
#1926 = DIRECTION('',(-1.,-1.848892746612E-32,-5.551115123126E-17));
#1927 = PCURVE('',#1014,#1928);
#1928 = DEFINITIONAL_REPRESENTATION('',(#1929),#1933);
#1929 = LINE('',#1930,#1931);
#1930 = CARTESIAN_POINT('',(2.923649379533,-0.9275));
#1931 = VECTOR('',#1932,1.);
#1932 = DIRECTION('',(6.352713203627E-17,1.));
#1933 = ( GEOMETRIC_REPRESENTATION_CONTEXT(2) 
PARAMETRIC_REPRESENTATION_CONTEXT() REPRESENTATION_CONTEXT('2D SPACE',''
  ) );
#1934 = PCURVE('',#1935,#1940);
#1935 = PLANE('',#1936);
#1936 = AXIS2_PLACEMENT_3D('',#1937,#1938,#1939);
#1937 = CARTESIAN_POINT('',(-0.73,0.2625,0.302499999998));
#1938 = DIRECTION('',(0.,-1.,3.330669073875E-16));
#1939 = DIRECTION('',(0.,-3.330669073875E-16,-1.));
#1940 = DEFINITIONAL_REPRESENTATION('',(#1941),#1945);
#1941 = LINE('',#1942,#1943);
#1942 = CARTESIAN_POINT('',(-3.424166666669,-0.9275));
#1943 = VECTOR('',#1944,1.);
#1944 = DIRECTION('',(5.551115123126E-17,-1.));
#1945 = ( GEOMETRIC_REPRESENTATION_CONTEXT(2) 
PARAMETRIC_REPRESENTATION_CONTEXT() REPRESENTATION_CONTEXT('2D SPACE',''
  ) );
#1946 = ORIENTED_EDGE('',*,*,#1947,.T.);
#1947 = EDGE_CURVE('',#1920,#1139,#1948,.T.);
#1948 = SURFACE_CURVE('',#1949,(#1953,#1960),.PCURVE_S1.);
#1949 = LINE('',#1950,#1951);
#1950 = CARTESIAN_POINT('',(-0.73,1.706508048661,3.955874293438));
#1951 = VECTOR('',#1952,1.);
#1952 = DIRECTION('',(0.,-0.987635528464,-0.156767544201));
#1953 = PCURVE('',#1014,#1954);
#1954 = DEFINITIONAL_REPRESENTATION('',(#1955),#1959);
#1955 = LINE('',#1956,#1957);
#1956 = CARTESIAN_POINT('',(1.461563410526,-1.855));
#1957 = VECTOR('',#1958,1.);
#1958 = DIRECTION('',(1.,-5.482478518197E-17));
#1959 = ( GEOMETRIC_REPRESENTATION_CONTEXT(2) 
PARAMETRIC_REPRESENTATION_CONTEXT() REPRESENTATION_CONTEXT('2D SPACE',''
  ) );
#1960 = PCURVE('',#1177,#1961);
#1961 = DEFINITIONAL_REPRESENTATION('',(#1962),#1966);
#1962 = LINE('',#1963,#1964);
#1963 = CARTESIAN_POINT('',(-0.225874293438,1.444008048661));
#1964 = VECTOR('',#1965,1.);
#1965 = DIRECTION('',(0.156767544201,-0.987635528464));
#1966 = ( GEOMETRIC_REPRESENTATION_CONTEXT(2) 
PARAMETRIC_REPRESENTATION_CONTEXT() REPRESENTATION_CONTEXT('2D SPACE',''
  ) );
#1967 = ORIENTED_EDGE('',*,*,#1138,.F.);
#1968 = ADVANCED_FACE('',(#1969),#1177,.F.);
#1969 = FACE_BOUND('',#1970,.F.);
#1970 = EDGE_LOOP('',(#1971,#1972,#1973,#1996,#2024,#2050));
#1971 = ORIENTED_EDGE('',*,*,#1947,.T.);
#1972 = ORIENTED_EDGE('',*,*,#1161,.T.);
#1973 = ORIENTED_EDGE('',*,*,#1974,.T.);
#1974 = EDGE_CURVE('',#1162,#1975,#1977,.T.);
#1975 = VERTEX_POINT('',#1976);
#1976 = CARTESIAN_POINT('',(-0.73,-0.2625,3.73));
#1977 = SURFACE_CURVE('',#1978,(#1982,#1989),.PCURVE_S1.);
#1978 = LINE('',#1979,#1980);
#1979 = CARTESIAN_POINT('',(-0.73,0.2625,3.73));
#1980 = VECTOR('',#1981,1.);
#1981 = DIRECTION('',(0.,-1.,3.330669073875E-16));
#1982 = PCURVE('',#1177,#1983);
#1983 = DEFINITIONAL_REPRESENTATION('',(#1984),#1988);
#1984 = LINE('',#1985,#1986);
#1985 = CARTESIAN_POINT('',(0.,0.));
#1986 = VECTOR('',#1987,1.);
#1987 = DIRECTION('',(0.,-1.));
#1988 = ( GEOMETRIC_REPRESENTATION_CONTEXT(2) 
PARAMETRIC_REPRESENTATION_CONTEXT() REPRESENTATION_CONTEXT('2D SPACE',''
  ) );
#1989 = PCURVE('',#1205,#1990);
#1990 = DEFINITIONAL_REPRESENTATION('',(#1991),#1995);
#1991 = LINE('',#1992,#1993);
#1992 = CARTESIAN_POINT('',(1.46,0.));
#1993 = VECTOR('',#1994,1.);
#1994 = DIRECTION('',(0.,-1.));
#1995 = ( GEOMETRIC_REPRESENTATION_CONTEXT(2) 
PARAMETRIC_REPRESENTATION_CONTEXT() REPRESENTATION_CONTEXT('2D SPACE',''
  ) );
#1996 = ORIENTED_EDGE('',*,*,#1997,.T.);
#1997 = EDGE_CURVE('',#1975,#1998,#2000,.T.);
#1998 = VERTEX_POINT('',#1999);
#1999 = CARTESIAN_POINT('',(-0.73,-0.2625,3.5));
#2000 = SURFACE_CURVE('',#2001,(#2005,#2012),.PCURVE_S1.);
#2001 = LINE('',#2002,#2003);
#2002 = CARTESIAN_POINT('',(-0.73,-0.2625,3.73));
#2003 = VECTOR('',#2004,1.);
#2004 = DIRECTION('',(0.,-3.330669073875E-16,-1.));
#2005 = PCURVE('',#1177,#2006);
#2006 = DEFINITIONAL_REPRESENTATION('',(#2007),#2011);
#2007 = LINE('',#2008,#2009);
#2008 = CARTESIAN_POINT('',(1.748601263784E-16,-0.525));
#2009 = VECTOR('',#2010,1.);
#2010 = DIRECTION('',(1.,0.));
#2011 = ( GEOMETRIC_REPRESENTATION_CONTEXT(2) 
PARAMETRIC_REPRESENTATION_CONTEXT() REPRESENTATION_CONTEXT('2D SPACE',''
  ) );
#2012 = PCURVE('',#2013,#2018);
#2013 = PLANE('',#2014);
#2014 = AXIS2_PLACEMENT_3D('',#2015,#2016,#2017);
#2015 = CARTESIAN_POINT('',(-0.73,-0.2625,0.302499999998));
#2016 = DIRECTION('',(0.,-1.,3.330669073875E-16));
#2017 = DIRECTION('',(0.,-3.330669073875E-16,-1.));
#2018 = DEFINITIONAL_REPRESENTATION('',(#2019),#2023);
#2019 = LINE('',#2020,#2021);
#2020 = CARTESIAN_POINT('',(-3.427500000002,0.));
#2021 = VECTOR('',#2022,1.);
#2022 = DIRECTION('',(1.,0.));
#2023 = ( GEOMETRIC_REPRESENTATION_CONTEXT(2) 
PARAMETRIC_REPRESENTATION_CONTEXT() REPRESENTATION_CONTEXT('2D SPACE',''
  ) );
#2024 = ORIENTED_EDGE('',*,*,#2025,.F.);
#2025 = EDGE_CURVE('',#2026,#1998,#2028,.T.);
#2026 = VERTEX_POINT('',#2027);
#2027 = CARTESIAN_POINT('',(-0.73,0.2625,3.5));
#2028 = SURFACE_CURVE('',#2029,(#2033,#2039),.PCURVE_S1.);
#2029 = LINE('',#2030,#2031);
#2030 = CARTESIAN_POINT('',(-0.73,-9.86875,3.5));
#2031 = VECTOR('',#2032,1.);
#2032 = DIRECTION('',(0.,-1.,0.));
#2033 = PCURVE('',#1177,#2034);
#2034 = DEFINITIONAL_REPRESENTATION('',(#2035),#2038);
#2035 = B_SPLINE_CURVE_WITH_KNOTS('',1,(#2036,#2037),.UNSPECIFIED.,.F.,
  .F.,(2,2),(-10.13125,-9.60625),.PIECEWISE_BEZIER_KNOTS.);
#2036 = CARTESIAN_POINT('',(0.23,1.740829702612E-13));
#2037 = CARTESIAN_POINT('',(0.23,-0.525));
#2038 = ( GEOMETRIC_REPRESENTATION_CONTEXT(2) 
PARAMETRIC_REPRESENTATION_CONTEXT() REPRESENTATION_CONTEXT('2D SPACE',''
  ) );
#2039 = PCURVE('',#2040,#2045);
#2040 = PLANE('',#2041);
#2041 = AXIS2_PLACEMENT_3D('',#2042,#2043,#2044);
#2042 = CARTESIAN_POINT('',(-17.46,-20.,3.5));
#2043 = DIRECTION('',(0.,0.,1.));
#2044 = DIRECTION('',(1.,0.,0.));
#2045 = DEFINITIONAL_REPRESENTATION('',(#2046),#2049);
#2046 = B_SPLINE_CURVE_WITH_KNOTS('',1,(#2047,#2048),.UNSPECIFIED.,.F.,
  .F.,(2,2),(-10.13125,-9.60625),.PIECEWISE_BEZIER_KNOTS.);
#2047 = CARTESIAN_POINT('',(16.73,20.2625));
#2048 = CARTESIAN_POINT('',(16.73,19.7375));
#2049 = ( GEOMETRIC_REPRESENTATION_CONTEXT(2) 
PARAMETRIC_REPRESENTATION_CONTEXT() REPRESENTATION_CONTEXT('2D SPACE',''
  ) );
#2050 = ORIENTED_EDGE('',*,*,#2051,.F.);
#2051 = EDGE_CURVE('',#1920,#2026,#2052,.T.);
#2052 = SURFACE_CURVE('',#2053,(#2057,#2064),.PCURVE_S1.);
#2053 = LINE('',#2054,#2055);
#2054 = CARTESIAN_POINT('',(-0.73,0.2625,3.73));
#2055 = VECTOR('',#2056,1.);
#2056 = DIRECTION('',(0.,-3.330669073875E-16,-1.));
#2057 = PCURVE('',#1177,#2058);
#2058 = DEFINITIONAL_REPRESENTATION('',(#2059),#2063);
#2059 = LINE('',#2060,#2061);
#2060 = CARTESIAN_POINT('',(0.,0.));
#2061 = VECTOR('',#2062,1.);
#2062 = DIRECTION('',(1.,0.));
#2063 = ( GEOMETRIC_REPRESENTATION_CONTEXT(2) 
PARAMETRIC_REPRESENTATION_CONTEXT() REPRESENTATION_CONTEXT('2D SPACE',''
  ) );
#2064 = PCURVE('',#1935,#2065);
#2065 = DEFINITIONAL_REPRESENTATION('',(#2066),#2070);
#2066 = LINE('',#2067,#2068);
#2067 = CARTESIAN_POINT('',(-3.427500000002,0.));
#2068 = VECTOR('',#2069,1.);
#2069 = DIRECTION('',(1.,0.));
#2070 = ( GEOMETRIC_REPRESENTATION_CONTEXT(2) 
PARAMETRIC_REPRESENTATION_CONTEXT() REPRESENTATION_CONTEXT('2D SPACE',''
  ) );
#2071 = ADVANCED_FACE('',(#2072),#1205,.F.);
#2072 = FACE_BOUND('',#2073,.F.);
#2073 = EDGE_LOOP('',(#2074,#2075,#2098,#2119));
#2074 = ORIENTED_EDGE('',*,*,#1189,.T.);
#2075 = ORIENTED_EDGE('',*,*,#2076,.T.);
#2076 = EDGE_CURVE('',#1190,#2077,#2079,.T.);
#2077 = VERTEX_POINT('',#2078);
#2078 = CARTESIAN_POINT('',(0.73,-0.2625,3.73));
#2079 = SURFACE_CURVE('',#2080,(#2084,#2091),.PCURVE_S1.);
#2080 = LINE('',#2081,#2082);
#2081 = CARTESIAN_POINT('',(0.73,0.2625,3.73));
#2082 = VECTOR('',#2083,1.);
#2083 = DIRECTION('',(0.,-1.,3.330669073875E-16));
#2084 = PCURVE('',#1205,#2085);
#2085 = DEFINITIONAL_REPRESENTATION('',(#2086),#2090);
#2086 = LINE('',#2087,#2088);
#2087 = CARTESIAN_POINT('',(0.,0.));
#2088 = VECTOR('',#2089,1.);
#2089 = DIRECTION('',(0.,-1.));
#2090 = ( GEOMETRIC_REPRESENTATION_CONTEXT(2) 
PARAMETRIC_REPRESENTATION_CONTEXT() REPRESENTATION_CONTEXT('2D SPACE',''
  ) );
#2091 = PCURVE('',#1233,#2092);
#2092 = DEFINITIONAL_REPRESENTATION('',(#2093),#2097);
#2093 = LINE('',#2094,#2095);
#2094 = CARTESIAN_POINT('',(3.427500000002,-1.141586825071E-15));
#2095 = VECTOR('',#2096,1.);
#2096 = DIRECTION('',(0.,-1.));
#2097 = ( GEOMETRIC_REPRESENTATION_CONTEXT(2) 
PARAMETRIC_REPRESENTATION_CONTEXT() REPRESENTATION_CONTEXT('2D SPACE',''
  ) );
#2098 = ORIENTED_EDGE('',*,*,#2099,.T.);
#2099 = EDGE_CURVE('',#2077,#1975,#2100,.T.);
#2100 = SURFACE_CURVE('',#2101,(#2105,#2112),.PCURVE_S1.);
#2101 = LINE('',#2102,#2103);
#2102 = CARTESIAN_POINT('',(0.73,-0.2625,3.73));
#2103 = VECTOR('',#2104,1.);
#2104 = DIRECTION('',(-1.,0.,0.));
#2105 = PCURVE('',#1205,#2106);
#2106 = DEFINITIONAL_REPRESENTATION('',(#2107),#2111);
#2107 = LINE('',#2108,#2109);
#2108 = CARTESIAN_POINT('',(0.,-0.525));
#2109 = VECTOR('',#2110,1.);
#2110 = DIRECTION('',(1.,0.));
#2111 = ( GEOMETRIC_REPRESENTATION_CONTEXT(2) 
PARAMETRIC_REPRESENTATION_CONTEXT() REPRESENTATION_CONTEXT('2D SPACE',''
  ) );
#2112 = PCURVE('',#2013,#2113);
#2113 = DEFINITIONAL_REPRESENTATION('',(#2114),#2118);
#2114 = LINE('',#2115,#2116);
#2115 = CARTESIAN_POINT('',(-3.427500000002,1.46));
#2116 = VECTOR('',#2117,1.);
#2117 = DIRECTION('',(-0.,-1.));
#2118 = ( GEOMETRIC_REPRESENTATION_CONTEXT(2) 
PARAMETRIC_REPRESENTATION_CONTEXT() REPRESENTATION_CONTEXT('2D SPACE',''
  ) );
#2119 = ORIENTED_EDGE('',*,*,#1974,.F.);
#2120 = ADVANCED_FACE('',(#2121),#1233,.F.);
#2121 = FACE_BOUND('',#2122,.F.);
#2122 = EDGE_LOOP('',(#2123,#2146,#2167,#2188,#2189,#2190));
#2123 = ORIENTED_EDGE('',*,*,#2124,.F.);
#2124 = EDGE_CURVE('',#2125,#1897,#2127,.T.);
#2125 = VERTEX_POINT('',#2126);
#2126 = CARTESIAN_POINT('',(0.73,0.2625,3.5));
#2127 = SURFACE_CURVE('',#2128,(#2132,#2139),.PCURVE_S1.);
#2128 = LINE('',#2129,#2130);
#2129 = CARTESIAN_POINT('',(0.73,0.2625,0.302499999998));
#2130 = VECTOR('',#2131,1.);
#2131 = DIRECTION('',(0.,3.330669073875E-16,1.));
#2132 = PCURVE('',#1233,#2133);
#2133 = DEFINITIONAL_REPRESENTATION('',(#2134),#2138);
#2134 = LINE('',#2135,#2136);
#2135 = CARTESIAN_POINT('',(0.,0.));
#2136 = VECTOR('',#2137,1.);
#2137 = DIRECTION('',(1.,0.));
#2138 = ( GEOMETRIC_REPRESENTATION_CONTEXT(2) 
PARAMETRIC_REPRESENTATION_CONTEXT() REPRESENTATION_CONTEXT('2D SPACE',''
  ) );
#2139 = PCURVE('',#1935,#2140);
#2140 = DEFINITIONAL_REPRESENTATION('',(#2141),#2145);
#2141 = LINE('',#2142,#2143);
#2142 = CARTESIAN_POINT('',(0.,1.46));
#2143 = VECTOR('',#2144,1.);
#2144 = DIRECTION('',(-1.,0.));
#2145 = ( GEOMETRIC_REPRESENTATION_CONTEXT(2) 
PARAMETRIC_REPRESENTATION_CONTEXT() REPRESENTATION_CONTEXT('2D SPACE',''
  ) );
#2146 = ORIENTED_EDGE('',*,*,#2147,.F.);
#2147 = EDGE_CURVE('',#2148,#2125,#2150,.T.);
#2148 = VERTEX_POINT('',#2149);
#2149 = CARTESIAN_POINT('',(0.73,-0.2625,3.5));
#2150 = SURFACE_CURVE('',#2151,(#2155,#2161),.PCURVE_S1.);
#2151 = LINE('',#2152,#2153);
#2152 = CARTESIAN_POINT('',(0.73,-9.86875,3.5));
#2153 = VECTOR('',#2154,1.);
#2154 = DIRECTION('',(0.,1.,-0.));
#2155 = PCURVE('',#1233,#2156);
#2156 = DEFINITIONAL_REPRESENTATION('',(#2157),#2160);
#2157 = B_SPLINE_CURVE_WITH_KNOTS('',1,(#2158,#2159),.UNSPECIFIED.,.F.,
  .F.,(2,2),(9.60625,10.13125),.PIECEWISE_BEZIER_KNOTS.);
#2158 = CARTESIAN_POINT('',(3.197500000002,-0.525));
#2159 = CARTESIAN_POINT('',(3.197500000002,1.33226762955E-13));
#2160 = ( GEOMETRIC_REPRESENTATION_CONTEXT(2) 
PARAMETRIC_REPRESENTATION_CONTEXT() REPRESENTATION_CONTEXT('2D SPACE',''
  ) );
#2161 = PCURVE('',#2040,#2162);
#2162 = DEFINITIONAL_REPRESENTATION('',(#2163),#2166);
#2163 = B_SPLINE_CURVE_WITH_KNOTS('',1,(#2164,#2165),.UNSPECIFIED.,.F.,
  .F.,(2,2),(9.60625,10.13125),.PIECEWISE_BEZIER_KNOTS.);
#2164 = CARTESIAN_POINT('',(18.19,19.7375));
#2165 = CARTESIAN_POINT('',(18.19,20.2625));
#2166 = ( GEOMETRIC_REPRESENTATION_CONTEXT(2) 
PARAMETRIC_REPRESENTATION_CONTEXT() REPRESENTATION_CONTEXT('2D SPACE',''
  ) );
#2167 = ORIENTED_EDGE('',*,*,#2168,.T.);
#2168 = EDGE_CURVE('',#2148,#2077,#2169,.T.);
#2169 = SURFACE_CURVE('',#2170,(#2174,#2181),.PCURVE_S1.);
#2170 = LINE('',#2171,#2172);
#2171 = CARTESIAN_POINT('',(0.73,-0.2625,0.302499999998));
#2172 = VECTOR('',#2173,1.);
#2173 = DIRECTION('',(0.,3.330669073875E-16,1.));
#2174 = PCURVE('',#1233,#2175);
#2175 = DEFINITIONAL_REPRESENTATION('',(#2176),#2180);
#2176 = LINE('',#2177,#2178);
#2177 = CARTESIAN_POINT('',(-1.748601263784E-16,-0.525));
#2178 = VECTOR('',#2179,1.);
#2179 = DIRECTION('',(1.,0.));
#2180 = ( GEOMETRIC_REPRESENTATION_CONTEXT(2) 
PARAMETRIC_REPRESENTATION_CONTEXT() REPRESENTATION_CONTEXT('2D SPACE',''
  ) );
#2181 = PCURVE('',#2013,#2182);
#2182 = DEFINITIONAL_REPRESENTATION('',(#2183),#2187);
#2183 = LINE('',#2184,#2185);
#2184 = CARTESIAN_POINT('',(0.,1.46));
#2185 = VECTOR('',#2186,1.);
#2186 = DIRECTION('',(-1.,0.));
#2187 = ( GEOMETRIC_REPRESENTATION_CONTEXT(2) 
PARAMETRIC_REPRESENTATION_CONTEXT() REPRESENTATION_CONTEXT('2D SPACE',''
  ) );
#2188 = ORIENTED_EDGE('',*,*,#2076,.F.);
#2189 = ORIENTED_EDGE('',*,*,#1217,.T.);
#2190 = ORIENTED_EDGE('',*,*,#1896,.T.);
#2191 = ADVANCED_FACE('',(#2192),#1284,.F.);
#2192 = FACE_BOUND('',#2193,.F.);
#2193 = EDGE_LOOP('',(#2194,#2195,#2196,#2219,#2247,#2273));
#2194 = ORIENTED_EDGE('',*,*,#1874,.T.);
#2195 = ORIENTED_EDGE('',*,*,#1268,.T.);
#2196 = ORIENTED_EDGE('',*,*,#2197,.T.);
#2197 = EDGE_CURVE('',#1269,#2198,#2200,.T.);
#2198 = VERTEX_POINT('',#2199);
#2199 = CARTESIAN_POINT('',(1.81,-0.2625,3.73));
#2200 = SURFACE_CURVE('',#2201,(#2205,#2212),.PCURVE_S1.);
#2201 = LINE('',#2202,#2203);
#2202 = CARTESIAN_POINT('',(1.81,0.2625,3.73));
#2203 = VECTOR('',#2204,1.);
#2204 = DIRECTION('',(0.,-1.,3.330669073875E-16));
#2205 = PCURVE('',#1284,#2206);
#2206 = DEFINITIONAL_REPRESENTATION('',(#2207),#2211);
#2207 = LINE('',#2208,#2209);
#2208 = CARTESIAN_POINT('',(0.,0.));
#2209 = VECTOR('',#2210,1.);
#2210 = DIRECTION('',(0.,-1.));
#2211 = ( GEOMETRIC_REPRESENTATION_CONTEXT(2) 
PARAMETRIC_REPRESENTATION_CONTEXT() REPRESENTATION_CONTEXT('2D SPACE',''
  ) );
#2212 = PCURVE('',#1312,#2213);
#2213 = DEFINITIONAL_REPRESENTATION('',(#2214),#2218);
#2214 = LINE('',#2215,#2216);
#2215 = CARTESIAN_POINT('',(1.46,0.));
#2216 = VECTOR('',#2217,1.);
#2217 = DIRECTION('',(0.,-1.));
#2218 = ( GEOMETRIC_REPRESENTATION_CONTEXT(2) 
PARAMETRIC_REPRESENTATION_CONTEXT() REPRESENTATION_CONTEXT('2D SPACE',''
  ) );
#2219 = ORIENTED_EDGE('',*,*,#2220,.T.);
#2220 = EDGE_CURVE('',#2198,#2221,#2223,.T.);
#2221 = VERTEX_POINT('',#2222);
#2222 = CARTESIAN_POINT('',(1.81,-0.2625,3.5));
#2223 = SURFACE_CURVE('',#2224,(#2228,#2235),.PCURVE_S1.);
#2224 = LINE('',#2225,#2226);
#2225 = CARTESIAN_POINT('',(1.81,-0.2625,3.73));
#2226 = VECTOR('',#2227,1.);
#2227 = DIRECTION('',(0.,-3.330669073875E-16,-1.));
#2228 = PCURVE('',#1284,#2229);
#2229 = DEFINITIONAL_REPRESENTATION('',(#2230),#2234);
#2230 = LINE('',#2231,#2232);
#2231 = CARTESIAN_POINT('',(1.748601263784E-16,-0.525));
#2232 = VECTOR('',#2233,1.);
#2233 = DIRECTION('',(1.,0.));
#2234 = ( GEOMETRIC_REPRESENTATION_CONTEXT(2) 
PARAMETRIC_REPRESENTATION_CONTEXT() REPRESENTATION_CONTEXT('2D SPACE',''
  ) );
#2235 = PCURVE('',#2236,#2241);
#2236 = PLANE('',#2237);
#2237 = AXIS2_PLACEMENT_3D('',#2238,#2239,#2240);
#2238 = CARTESIAN_POINT('',(1.81,-0.2625,0.3025));
#2239 = DIRECTION('',(0.,-1.,3.330669073875E-16));
#2240 = DIRECTION('',(0.,-3.330669073875E-16,-1.));
#2241 = DEFINITIONAL_REPRESENTATION('',(#2242),#2246);
#2242 = LINE('',#2243,#2244);
#2243 = CARTESIAN_POINT('',(-3.4275,0.));
#2244 = VECTOR('',#2245,1.);
#2245 = DIRECTION('',(1.,0.));
#2246 = ( GEOMETRIC_REPRESENTATION_CONTEXT(2) 
PARAMETRIC_REPRESENTATION_CONTEXT() REPRESENTATION_CONTEXT('2D SPACE',''
  ) );
#2247 = ORIENTED_EDGE('',*,*,#2248,.F.);
#2248 = EDGE_CURVE('',#2249,#2221,#2251,.T.);
#2249 = VERTEX_POINT('',#2250);
#2250 = CARTESIAN_POINT('',(1.81,0.2625,3.5));
#2251 = SURFACE_CURVE('',#2252,(#2256,#2262),.PCURVE_S1.);
#2252 = LINE('',#2253,#2254);
#2253 = CARTESIAN_POINT('',(1.81,-9.86875,3.5));
#2254 = VECTOR('',#2255,1.);
#2255 = DIRECTION('',(0.,-1.,0.));
#2256 = PCURVE('',#1284,#2257);
#2257 = DEFINITIONAL_REPRESENTATION('',(#2258),#2261);
#2258 = B_SPLINE_CURVE_WITH_KNOTS('',1,(#2259,#2260),.UNSPECIFIED.,.F.,
  .F.,(2,2),(-10.13125,-9.60625),.PIECEWISE_BEZIER_KNOTS.);
#2259 = CARTESIAN_POINT('',(0.23,1.740829702612E-13));
#2260 = CARTESIAN_POINT('',(0.23,-0.525));
#2261 = ( GEOMETRIC_REPRESENTATION_CONTEXT(2) 
PARAMETRIC_REPRESENTATION_CONTEXT() REPRESENTATION_CONTEXT('2D SPACE',''
  ) );
#2262 = PCURVE('',#2263,#2268);
#2263 = PLANE('',#2264);
#2264 = AXIS2_PLACEMENT_3D('',#2265,#2266,#2267);
#2265 = CARTESIAN_POINT('',(-17.46,-20.,3.5));
#2266 = DIRECTION('',(0.,0.,1.));
#2267 = DIRECTION('',(1.,0.,0.));
#2268 = DEFINITIONAL_REPRESENTATION('',(#2269),#2272);
#2269 = B_SPLINE_CURVE_WITH_KNOTS('',1,(#2270,#2271),.UNSPECIFIED.,.F.,
  .F.,(2,2),(-10.13125,-9.60625),.PIECEWISE_BEZIER_KNOTS.);
#2270 = CARTESIAN_POINT('',(19.27,20.2625));
#2271 = CARTESIAN_POINT('',(19.27,19.7375));
#2272 = ( GEOMETRIC_REPRESENTATION_CONTEXT(2) 
PARAMETRIC_REPRESENTATION_CONTEXT() REPRESENTATION_CONTEXT('2D SPACE',''
  ) );
#2273 = ORIENTED_EDGE('',*,*,#2274,.F.);
#2274 = EDGE_CURVE('',#1847,#2249,#2275,.T.);
#2275 = SURFACE_CURVE('',#2276,(#2280,#2287),.PCURVE_S1.);
#2276 = LINE('',#2277,#2278);
#2277 = CARTESIAN_POINT('',(1.81,0.2625,3.73));
#2278 = VECTOR('',#2279,1.);
#2279 = DIRECTION('',(0.,-3.330669073875E-16,-1.));
#2280 = PCURVE('',#1284,#2281);
#2281 = DEFINITIONAL_REPRESENTATION('',(#2282),#2286);
#2282 = LINE('',#2283,#2284);
#2283 = CARTESIAN_POINT('',(0.,0.));
#2284 = VECTOR('',#2285,1.);
#2285 = DIRECTION('',(1.,0.));
#2286 = ( GEOMETRIC_REPRESENTATION_CONTEXT(2) 
PARAMETRIC_REPRESENTATION_CONTEXT() REPRESENTATION_CONTEXT('2D SPACE',''
  ) );
#2287 = PCURVE('',#1862,#2288);
#2288 = DEFINITIONAL_REPRESENTATION('',(#2289),#2293);
#2289 = LINE('',#2290,#2291);
#2290 = CARTESIAN_POINT('',(-3.4275,0.));
#2291 = VECTOR('',#2292,1.);
#2292 = DIRECTION('',(1.,0.));
#2293 = ( GEOMETRIC_REPRESENTATION_CONTEXT(2) 
PARAMETRIC_REPRESENTATION_CONTEXT() REPRESENTATION_CONTEXT('2D SPACE',''
  ) );
#2294 = ADVANCED_FACE('',(#2295),#1312,.F.);
#2295 = FACE_BOUND('',#2296,.F.);
#2296 = EDGE_LOOP('',(#2297,#2298,#2321,#2342));
#2297 = ORIENTED_EDGE('',*,*,#1296,.T.);
#2298 = ORIENTED_EDGE('',*,*,#2299,.T.);
#2299 = EDGE_CURVE('',#1297,#2300,#2302,.T.);
#2300 = VERTEX_POINT('',#2301);
#2301 = CARTESIAN_POINT('',(3.27,-0.2625,3.73));
#2302 = SURFACE_CURVE('',#2303,(#2307,#2314),.PCURVE_S1.);
#2303 = LINE('',#2304,#2305);
#2304 = CARTESIAN_POINT('',(3.27,0.2625,3.73));
#2305 = VECTOR('',#2306,1.);
#2306 = DIRECTION('',(0.,-1.,3.330669073875E-16));
#2307 = PCURVE('',#1312,#2308);
#2308 = DEFINITIONAL_REPRESENTATION('',(#2309),#2313);
#2309 = LINE('',#2310,#2311);
#2310 = CARTESIAN_POINT('',(0.,0.));
#2311 = VECTOR('',#2312,1.);
#2312 = DIRECTION('',(0.,-1.));
#2313 = ( GEOMETRIC_REPRESENTATION_CONTEXT(2) 
PARAMETRIC_REPRESENTATION_CONTEXT() REPRESENTATION_CONTEXT('2D SPACE',''
  ) );
#2314 = PCURVE('',#1340,#2315);
#2315 = DEFINITIONAL_REPRESENTATION('',(#2316),#2320);
#2316 = LINE('',#2317,#2318);
#2317 = CARTESIAN_POINT('',(3.4275,-1.141586825071E-15));
#2318 = VECTOR('',#2319,1.);
#2319 = DIRECTION('',(0.,-1.));
#2320 = ( GEOMETRIC_REPRESENTATION_CONTEXT(2) 
PARAMETRIC_REPRESENTATION_CONTEXT() REPRESENTATION_CONTEXT('2D SPACE',''
  ) );
#2321 = ORIENTED_EDGE('',*,*,#2322,.T.);
#2322 = EDGE_CURVE('',#2300,#2198,#2323,.T.);
#2323 = SURFACE_CURVE('',#2324,(#2328,#2335),.PCURVE_S1.);
#2324 = LINE('',#2325,#2326);
#2325 = CARTESIAN_POINT('',(3.27,-0.2625,3.73));
#2326 = VECTOR('',#2327,1.);
#2327 = DIRECTION('',(-1.,0.,0.));
#2328 = PCURVE('',#1312,#2329);
#2329 = DEFINITIONAL_REPRESENTATION('',(#2330),#2334);
#2330 = LINE('',#2331,#2332);
#2331 = CARTESIAN_POINT('',(0.,-0.525));
#2332 = VECTOR('',#2333,1.);
#2333 = DIRECTION('',(1.,0.));
#2334 = ( GEOMETRIC_REPRESENTATION_CONTEXT(2) 
PARAMETRIC_REPRESENTATION_CONTEXT() REPRESENTATION_CONTEXT('2D SPACE',''
  ) );
#2335 = PCURVE('',#2236,#2336);
#2336 = DEFINITIONAL_REPRESENTATION('',(#2337),#2341);
#2337 = LINE('',#2338,#2339);
#2338 = CARTESIAN_POINT('',(-3.4275,1.46));
#2339 = VECTOR('',#2340,1.);
#2340 = DIRECTION('',(-0.,-1.));
#2341 = ( GEOMETRIC_REPRESENTATION_CONTEXT(2) 
PARAMETRIC_REPRESENTATION_CONTEXT() REPRESENTATION_CONTEXT('2D SPACE',''
  ) );
#2342 = ORIENTED_EDGE('',*,*,#2197,.F.);
#2343 = ADVANCED_FACE('',(#2344),#1340,.F.);
#2344 = FACE_BOUND('',#2345,.F.);
#2345 = EDGE_LOOP('',(#2346,#2369,#2390,#2411,#2412,#2413));
#2346 = ORIENTED_EDGE('',*,*,#2347,.F.);
#2347 = EDGE_CURVE('',#2348,#1824,#2350,.T.);
#2348 = VERTEX_POINT('',#2349);
#2349 = CARTESIAN_POINT('',(3.27,0.2625,3.5));
#2350 = SURFACE_CURVE('',#2351,(#2355,#2362),.PCURVE_S1.);
#2351 = LINE('',#2352,#2353);
#2352 = CARTESIAN_POINT('',(3.27,0.2625,0.3025));
#2353 = VECTOR('',#2354,1.);
#2354 = DIRECTION('',(0.,3.330669073875E-16,1.));
#2355 = PCURVE('',#1340,#2356);
#2356 = DEFINITIONAL_REPRESENTATION('',(#2357),#2361);
#2357 = LINE('',#2358,#2359);
#2358 = CARTESIAN_POINT('',(0.,0.));
#2359 = VECTOR('',#2360,1.);
#2360 = DIRECTION('',(1.,0.));
#2361 = ( GEOMETRIC_REPRESENTATION_CONTEXT(2) 
PARAMETRIC_REPRESENTATION_CONTEXT() REPRESENTATION_CONTEXT('2D SPACE',''
  ) );
#2362 = PCURVE('',#1862,#2363);
#2363 = DEFINITIONAL_REPRESENTATION('',(#2364),#2368);
#2364 = LINE('',#2365,#2366);
#2365 = CARTESIAN_POINT('',(0.,1.46));
#2366 = VECTOR('',#2367,1.);
#2367 = DIRECTION('',(-1.,0.));
#2368 = ( GEOMETRIC_REPRESENTATION_CONTEXT(2) 
PARAMETRIC_REPRESENTATION_CONTEXT() REPRESENTATION_CONTEXT('2D SPACE',''
  ) );
#2369 = ORIENTED_EDGE('',*,*,#2370,.F.);
#2370 = EDGE_CURVE('',#2371,#2348,#2373,.T.);
#2371 = VERTEX_POINT('',#2372);
#2372 = CARTESIAN_POINT('',(3.27,-0.2625,3.5));
#2373 = SURFACE_CURVE('',#2374,(#2378,#2384),.PCURVE_S1.);
#2374 = LINE('',#2375,#2376);
#2375 = CARTESIAN_POINT('',(3.27,-9.86875,3.5));
#2376 = VECTOR('',#2377,1.);
#2377 = DIRECTION('',(0.,1.,-0.));
#2378 = PCURVE('',#1340,#2379);
#2379 = DEFINITIONAL_REPRESENTATION('',(#2380),#2383);
#2380 = B_SPLINE_CURVE_WITH_KNOTS('',1,(#2381,#2382),.UNSPECIFIED.,.F.,
  .F.,(2,2),(9.60625,10.13125),.PIECEWISE_BEZIER_KNOTS.);
#2381 = CARTESIAN_POINT('',(3.1975,-0.525));
#2382 = CARTESIAN_POINT('',(3.1975,1.33226762955E-13));
#2383 = ( GEOMETRIC_REPRESENTATION_CONTEXT(2) 
PARAMETRIC_REPRESENTATION_CONTEXT() REPRESENTATION_CONTEXT('2D SPACE',''
  ) );
#2384 = PCURVE('',#2263,#2385);
#2385 = DEFINITIONAL_REPRESENTATION('',(#2386),#2389);
#2386 = B_SPLINE_CURVE_WITH_KNOTS('',1,(#2387,#2388),.UNSPECIFIED.,.F.,
  .F.,(2,2),(9.60625,10.13125),.PIECEWISE_BEZIER_KNOTS.);
#2387 = CARTESIAN_POINT('',(20.73,19.7375));
#2388 = CARTESIAN_POINT('',(20.73,20.2625));
#2389 = ( GEOMETRIC_REPRESENTATION_CONTEXT(2) 
PARAMETRIC_REPRESENTATION_CONTEXT() REPRESENTATION_CONTEXT('2D SPACE',''
  ) );
#2390 = ORIENTED_EDGE('',*,*,#2391,.T.);
#2391 = EDGE_CURVE('',#2371,#2300,#2392,.T.);
#2392 = SURFACE_CURVE('',#2393,(#2397,#2404),.PCURVE_S1.);
#2393 = LINE('',#2394,#2395);
#2394 = CARTESIAN_POINT('',(3.27,-0.2625,0.3025));
#2395 = VECTOR('',#2396,1.);
#2396 = DIRECTION('',(0.,3.330669073875E-16,1.));
#2397 = PCURVE('',#1340,#2398);
#2398 = DEFINITIONAL_REPRESENTATION('',(#2399),#2403);
#2399 = LINE('',#2400,#2401);
#2400 = CARTESIAN_POINT('',(-1.748601263784E-16,-0.525));
#2401 = VECTOR('',#2402,1.);
#2402 = DIRECTION('',(1.,0.));
#2403 = ( GEOMETRIC_REPRESENTATION_CONTEXT(2) 
PARAMETRIC_REPRESENTATION_CONTEXT() REPRESENTATION_CONTEXT('2D SPACE',''
  ) );
#2404 = PCURVE('',#2236,#2405);
#2405 = DEFINITIONAL_REPRESENTATION('',(#2406),#2410);
#2406 = LINE('',#2407,#2408);
#2407 = CARTESIAN_POINT('',(0.,1.46));
#2408 = VECTOR('',#2409,1.);
#2409 = DIRECTION('',(-1.,0.));
#2410 = ( GEOMETRIC_REPRESENTATION_CONTEXT(2) 
PARAMETRIC_REPRESENTATION_CONTEXT() REPRESENTATION_CONTEXT('2D SPACE',''
  ) );
#2411 = ORIENTED_EDGE('',*,*,#2299,.F.);
#2412 = ORIENTED_EDGE('',*,*,#1324,.T.);
#2413 = ORIENTED_EDGE('',*,*,#1823,.T.);
#2414 = ADVANCED_FACE('',(#2415),#1391,.F.);
#2415 = FACE_BOUND('',#2416,.F.);
#2416 = EDGE_LOOP('',(#2417,#2418,#2419,#2442,#2470,#2496));
#2417 = ORIENTED_EDGE('',*,*,#1801,.T.);
#2418 = ORIENTED_EDGE('',*,*,#1375,.T.);
#2419 = ORIENTED_EDGE('',*,*,#2420,.T.);
#2420 = EDGE_CURVE('',#1376,#2421,#2423,.T.);
#2421 = VERTEX_POINT('',#2422);
#2422 = CARTESIAN_POINT('',(4.35,-0.2625,3.73));
#2423 = SURFACE_CURVE('',#2424,(#2428,#2435),.PCURVE_S1.);
#2424 = LINE('',#2425,#2426);
#2425 = CARTESIAN_POINT('',(4.35,0.2625,3.73));
#2426 = VECTOR('',#2427,1.);
#2427 = DIRECTION('',(0.,-1.,3.330669073875E-16));
#2428 = PCURVE('',#1391,#2429);
#2429 = DEFINITIONAL_REPRESENTATION('',(#2430),#2434);
#2430 = LINE('',#2431,#2432);
#2431 = CARTESIAN_POINT('',(0.,0.));
#2432 = VECTOR('',#2433,1.);
#2433 = DIRECTION('',(0.,-1.));
#2434 = ( GEOMETRIC_REPRESENTATION_CONTEXT(2) 
PARAMETRIC_REPRESENTATION_CONTEXT() REPRESENTATION_CONTEXT('2D SPACE',''
  ) );
#2435 = PCURVE('',#1419,#2436);
#2436 = DEFINITIONAL_REPRESENTATION('',(#2437),#2441);
#2437 = LINE('',#2438,#2439);
#2438 = CARTESIAN_POINT('',(1.46,0.));
#2439 = VECTOR('',#2440,1.);
#2440 = DIRECTION('',(0.,-1.));
#2441 = ( GEOMETRIC_REPRESENTATION_CONTEXT(2) 
PARAMETRIC_REPRESENTATION_CONTEXT() REPRESENTATION_CONTEXT('2D SPACE',''
  ) );
#2442 = ORIENTED_EDGE('',*,*,#2443,.T.);
#2443 = EDGE_CURVE('',#2421,#2444,#2446,.T.);
#2444 = VERTEX_POINT('',#2445);
#2445 = CARTESIAN_POINT('',(4.35,-0.2625,3.5));
#2446 = SURFACE_CURVE('',#2447,(#2451,#2458),.PCURVE_S1.);
#2447 = LINE('',#2448,#2449);
#2448 = CARTESIAN_POINT('',(4.35,-0.2625,3.73));
#2449 = VECTOR('',#2450,1.);
#2450 = DIRECTION('',(0.,-3.330669073875E-16,-1.));
#2451 = PCURVE('',#1391,#2452);
#2452 = DEFINITIONAL_REPRESENTATION('',(#2453),#2457);
#2453 = LINE('',#2454,#2455);
#2454 = CARTESIAN_POINT('',(1.748601263784E-16,-0.525));
#2455 = VECTOR('',#2456,1.);
#2456 = DIRECTION('',(1.,0.));
#2457 = ( GEOMETRIC_REPRESENTATION_CONTEXT(2) 
PARAMETRIC_REPRESENTATION_CONTEXT() REPRESENTATION_CONTEXT('2D SPACE',''
  ) );
#2458 = PCURVE('',#2459,#2464);
#2459 = PLANE('',#2460);
#2460 = AXIS2_PLACEMENT_3D('',#2461,#2462,#2463);
#2461 = CARTESIAN_POINT('',(4.35,-0.2625,0.3025));
#2462 = DIRECTION('',(0.,-1.,3.330669073875E-16));
#2463 = DIRECTION('',(0.,-3.330669073875E-16,-1.));
#2464 = DEFINITIONAL_REPRESENTATION('',(#2465),#2469);
#2465 = LINE('',#2466,#2467);
#2466 = CARTESIAN_POINT('',(-3.4275,0.));
#2467 = VECTOR('',#2468,1.);
#2468 = DIRECTION('',(1.,0.));
#2469 = ( GEOMETRIC_REPRESENTATION_CONTEXT(2) 
PARAMETRIC_REPRESENTATION_CONTEXT() REPRESENTATION_CONTEXT('2D SPACE',''
  ) );
#2470 = ORIENTED_EDGE('',*,*,#2471,.F.);
#2471 = EDGE_CURVE('',#2472,#2444,#2474,.T.);
#2472 = VERTEX_POINT('',#2473);
#2473 = CARTESIAN_POINT('',(4.35,0.2625,3.5));
#2474 = SURFACE_CURVE('',#2475,(#2479,#2485),.PCURVE_S1.);
#2475 = LINE('',#2476,#2477);
#2476 = CARTESIAN_POINT('',(4.35,-9.86875,3.5));
#2477 = VECTOR('',#2478,1.);
#2478 = DIRECTION('',(0.,-1.,0.));
#2479 = PCURVE('',#1391,#2480);
#2480 = DEFINITIONAL_REPRESENTATION('',(#2481),#2484);
#2481 = B_SPLINE_CURVE_WITH_KNOTS('',1,(#2482,#2483),.UNSPECIFIED.,.F.,
  .F.,(2,2),(-10.13125,-9.60625),.PIECEWISE_BEZIER_KNOTS.);
#2482 = CARTESIAN_POINT('',(0.23,1.740829702612E-13));
#2483 = CARTESIAN_POINT('',(0.23,-0.525));
#2484 = ( GEOMETRIC_REPRESENTATION_CONTEXT(2) 
PARAMETRIC_REPRESENTATION_CONTEXT() REPRESENTATION_CONTEXT('2D SPACE',''
  ) );
#2485 = PCURVE('',#2486,#2491);
#2486 = PLANE('',#2487);
#2487 = AXIS2_PLACEMENT_3D('',#2488,#2489,#2490);
#2488 = CARTESIAN_POINT('',(-17.46,-20.,3.5));
#2489 = DIRECTION('',(0.,0.,1.));
#2490 = DIRECTION('',(1.,0.,0.));
#2491 = DEFINITIONAL_REPRESENTATION('',(#2492),#2495);
#2492 = B_SPLINE_CURVE_WITH_KNOTS('',1,(#2493,#2494),.UNSPECIFIED.,.F.,
  .F.,(2,2),(-10.13125,-9.60625),.PIECEWISE_BEZIER_KNOTS.);
#2493 = CARTESIAN_POINT('',(21.81,20.2625));
#2494 = CARTESIAN_POINT('',(21.81,19.7375));
#2495 = ( GEOMETRIC_REPRESENTATION_CONTEXT(2) 
PARAMETRIC_REPRESENTATION_CONTEXT() REPRESENTATION_CONTEXT('2D SPACE',''
  ) );
#2496 = ORIENTED_EDGE('',*,*,#2497,.F.);
#2497 = EDGE_CURVE('',#1774,#2472,#2498,.T.);
#2498 = SURFACE_CURVE('',#2499,(#2503,#2510),.PCURVE_S1.);
#2499 = LINE('',#2500,#2501);
#2500 = CARTESIAN_POINT('',(4.35,0.2625,3.73));
#2501 = VECTOR('',#2502,1.);
#2502 = DIRECTION('',(0.,-3.330669073875E-16,-1.));
#2503 = PCURVE('',#1391,#2504);
#2504 = DEFINITIONAL_REPRESENTATION('',(#2505),#2509);
#2505 = LINE('',#2506,#2507);
#2506 = CARTESIAN_POINT('',(0.,0.));
#2507 = VECTOR('',#2508,1.);
#2508 = DIRECTION('',(1.,0.));
#2509 = ( GEOMETRIC_REPRESENTATION_CONTEXT(2) 
PARAMETRIC_REPRESENTATION_CONTEXT() REPRESENTATION_CONTEXT('2D SPACE',''
  ) );
#2510 = PCURVE('',#1789,#2511);
#2511 = DEFINITIONAL_REPRESENTATION('',(#2512),#2516);
#2512 = LINE('',#2513,#2514);
#2513 = CARTESIAN_POINT('',(-3.4275,0.));
#2514 = VECTOR('',#2515,1.);
#2515 = DIRECTION('',(1.,0.));
#2516 = ( GEOMETRIC_REPRESENTATION_CONTEXT(2) 
PARAMETRIC_REPRESENTATION_CONTEXT() REPRESENTATION_CONTEXT('2D SPACE',''
  ) );
#2517 = ADVANCED_FACE('',(#2518),#1419,.F.);
#2518 = FACE_BOUND('',#2519,.F.);
#2519 = EDGE_LOOP('',(#2520,#2521,#2544,#2565));
#2520 = ORIENTED_EDGE('',*,*,#1403,.T.);
#2521 = ORIENTED_EDGE('',*,*,#2522,.T.);
#2522 = EDGE_CURVE('',#1404,#2523,#2525,.T.);
#2523 = VERTEX_POINT('',#2524);
#2524 = CARTESIAN_POINT('',(5.81,-0.2625,3.73));
#2525 = SURFACE_CURVE('',#2526,(#2530,#2537),.PCURVE_S1.);
#2526 = LINE('',#2527,#2528);
#2527 = CARTESIAN_POINT('',(5.81,0.2625,3.73));
#2528 = VECTOR('',#2529,1.);
#2529 = DIRECTION('',(0.,-1.,3.330669073875E-16));
#2530 = PCURVE('',#1419,#2531);
#2531 = DEFINITIONAL_REPRESENTATION('',(#2532),#2536);
#2532 = LINE('',#2533,#2534);
#2533 = CARTESIAN_POINT('',(0.,0.));
#2534 = VECTOR('',#2535,1.);
#2535 = DIRECTION('',(0.,-1.));
#2536 = ( GEOMETRIC_REPRESENTATION_CONTEXT(2) 
PARAMETRIC_REPRESENTATION_CONTEXT() REPRESENTATION_CONTEXT('2D SPACE',''
  ) );
#2537 = PCURVE('',#1447,#2538);
#2538 = DEFINITIONAL_REPRESENTATION('',(#2539),#2543);
#2539 = LINE('',#2540,#2541);
#2540 = CARTESIAN_POINT('',(3.4275,-1.141586825071E-15));
#2541 = VECTOR('',#2542,1.);
#2542 = DIRECTION('',(0.,-1.));
#2543 = ( GEOMETRIC_REPRESENTATION_CONTEXT(2) 
PARAMETRIC_REPRESENTATION_CONTEXT() REPRESENTATION_CONTEXT('2D SPACE',''
  ) );
#2544 = ORIENTED_EDGE('',*,*,#2545,.T.);
#2545 = EDGE_CURVE('',#2523,#2421,#2546,.T.);
#2546 = SURFACE_CURVE('',#2547,(#2551,#2558),.PCURVE_S1.);
#2547 = LINE('',#2548,#2549);
#2548 = CARTESIAN_POINT('',(5.81,-0.2625,3.73));
#2549 = VECTOR('',#2550,1.);
#2550 = DIRECTION('',(-1.,0.,0.));
#2551 = PCURVE('',#1419,#2552);
#2552 = DEFINITIONAL_REPRESENTATION('',(#2553),#2557);
#2553 = LINE('',#2554,#2555);
#2554 = CARTESIAN_POINT('',(0.,-0.525));
#2555 = VECTOR('',#2556,1.);
#2556 = DIRECTION('',(1.,0.));
#2557 = ( GEOMETRIC_REPRESENTATION_CONTEXT(2) 
PARAMETRIC_REPRESENTATION_CONTEXT() REPRESENTATION_CONTEXT('2D SPACE',''
  ) );
#2558 = PCURVE('',#2459,#2559);
#2559 = DEFINITIONAL_REPRESENTATION('',(#2560),#2564);
#2560 = LINE('',#2561,#2562);
#2561 = CARTESIAN_POINT('',(-3.4275,1.46));
#2562 = VECTOR('',#2563,1.);
#2563 = DIRECTION('',(-0.,-1.));
#2564 = ( GEOMETRIC_REPRESENTATION_CONTEXT(2) 
PARAMETRIC_REPRESENTATION_CONTEXT() REPRESENTATION_CONTEXT('2D SPACE',''
  ) );
#2565 = ORIENTED_EDGE('',*,*,#2420,.F.);
#2566 = ADVANCED_FACE('',(#2567),#1447,.F.);
#2567 = FACE_BOUND('',#2568,.F.);
#2568 = EDGE_LOOP('',(#2569,#2592,#2613,#2634,#2635,#2636));
#2569 = ORIENTED_EDGE('',*,*,#2570,.F.);
#2570 = EDGE_CURVE('',#2571,#1751,#2573,.T.);
#2571 = VERTEX_POINT('',#2572);
#2572 = CARTESIAN_POINT('',(5.81,0.2625,3.5));
#2573 = SURFACE_CURVE('',#2574,(#2578,#2585),.PCURVE_S1.);
#2574 = LINE('',#2575,#2576);
#2575 = CARTESIAN_POINT('',(5.81,0.2625,0.3025));
#2576 = VECTOR('',#2577,1.);
#2577 = DIRECTION('',(0.,3.330669073875E-16,1.));
#2578 = PCURVE('',#1447,#2579);
#2579 = DEFINITIONAL_REPRESENTATION('',(#2580),#2584);
#2580 = LINE('',#2581,#2582);
#2581 = CARTESIAN_POINT('',(0.,0.));
#2582 = VECTOR('',#2583,1.);
#2583 = DIRECTION('',(1.,0.));
#2584 = ( GEOMETRIC_REPRESENTATION_CONTEXT(2) 
PARAMETRIC_REPRESENTATION_CONTEXT() REPRESENTATION_CONTEXT('2D SPACE',''
  ) );
#2585 = PCURVE('',#1789,#2586);
#2586 = DEFINITIONAL_REPRESENTATION('',(#2587),#2591);
#2587 = LINE('',#2588,#2589);
#2588 = CARTESIAN_POINT('',(0.,1.46));
#2589 = VECTOR('',#2590,1.);
#2590 = DIRECTION('',(-1.,0.));
#2591 = ( GEOMETRIC_REPRESENTATION_CONTEXT(2) 
PARAMETRIC_REPRESENTATION_CONTEXT() REPRESENTATION_CONTEXT('2D SPACE',''
  ) );
#2592 = ORIENTED_EDGE('',*,*,#2593,.F.);
#2593 = EDGE_CURVE('',#2594,#2571,#2596,.T.);
#2594 = VERTEX_POINT('',#2595);
#2595 = CARTESIAN_POINT('',(5.81,-0.2625,3.5));
#2596 = SURFACE_CURVE('',#2597,(#2601,#2607),.PCURVE_S1.);
#2597 = LINE('',#2598,#2599);
#2598 = CARTESIAN_POINT('',(5.81,-9.86875,3.5));
#2599 = VECTOR('',#2600,1.);
#2600 = DIRECTION('',(0.,1.,-0.));
#2601 = PCURVE('',#1447,#2602);
#2602 = DEFINITIONAL_REPRESENTATION('',(#2603),#2606);
#2603 = B_SPLINE_CURVE_WITH_KNOTS('',1,(#2604,#2605),.UNSPECIFIED.,.F.,
  .F.,(2,2),(9.60625,10.13125),.PIECEWISE_BEZIER_KNOTS.);
#2604 = CARTESIAN_POINT('',(3.1975,-0.525));
#2605 = CARTESIAN_POINT('',(3.1975,1.33226762955E-13));
#2606 = ( GEOMETRIC_REPRESENTATION_CONTEXT(2) 
PARAMETRIC_REPRESENTATION_CONTEXT() REPRESENTATION_CONTEXT('2D SPACE',''
  ) );
#2607 = PCURVE('',#2486,#2608);
#2608 = DEFINITIONAL_REPRESENTATION('',(#2609),#2612);
#2609 = B_SPLINE_CURVE_WITH_KNOTS('',1,(#2610,#2611),.UNSPECIFIED.,.F.,
  .F.,(2,2),(9.60625,10.13125),.PIECEWISE_BEZIER_KNOTS.);
#2610 = CARTESIAN_POINT('',(23.27,19.7375));
#2611 = CARTESIAN_POINT('',(23.27,20.2625));
#2612 = ( GEOMETRIC_REPRESENTATION_CONTEXT(2) 
PARAMETRIC_REPRESENTATION_CONTEXT() REPRESENTATION_CONTEXT('2D SPACE',''
  ) );
#2613 = ORIENTED_EDGE('',*,*,#2614,.T.);
#2614 = EDGE_CURVE('',#2594,#2523,#2615,.T.);
#2615 = SURFACE_CURVE('',#2616,(#2620,#2627),.PCURVE_S1.);
#2616 = LINE('',#2617,#2618);
#2617 = CARTESIAN_POINT('',(5.81,-0.2625,0.3025));
#2618 = VECTOR('',#2619,1.);
#2619 = DIRECTION('',(0.,3.330669073875E-16,1.));
#2620 = PCURVE('',#1447,#2621);
#2621 = DEFINITIONAL_REPRESENTATION('',(#2622),#2626);
#2622 = LINE('',#2623,#2624);
#2623 = CARTESIAN_POINT('',(-1.748601263784E-16,-0.525));
#2624 = VECTOR('',#2625,1.);
#2625 = DIRECTION('',(1.,0.));
#2626 = ( GEOMETRIC_REPRESENTATION_CONTEXT(2) 
PARAMETRIC_REPRESENTATION_CONTEXT() REPRESENTATION_CONTEXT('2D SPACE',''
  ) );
#2627 = PCURVE('',#2459,#2628);
#2628 = DEFINITIONAL_REPRESENTATION('',(#2629),#2633);
#2629 = LINE('',#2630,#2631);
#2630 = CARTESIAN_POINT('',(0.,1.46));
#2631 = VECTOR('',#2632,1.);
#2632 = DIRECTION('',(-1.,0.));
#2633 = ( GEOMETRIC_REPRESENTATION_CONTEXT(2) 
PARAMETRIC_REPRESENTATION_CONTEXT() REPRESENTATION_CONTEXT('2D SPACE',''
  ) );
#2634 = ORIENTED_EDGE('',*,*,#2522,.F.);
#2635 = ORIENTED_EDGE('',*,*,#1431,.T.);
#2636 = ORIENTED_EDGE('',*,*,#1750,.T.);
#2637 = ADVANCED_FACE('',(#2638),#1498,.T.);
#2638 = FACE_BOUND('',#2639,.T.);
#2639 = EDGE_LOOP('',(#2640,#2641,#2642,#2643,#2644,#2645));
#2640 = ORIENTED_EDGE('',*,*,#1482,.F.);
#2641 = ORIENTED_EDGE('',*,*,#1728,.F.);
#2642 = ORIENTED_EDGE('',*,*,#1683,.T.);
#2643 = ORIENTED_EDGE('',*,*,#1634,.F.);
#2644 = ORIENTED_EDGE('',*,*,#1584,.F.);
#2645 = ORIENTED_EDGE('',*,*,#1535,.F.);
#2646 = ADVANCED_FACE('',(#2647),#1935,.F.);
#2647 = FACE_BOUND('',#2648,.F.);
#2648 = EDGE_LOOP('',(#2649,#2650,#2651,#2670));
#2649 = ORIENTED_EDGE('',*,*,#1919,.T.);
#2650 = ORIENTED_EDGE('',*,*,#2051,.T.);
#2651 = ORIENTED_EDGE('',*,*,#2652,.F.);
#2652 = EDGE_CURVE('',#2125,#2026,#2653,.T.);
#2653 = SURFACE_CURVE('',#2654,(#2658,#2664),.PCURVE_S1.);
#2654 = LINE('',#2655,#2656);
#2655 = CARTESIAN_POINT('',(-9.095,0.2625,3.5));
#2656 = VECTOR('',#2657,1.);
#2657 = DIRECTION('',(-1.,0.,0.));
#2658 = PCURVE('',#1935,#2659);
#2659 = DEFINITIONAL_REPRESENTATION('',(#2660),#2663);
#2660 = B_SPLINE_CURVE_WITH_KNOTS('',1,(#2661,#2662),.UNSPECIFIED.,.F.,
  .F.,(2,2),(-9.825,-8.365),.PIECEWISE_BEZIER_KNOTS.);
#2661 = CARTESIAN_POINT('',(-3.197500000002,1.46));
#2662 = CARTESIAN_POINT('',(-3.197500000002,0.));
#2663 = ( GEOMETRIC_REPRESENTATION_CONTEXT(2) 
PARAMETRIC_REPRESENTATION_CONTEXT() REPRESENTATION_CONTEXT('2D SPACE',''
  ) );
#2664 = PCURVE('',#2040,#2665);
#2665 = DEFINITIONAL_REPRESENTATION('',(#2666),#2669);
#2666 = B_SPLINE_CURVE_WITH_KNOTS('',1,(#2667,#2668),.UNSPECIFIED.,.F.,
  .F.,(2,2),(-9.825,-8.365),.PIECEWISE_BEZIER_KNOTS.);
#2667 = CARTESIAN_POINT('',(18.19,20.2625));
#2668 = CARTESIAN_POINT('',(16.73,20.2625));
#2669 = ( GEOMETRIC_REPRESENTATION_CONTEXT(2) 
PARAMETRIC_REPRESENTATION_CONTEXT() REPRESENTATION_CONTEXT('2D SPACE',''
  ) );
#2670 = ORIENTED_EDGE('',*,*,#2124,.T.);
#2671 = ADVANCED_FACE('',(#2672),#1862,.F.);
#2672 = FACE_BOUND('',#2673,.F.);
#2673 = EDGE_LOOP('',(#2674,#2675,#2676,#2695));
#2674 = ORIENTED_EDGE('',*,*,#1846,.T.);
#2675 = ORIENTED_EDGE('',*,*,#2274,.T.);
#2676 = ORIENTED_EDGE('',*,*,#2677,.F.);
#2677 = EDGE_CURVE('',#2348,#2249,#2678,.T.);
#2678 = SURFACE_CURVE('',#2679,(#2683,#2689),.PCURVE_S1.);
#2679 = LINE('',#2680,#2681);
#2680 = CARTESIAN_POINT('',(-7.825,0.2625,3.5));
#2681 = VECTOR('',#2682,1.);
#2682 = DIRECTION('',(-1.,0.,0.));
#2683 = PCURVE('',#1862,#2684);
#2684 = DEFINITIONAL_REPRESENTATION('',(#2685),#2688);
#2685 = B_SPLINE_CURVE_WITH_KNOTS('',1,(#2686,#2687),.UNSPECIFIED.,.F.,
  .F.,(2,2),(-11.095,-9.635),.PIECEWISE_BEZIER_KNOTS.);
#2686 = CARTESIAN_POINT('',(-3.1975,1.46));
#2687 = CARTESIAN_POINT('',(-3.1975,0.));
#2688 = ( GEOMETRIC_REPRESENTATION_CONTEXT(2) 
PARAMETRIC_REPRESENTATION_CONTEXT() REPRESENTATION_CONTEXT('2D SPACE',''
  ) );
#2689 = PCURVE('',#2263,#2690);
#2690 = DEFINITIONAL_REPRESENTATION('',(#2691),#2694);
#2691 = B_SPLINE_CURVE_WITH_KNOTS('',1,(#2692,#2693),.UNSPECIFIED.,.F.,
  .F.,(2,2),(-11.095,-9.635),.PIECEWISE_BEZIER_KNOTS.);
#2692 = CARTESIAN_POINT('',(20.73,20.2625));
#2693 = CARTESIAN_POINT('',(19.27,20.2625));
#2694 = ( GEOMETRIC_REPRESENTATION_CONTEXT(2) 
PARAMETRIC_REPRESENTATION_CONTEXT() REPRESENTATION_CONTEXT('2D SPACE',''
  ) );
#2695 = ORIENTED_EDGE('',*,*,#2347,.T.);
#2696 = ADVANCED_FACE('',(#2697),#1789,.F.);
#2697 = FACE_BOUND('',#2698,.F.);
#2698 = EDGE_LOOP('',(#2699,#2700,#2701,#2720));
#2699 = ORIENTED_EDGE('',*,*,#1773,.T.);
#2700 = ORIENTED_EDGE('',*,*,#2497,.T.);
#2701 = ORIENTED_EDGE('',*,*,#2702,.F.);
#2702 = EDGE_CURVE('',#2571,#2472,#2703,.T.);
#2703 = SURFACE_CURVE('',#2704,(#2708,#2714),.PCURVE_S1.);
#2704 = LINE('',#2705,#2706);
#2705 = CARTESIAN_POINT('',(-6.555,0.2625,3.5));
#2706 = VECTOR('',#2707,1.);
#2707 = DIRECTION('',(-1.,0.,0.));
#2708 = PCURVE('',#1789,#2709);
#2709 = DEFINITIONAL_REPRESENTATION('',(#2710),#2713);
#2710 = B_SPLINE_CURVE_WITH_KNOTS('',1,(#2711,#2712),.UNSPECIFIED.,.F.,
  .F.,(2,2),(-12.365,-10.905),.PIECEWISE_BEZIER_KNOTS.);
#2711 = CARTESIAN_POINT('',(-3.1975,1.46));
#2712 = CARTESIAN_POINT('',(-3.1975,0.));
#2713 = ( GEOMETRIC_REPRESENTATION_CONTEXT(2) 
PARAMETRIC_REPRESENTATION_CONTEXT() REPRESENTATION_CONTEXT('2D SPACE',''
  ) );
#2714 = PCURVE('',#2486,#2715);
#2715 = DEFINITIONAL_REPRESENTATION('',(#2716),#2719);
#2716 = B_SPLINE_CURVE_WITH_KNOTS('',1,(#2717,#2718),.UNSPECIFIED.,.F.,
  .F.,(2,2),(-12.365,-10.905),.PIECEWISE_BEZIER_KNOTS.);
#2717 = CARTESIAN_POINT('',(23.27,20.2625));
#2718 = CARTESIAN_POINT('',(21.81,20.2625));
#2719 = ( GEOMETRIC_REPRESENTATION_CONTEXT(2) 
PARAMETRIC_REPRESENTATION_CONTEXT() REPRESENTATION_CONTEXT('2D SPACE',''
  ) );
#2720 = ORIENTED_EDGE('',*,*,#2570,.T.);
#2721 = ADVANCED_FACE('',(#2722),#2040,.F.);
#2722 = FACE_BOUND('',#2723,.F.);
#2723 = EDGE_LOOP('',(#2724,#2743,#2744,#2745));
#2724 = ORIENTED_EDGE('',*,*,#2725,.F.);
#2725 = EDGE_CURVE('',#2148,#1998,#2726,.T.);
#2726 = SURFACE_CURVE('',#2727,(#2731,#2737),.PCURVE_S1.);
#2727 = LINE('',#2728,#2729);
#2728 = CARTESIAN_POINT('',(-9.095,-0.2625,3.5));
#2729 = VECTOR('',#2730,1.);
#2730 = DIRECTION('',(-1.,0.,0.));
#2731 = PCURVE('',#2040,#2732);
#2732 = DEFINITIONAL_REPRESENTATION('',(#2733),#2736);
#2733 = B_SPLINE_CURVE_WITH_KNOTS('',1,(#2734,#2735),.UNSPECIFIED.,.F.,
  .F.,(2,2),(-9.825,-8.365),.PIECEWISE_BEZIER_KNOTS.);
#2734 = CARTESIAN_POINT('',(18.19,19.7375));
#2735 = CARTESIAN_POINT('',(16.73,19.7375));
#2736 = ( GEOMETRIC_REPRESENTATION_CONTEXT(2) 
PARAMETRIC_REPRESENTATION_CONTEXT() REPRESENTATION_CONTEXT('2D SPACE',''
  ) );
#2737 = PCURVE('',#2013,#2738);
#2738 = DEFINITIONAL_REPRESENTATION('',(#2739),#2742);
#2739 = B_SPLINE_CURVE_WITH_KNOTS('',1,(#2740,#2741),.UNSPECIFIED.,.F.,
  .F.,(2,2),(-9.825,-8.365),.PIECEWISE_BEZIER_KNOTS.);
#2740 = CARTESIAN_POINT('',(-3.197500000002,1.46));
#2741 = CARTESIAN_POINT('',(-3.197500000002,0.));
#2742 = ( GEOMETRIC_REPRESENTATION_CONTEXT(2) 
PARAMETRIC_REPRESENTATION_CONTEXT() REPRESENTATION_CONTEXT('2D SPACE',''
  ) );
#2743 = ORIENTED_EDGE('',*,*,#2147,.T.);
#2744 = ORIENTED_EDGE('',*,*,#2652,.T.);
#2745 = ORIENTED_EDGE('',*,*,#2025,.T.);
#2746 = ADVANCED_FACE('',(#2747),#2013,.T.);
#2747 = FACE_BOUND('',#2748,.T.);
#2748 = EDGE_LOOP('',(#2749,#2750,#2751,#2752));
#2749 = ORIENTED_EDGE('',*,*,#1997,.T.);
#2750 = ORIENTED_EDGE('',*,*,#2725,.F.);
#2751 = ORIENTED_EDGE('',*,*,#2168,.T.);
#2752 = ORIENTED_EDGE('',*,*,#2099,.T.);
#2753 = ADVANCED_FACE('',(#2754),#2263,.F.);
#2754 = FACE_BOUND('',#2755,.F.);
#2755 = EDGE_LOOP('',(#2756,#2775,#2776,#2777));
#2756 = ORIENTED_EDGE('',*,*,#2757,.F.);
#2757 = EDGE_CURVE('',#2371,#2221,#2758,.T.);
#2758 = SURFACE_CURVE('',#2759,(#2763,#2769),.PCURVE_S1.);
#2759 = LINE('',#2760,#2761);
#2760 = CARTESIAN_POINT('',(-7.825,-0.2625,3.5));
#2761 = VECTOR('',#2762,1.);
#2762 = DIRECTION('',(-1.,0.,0.));
#2763 = PCURVE('',#2263,#2764);
#2764 = DEFINITIONAL_REPRESENTATION('',(#2765),#2768);
#2765 = B_SPLINE_CURVE_WITH_KNOTS('',1,(#2766,#2767),.UNSPECIFIED.,.F.,
  .F.,(2,2),(-11.095,-9.635),.PIECEWISE_BEZIER_KNOTS.);
#2766 = CARTESIAN_POINT('',(20.73,19.7375));
#2767 = CARTESIAN_POINT('',(19.27,19.7375));
#2768 = ( GEOMETRIC_REPRESENTATION_CONTEXT(2) 
PARAMETRIC_REPRESENTATION_CONTEXT() REPRESENTATION_CONTEXT('2D SPACE',''
  ) );
#2769 = PCURVE('',#2236,#2770);
#2770 = DEFINITIONAL_REPRESENTATION('',(#2771),#2774);
#2771 = B_SPLINE_CURVE_WITH_KNOTS('',1,(#2772,#2773),.UNSPECIFIED.,.F.,
  .F.,(2,2),(-11.095,-9.635),.PIECEWISE_BEZIER_KNOTS.);
#2772 = CARTESIAN_POINT('',(-3.1975,1.46));
#2773 = CARTESIAN_POINT('',(-3.1975,0.));
#2774 = ( GEOMETRIC_REPRESENTATION_CONTEXT(2) 
PARAMETRIC_REPRESENTATION_CONTEXT() REPRESENTATION_CONTEXT('2D SPACE',''
  ) );
#2775 = ORIENTED_EDGE('',*,*,#2370,.T.);
#2776 = ORIENTED_EDGE('',*,*,#2677,.T.);
#2777 = ORIENTED_EDGE('',*,*,#2248,.T.);
#2778 = ADVANCED_FACE('',(#2779),#2236,.T.);
#2779 = FACE_BOUND('',#2780,.T.);
#2780 = EDGE_LOOP('',(#2781,#2782,#2783,#2784));
#2781 = ORIENTED_EDGE('',*,*,#2220,.T.);
#2782 = ORIENTED_EDGE('',*,*,#2757,.F.);
#2783 = ORIENTED_EDGE('',*,*,#2391,.T.);
#2784 = ORIENTED_EDGE('',*,*,#2322,.T.);
#2785 = ADVANCED_FACE('',(#2786),#2486,.F.);
#2786 = FACE_BOUND('',#2787,.F.);
#2787 = EDGE_LOOP('',(#2788,#2807,#2808,#2809));
#2788 = ORIENTED_EDGE('',*,*,#2789,.F.);
#2789 = EDGE_CURVE('',#2594,#2444,#2790,.T.);
#2790 = SURFACE_CURVE('',#2791,(#2795,#2801),.PCURVE_S1.);
#2791 = LINE('',#2792,#2793);
#2792 = CARTESIAN_POINT('',(-6.555,-0.2625,3.5));
#2793 = VECTOR('',#2794,1.);
#2794 = DIRECTION('',(-1.,0.,0.));
#2795 = PCURVE('',#2486,#2796);
#2796 = DEFINITIONAL_REPRESENTATION('',(#2797),#2800);
#2797 = B_SPLINE_CURVE_WITH_KNOTS('',1,(#2798,#2799),.UNSPECIFIED.,.F.,
  .F.,(2,2),(-12.365,-10.905),.PIECEWISE_BEZIER_KNOTS.);
#2798 = CARTESIAN_POINT('',(23.27,19.7375));
#2799 = CARTESIAN_POINT('',(21.81,19.7375));
#2800 = ( GEOMETRIC_REPRESENTATION_CONTEXT(2) 
PARAMETRIC_REPRESENTATION_CONTEXT() REPRESENTATION_CONTEXT('2D SPACE',''
  ) );
#2801 = PCURVE('',#2459,#2802);
#2802 = DEFINITIONAL_REPRESENTATION('',(#2803),#2806);
#2803 = B_SPLINE_CURVE_WITH_KNOTS('',1,(#2804,#2805),.UNSPECIFIED.,.F.,
  .F.,(2,2),(-12.365,-10.905),.PIECEWISE_BEZIER_KNOTS.);
#2804 = CARTESIAN_POINT('',(-3.1975,1.46));
#2805 = CARTESIAN_POINT('',(-3.1975,0.));
#2806 = ( GEOMETRIC_REPRESENTATION_CONTEXT(2) 
PARAMETRIC_REPRESENTATION_CONTEXT() REPRESENTATION_CONTEXT('2D SPACE',''
  ) );
#2807 = ORIENTED_EDGE('',*,*,#2593,.T.);
#2808 = ORIENTED_EDGE('',*,*,#2702,.T.);
#2809 = ORIENTED_EDGE('',*,*,#2471,.T.);
#2810 = ADVANCED_FACE('',(#2811),#2459,.T.);
#2811 = FACE_BOUND('',#2812,.T.);
#2812 = EDGE_LOOP('',(#2813,#2814,#2815,#2816));
#2813 = ORIENTED_EDGE('',*,*,#2443,.T.);
#2814 = ORIENTED_EDGE('',*,*,#2789,.F.);
#2815 = ORIENTED_EDGE('',*,*,#2614,.T.);
#2816 = ORIENTED_EDGE('',*,*,#2545,.T.);
#2817 = ( GEOMETRIC_REPRESENTATION_CONTEXT(3) 
GLOBAL_UNCERTAINTY_ASSIGNED_CONTEXT((#2821)) 
GLOBAL_UNIT_ASSIGNED_CONTEXT((#2818,#2819,#2820)) REPRESENTATION_CONTEXT
('Context #1','3D Context with UNIT and UNCERTAINTY') );
#2818 = ( LENGTH_UNIT() NAMED_UNIT(*) SI_UNIT(.MILLI.,.METRE.) );
#2819 = ( NAMED_UNIT(*) PLANE_ANGLE_UNIT() SI_UNIT($,.RADIAN.) );
#2820 = ( NAMED_UNIT(*) SI_UNIT($,.STERADIAN.) SOLID_ANGLE_UNIT() );
#2821 = UNCERTAINTY_MEASURE_WITH_UNIT(LENGTH_MEASURE(1.E-07),#2818,
  'distance_accuracy_value','confusion accuracy');
#2822 = CONTEXT_DEPENDENT_SHAPE_REPRESENTATION(#2823,#2825);
#2823 = ( REPRESENTATION_RELATIONSHIP('','',#956,#10) 
REPRESENTATION_RELATIONSHIP_WITH_TRANSFORMATION(#2824) 
SHAPE_REPRESENTATION_RELATIONSHIP() );
#2824 = ITEM_DEFINED_TRANSFORMATION('','',#11,#19);
#2825 = PRODUCT_DEFINITION_SHAPE('Placement','Placement of an item',
  #2826);
#2826 = NEXT_ASSEMBLY_USAGE_OCCURRENCE('2','moulded_body','',#5,#951,$);
#2827 = PRODUCT_RELATED_PRODUCT_CATEGORY('part',$,(#953));
#2828 = SHAPE_DEFINITION_REPRESENTATION(#2829,#2835);
#2829 = PRODUCT_DEFINITION_SHAPE('','',#2830);
#2830 = PRODUCT_DEFINITION('design','',#2831,#2834);
#2831 = PRODUCT_DEFINITION_FORMATION('','',#2832);
#2832 = PRODUCT('lead_1','lead_1','',(#2833));
#2833 = PRODUCT_CONTEXT('',#2,'mechanical');
#2834 = PRODUCT_DEFINITION_CONTEXT('part definition',#2,'design');
#2835 = ADVANCED_BREP_SHAPE_REPRESENTATION('',(#11,#2836),#3386);
#2836 = MANIFOLD_SOLID_BREP('',#2837);
#2837 = CLOSED_SHELL('',(#2838,#2958,#3112,#3246,#3273,#3300,#3325,#3352
    ,#3379));
#2838 = ADVANCED_FACE('',(#2839),#2853,.F.);
#2839 = FACE_BOUND('',#2840,.F.);
#2840 = EDGE_LOOP('',(#2841,#2876,#2904,#2932));
#2841 = ORIENTED_EDGE('',*,*,#2842,.F.);
#2842 = EDGE_CURVE('',#2843,#2845,#2847,.T.);
#2843 = VERTEX_POINT('',#2844);
#2844 = CARTESIAN_POINT('',(-1.67,-0.25,-2.));
#2845 = VERTEX_POINT('',#2846);
#2846 = CARTESIAN_POINT('',(-1.67,-0.25,1.05));
#2847 = SURFACE_CURVE('',#2848,(#2852,#2864),.PCURVE_S1.);
#2848 = LINE('',#2849,#2850);
#2849 = CARTESIAN_POINT('',(-1.67,-0.25,-2.));
#2850 = VECTOR('',#2851,1.);
#2851 = DIRECTION('',(0.,0.,1.));
#2852 = PCURVE('',#2853,#2858);
#2853 = PLANE('',#2854);
#2854 = AXIS2_PLACEMENT_3D('',#2855,#2856,#2857);
#2855 = CARTESIAN_POINT('',(-1.67,-0.25,-2.));
#2856 = DIRECTION('',(1.,0.,0.));
#2857 = DIRECTION('',(0.,0.,1.));
#2858 = DEFINITIONAL_REPRESENTATION('',(#2859),#2863);
#2859 = LINE('',#2860,#2861);
#2860 = CARTESIAN_POINT('',(0.,0.));
#2861 = VECTOR('',#2862,1.);
#2862 = DIRECTION('',(1.,0.));
#2863 = ( GEOMETRIC_REPRESENTATION_CONTEXT(2) 
PARAMETRIC_REPRESENTATION_CONTEXT() REPRESENTATION_CONTEXT('2D SPACE',''
  ) );
#2864 = PCURVE('',#2865,#2870);
#2865 = PLANE('',#2866);
#2866 = AXIS2_PLACEMENT_3D('',#2867,#2868,#2869);
#2867 = CARTESIAN_POINT('',(-1.67,-0.25,-2.));
#2868 = DIRECTION('',(0.,1.,0.));
#2869 = DIRECTION('',(0.,0.,1.));
#2870 = DEFINITIONAL_REPRESENTATION('',(#2871),#2875);
#2871 = LINE('',#2872,#2873);
#2872 = CARTESIAN_POINT('',(0.,0.));
#2873 = VECTOR('',#2874,1.);
#2874 = DIRECTION('',(1.,0.));
#2875 = ( GEOMETRIC_REPRESENTATION_CONTEXT(2) 
PARAMETRIC_REPRESENTATION_CONTEXT() REPRESENTATION_CONTEXT('2D SPACE',''
  ) );
#2876 = ORIENTED_EDGE('',*,*,#2877,.T.);
#2877 = EDGE_CURVE('',#2843,#2878,#2880,.T.);
#2878 = VERTEX_POINT('',#2879);
#2879 = CARTESIAN_POINT('',(-1.67,0.25,-2.));
#2880 = SURFACE_CURVE('',#2881,(#2885,#2892),.PCURVE_S1.);
#2881 = LINE('',#2882,#2883);
#2882 = CARTESIAN_POINT('',(-1.67,-0.25,-2.));
#2883 = VECTOR('',#2884,1.);
#2884 = DIRECTION('',(0.,1.,0.));
#2885 = PCURVE('',#2853,#2886);
#2886 = DEFINITIONAL_REPRESENTATION('',(#2887),#2891);
#2887 = LINE('',#2888,#2889);
#2888 = CARTESIAN_POINT('',(0.,0.));
#2889 = VECTOR('',#2890,1.);
#2890 = DIRECTION('',(0.,-1.));
#2891 = ( GEOMETRIC_REPRESENTATION_CONTEXT(2) 
PARAMETRIC_REPRESENTATION_CONTEXT() REPRESENTATION_CONTEXT('2D SPACE',''
  ) );
#2892 = PCURVE('',#2893,#2898);
#2893 = PLANE('',#2894);
#2894 = AXIS2_PLACEMENT_3D('',#2895,#2896,#2897);
#2895 = CARTESIAN_POINT('',(-1.67,-0.25,-2.));
#2896 = DIRECTION('',(0.,0.,1.));
#2897 = DIRECTION('',(1.,0.,0.));
#2898 = DEFINITIONAL_REPRESENTATION('',(#2899),#2903);
#2899 = LINE('',#2900,#2901);
#2900 = CARTESIAN_POINT('',(0.,0.));
#2901 = VECTOR('',#2902,1.);
#2902 = DIRECTION('',(0.,1.));
#2903 = ( GEOMETRIC_REPRESENTATION_CONTEXT(2) 
PARAMETRIC_REPRESENTATION_CONTEXT() REPRESENTATION_CONTEXT('2D SPACE',''
  ) );
#2904 = ORIENTED_EDGE('',*,*,#2905,.F.);
#2905 = EDGE_CURVE('',#2906,#2878,#2908,.T.);
#2906 = VERTEX_POINT('',#2907);
#2907 = CARTESIAN_POINT('',(-1.67,0.25,1.05));
#2908 = SURFACE_CURVE('',#2909,(#2913,#2920),.PCURVE_S1.);
#2909 = LINE('',#2910,#2911);
#2910 = CARTESIAN_POINT('',(-1.67,0.25,1.05));
#2911 = VECTOR('',#2912,1.);
#2912 = DIRECTION('',(0.,0.,-1.));
#2913 = PCURVE('',#2853,#2914);
#2914 = DEFINITIONAL_REPRESENTATION('',(#2915),#2919);
#2915 = LINE('',#2916,#2917);
#2916 = CARTESIAN_POINT('',(3.05,-0.5));
#2917 = VECTOR('',#2918,1.);
#2918 = DIRECTION('',(-1.,0.));
#2919 = ( GEOMETRIC_REPRESENTATION_CONTEXT(2) 
PARAMETRIC_REPRESENTATION_CONTEXT() REPRESENTATION_CONTEXT('2D SPACE',''
  ) );
#2920 = PCURVE('',#2921,#2926);
#2921 = PLANE('',#2922);
#2922 = AXIS2_PLACEMENT_3D('',#2923,#2924,#2925);
#2923 = CARTESIAN_POINT('',(-1.67,0.25,-2.));
#2924 = DIRECTION('',(0.,1.,0.));
#2925 = DIRECTION('',(0.,0.,1.));
#2926 = DEFINITIONAL_REPRESENTATION('',(#2927),#2931);
#2927 = LINE('',#2928,#2929);
#2928 = CARTESIAN_POINT('',(3.05,0.));
#2929 = VECTOR('',#2930,1.);
#2930 = DIRECTION('',(-1.,0.));
#2931 = ( GEOMETRIC_REPRESENTATION_CONTEXT(2) 
PARAMETRIC_REPRESENTATION_CONTEXT() REPRESENTATION_CONTEXT('2D SPACE',''
  ) );
#2932 = ORIENTED_EDGE('',*,*,#2933,.F.);
#2933 = EDGE_CURVE('',#2845,#2906,#2934,.T.);
#2934 = SURFACE_CURVE('',#2935,(#2939,#2946),.PCURVE_S1.);
#2935 = LINE('',#2936,#2937);
#2936 = CARTESIAN_POINT('',(-1.67,-0.25,1.05));
#2937 = VECTOR('',#2938,1.);
#2938 = DIRECTION('',(0.,1.,0.));
#2939 = PCURVE('',#2853,#2940);
#2940 = DEFINITIONAL_REPRESENTATION('',(#2941),#2945);
#2941 = LINE('',#2942,#2943);
#2942 = CARTESIAN_POINT('',(3.05,0.));
#2943 = VECTOR('',#2944,1.);
#2944 = DIRECTION('',(0.,-1.));
#2945 = ( GEOMETRIC_REPRESENTATION_CONTEXT(2) 
PARAMETRIC_REPRESENTATION_CONTEXT() REPRESENTATION_CONTEXT('2D SPACE',''
  ) );
#2946 = PCURVE('',#2947,#2952);
#2947 = PLANE('',#2948);
#2948 = AXIS2_PLACEMENT_3D('',#2949,#2950,#2951);
#2949 = CARTESIAN_POINT('',(-1.67,-0.25,1.05));
#2950 = DIRECTION('',(0.,0.,1.));
#2951 = DIRECTION('',(1.,0.,0.));
#2952 = DEFINITIONAL_REPRESENTATION('',(#2953),#2957);
#2953 = LINE('',#2954,#2955);
#2954 = CARTESIAN_POINT('',(0.,0.));
#2955 = VECTOR('',#2956,1.);
#2956 = DIRECTION('',(0.,1.));
#2957 = ( GEOMETRIC_REPRESENTATION_CONTEXT(2) 
PARAMETRIC_REPRESENTATION_CONTEXT() REPRESENTATION_CONTEXT('2D SPACE',''
  ) );
#2958 = ADVANCED_FACE('',(#2959),#2865,.F.);
#2959 = FACE_BOUND('',#2960,.F.);
#2960 = EDGE_LOOP('',(#2961,#2991,#3012,#3013,#3036,#3061,#3089));
#2961 = ORIENTED_EDGE('',*,*,#2962,.F.);
#2962 = EDGE_CURVE('',#2963,#2965,#2967,.T.);
#2963 = VERTEX_POINT('',#2964);
#2964 = CARTESIAN_POINT('',(-0.87,-0.25,-2.));
#2965 = VERTEX_POINT('',#2966);
#2966 = CARTESIAN_POINT('',(-0.87,-0.25,1.));
#2967 = SURFACE_CURVE('',#2968,(#2972,#2979),.PCURVE_S1.);
#2968 = LINE('',#2969,#2970);
#2969 = CARTESIAN_POINT('',(-0.87,-0.25,-2.));
#2970 = VECTOR('',#2971,1.);
#2971 = DIRECTION('',(0.,0.,1.));
#2972 = PCURVE('',#2865,#2973);
#2973 = DEFINITIONAL_REPRESENTATION('',(#2974),#2978);
#2974 = LINE('',#2975,#2976);
#2975 = CARTESIAN_POINT('',(0.,0.8));
#2976 = VECTOR('',#2977,1.);
#2977 = DIRECTION('',(1.,0.));
#2978 = ( GEOMETRIC_REPRESENTATION_CONTEXT(2) 
PARAMETRIC_REPRESENTATION_CONTEXT() REPRESENTATION_CONTEXT('2D SPACE',''
  ) );
#2979 = PCURVE('',#2980,#2985);
#2980 = PLANE('',#2981);
#2981 = AXIS2_PLACEMENT_3D('',#2982,#2983,#2984);
#2982 = CARTESIAN_POINT('',(-0.87,-0.25,-2.));
#2983 = DIRECTION('',(1.,0.,0.));
#2984 = DIRECTION('',(0.,0.,1.));
#2985 = DEFINITIONAL_REPRESENTATION('',(#2986),#2990);
#2986 = LINE('',#2987,#2988);
#2987 = CARTESIAN_POINT('',(0.,0.));
#2988 = VECTOR('',#2989,1.);
#2989 = DIRECTION('',(1.,0.));
#2990 = ( GEOMETRIC_REPRESENTATION_CONTEXT(2) 
PARAMETRIC_REPRESENTATION_CONTEXT() REPRESENTATION_CONTEXT('2D SPACE',''
  ) );
#2991 = ORIENTED_EDGE('',*,*,#2992,.F.);
#2992 = EDGE_CURVE('',#2843,#2963,#2993,.T.);
#2993 = SURFACE_CURVE('',#2994,(#2998,#3005),.PCURVE_S1.);
#2994 = LINE('',#2995,#2996);
#2995 = CARTESIAN_POINT('',(-1.67,-0.25,-2.));
#2996 = VECTOR('',#2997,1.);
#2997 = DIRECTION('',(1.,0.,0.));
#2998 = PCURVE('',#2865,#2999);
#2999 = DEFINITIONAL_REPRESENTATION('',(#3000),#3004);
#3000 = LINE('',#3001,#3002);
#3001 = CARTESIAN_POINT('',(0.,0.));
#3002 = VECTOR('',#3003,1.);
#3003 = DIRECTION('',(0.,1.));
#3004 = ( GEOMETRIC_REPRESENTATION_CONTEXT(2) 
PARAMETRIC_REPRESENTATION_CONTEXT() REPRESENTATION_CONTEXT('2D SPACE',''
  ) );
#3005 = PCURVE('',#2893,#3006);
#3006 = DEFINITIONAL_REPRESENTATION('',(#3007),#3011);
#3007 = LINE('',#3008,#3009);
#3008 = CARTESIAN_POINT('',(0.,0.));
#3009 = VECTOR('',#3010,1.);
#3010 = DIRECTION('',(1.,0.));
#3011 = ( GEOMETRIC_REPRESENTATION_CONTEXT(2) 
PARAMETRIC_REPRESENTATION_CONTEXT() REPRESENTATION_CONTEXT('2D SPACE',''
  ) );
#3012 = ORIENTED_EDGE('',*,*,#2842,.T.);
#3013 = ORIENTED_EDGE('',*,*,#3014,.T.);
#3014 = EDGE_CURVE('',#2845,#3015,#3017,.T.);
#3015 = VERTEX_POINT('',#3016);
#3016 = CARTESIAN_POINT('',(-1.646037735849,-0.25,1.05));
#3017 = SURFACE_CURVE('',#3018,(#3022,#3029),.PCURVE_S1.);
#3018 = LINE('',#3019,#3020);
#3019 = CARTESIAN_POINT('',(-1.67,-0.25,1.05));
#3020 = VECTOR('',#3021,1.);
#3021 = DIRECTION('',(1.,0.,0.));
#3022 = PCURVE('',#2865,#3023);
#3023 = DEFINITIONAL_REPRESENTATION('',(#3024),#3028);
#3024 = LINE('',#3025,#3026);
#3025 = CARTESIAN_POINT('',(3.05,0.));
#3026 = VECTOR('',#3027,1.);
#3027 = DIRECTION('',(0.,1.));
#3028 = ( GEOMETRIC_REPRESENTATION_CONTEXT(2) 
PARAMETRIC_REPRESENTATION_CONTEXT() REPRESENTATION_CONTEXT('2D SPACE',''
  ) );
#3029 = PCURVE('',#2947,#3030);
#3030 = DEFINITIONAL_REPRESENTATION('',(#3031),#3035);
#3031 = LINE('',#3032,#3033);
#3032 = CARTESIAN_POINT('',(0.,0.));
#3033 = VECTOR('',#3034,1.);
#3034 = DIRECTION('',(1.,0.));
#3035 = ( GEOMETRIC_REPRESENTATION_CONTEXT(2) 
PARAMETRIC_REPRESENTATION_CONTEXT() REPRESENTATION_CONTEXT('2D SPACE',''
  ) );
#3036 = ORIENTED_EDGE('',*,*,#3037,.T.);
#3037 = EDGE_CURVE('',#3015,#3038,#3040,.T.);
#3038 = VERTEX_POINT('',#3039);
#3039 = CARTESIAN_POINT('',(-0.4,-0.25,3.65));
#3040 = SURFACE_CURVE('',#3041,(#3044,#3050),.PCURVE_S1.);
#3041 = B_SPLINE_CURVE_WITH_KNOTS('',1,(#3042,#3043),.UNSPECIFIED.,.F.,
  .F.,(2,2),(0.,1.),.PIECEWISE_BEZIER_KNOTS.);
#3042 = CARTESIAN_POINT('',(-1.67,-0.25,1.));
#3043 = CARTESIAN_POINT('',(-0.4,-0.25,3.65));
#3044 = PCURVE('',#2865,#3045);
#3045 = DEFINITIONAL_REPRESENTATION('',(#3046),#3049);
#3046 = B_SPLINE_CURVE_WITH_KNOTS('',1,(#3047,#3048),.UNSPECIFIED.,.F.,
  .F.,(2,2),(0.,1.),.PIECEWISE_BEZIER_KNOTS.);
#3047 = CARTESIAN_POINT('',(3.,0.));
#3048 = CARTESIAN_POINT('',(5.65,1.27));
#3049 = ( GEOMETRIC_REPRESENTATION_CONTEXT(2) 
PARAMETRIC_REPRESENTATION_CONTEXT() REPRESENTATION_CONTEXT('2D SPACE',''
  ) );
#3050 = PCURVE('',#3051,#3056);
#3051 = PLANE('',#3052);
#3052 = AXIS2_PLACEMENT_3D('',#3053,#3054,#3055);
#3053 = CARTESIAN_POINT('',(-0.4,0.25,3.65));
#3054 = DIRECTION('',(-0.90178839948,0.,0.432177836732));
#3055 = DIRECTION('',(0.,-1.,0.));
#3056 = DEFINITIONAL_REPRESENTATION('',(#3057),#3060);
#3057 = B_SPLINE_CURVE_WITH_KNOTS('',1,(#3058,#3059),.UNSPECIFIED.,.F.,
  .F.,(2,2),(0.,1.),.PIECEWISE_BEZIER_KNOTS.);
#3058 = CARTESIAN_POINT('',(0.5,-2.938605111273));
#3059 = CARTESIAN_POINT('',(0.5,0.));
#3060 = ( GEOMETRIC_REPRESENTATION_CONTEXT(2) 
PARAMETRIC_REPRESENTATION_CONTEXT() REPRESENTATION_CONTEXT('2D SPACE',''
  ) );
#3061 = ORIENTED_EDGE('',*,*,#3062,.T.);
#3062 = EDGE_CURVE('',#3038,#3063,#3065,.T.);
#3063 = VERTEX_POINT('',#3064);
#3064 = CARTESIAN_POINT('',(0.4,-0.25,3.65));
#3065 = SURFACE_CURVE('',#3066,(#3070,#3077),.PCURVE_S1.);
#3066 = LINE('',#3067,#3068);
#3067 = CARTESIAN_POINT('',(-0.4,-0.25,3.65));
#3068 = VECTOR('',#3069,1.);
#3069 = DIRECTION('',(1.,0.,0.));
#3070 = PCURVE('',#2865,#3071);
#3071 = DEFINITIONAL_REPRESENTATION('',(#3072),#3076);
#3072 = LINE('',#3073,#3074);
#3073 = CARTESIAN_POINT('',(5.65,1.27));
#3074 = VECTOR('',#3075,1.);
#3075 = DIRECTION('',(0.,1.));
#3076 = ( GEOMETRIC_REPRESENTATION_CONTEXT(2) 
PARAMETRIC_REPRESENTATION_CONTEXT() REPRESENTATION_CONTEXT('2D SPACE',''
  ) );
#3077 = PCURVE('',#3078,#3083);
#3078 = PLANE('',#3079);
#3079 = AXIS2_PLACEMENT_3D('',#3080,#3081,#3082);
#3080 = CARTESIAN_POINT('',(-0.4,-0.25,3.65));
#3081 = DIRECTION('',(0.,0.,-1.));
#3082 = DIRECTION('',(0.847998304005,0.529998940003,0.));
#3083 = DEFINITIONAL_REPRESENTATION('',(#3084),#3088);
#3084 = LINE('',#3085,#3086);
#3085 = CARTESIAN_POINT('',(0.,0.));
#3086 = VECTOR('',#3087,1.);
#3087 = DIRECTION('',(0.847998304005,0.529998940003));
#3088 = ( GEOMETRIC_REPRESENTATION_CONTEXT(2) 
PARAMETRIC_REPRESENTATION_CONTEXT() REPRESENTATION_CONTEXT('2D SPACE',''
  ) );
#3089 = ORIENTED_EDGE('',*,*,#3090,.F.);
#3090 = EDGE_CURVE('',#2965,#3063,#3091,.T.);
#3091 = SURFACE_CURVE('',#3092,(#3095,#3101),.PCURVE_S1.);
#3092 = B_SPLINE_CURVE_WITH_KNOTS('',1,(#3093,#3094),.UNSPECIFIED.,.F.,
  .F.,(2,2),(0.,1.),.PIECEWISE_BEZIER_KNOTS.);
#3093 = CARTESIAN_POINT('',(-0.87,-0.25,1.));
#3094 = CARTESIAN_POINT('',(0.4,-0.25,3.65));
#3095 = PCURVE('',#2865,#3096);
#3096 = DEFINITIONAL_REPRESENTATION('',(#3097),#3100);
#3097 = B_SPLINE_CURVE_WITH_KNOTS('',1,(#3098,#3099),.UNSPECIFIED.,.F.,
  .F.,(2,2),(0.,1.),.PIECEWISE_BEZIER_KNOTS.);
#3098 = CARTESIAN_POINT('',(3.,0.8));
#3099 = CARTESIAN_POINT('',(5.65,2.07));
#3100 = ( GEOMETRIC_REPRESENTATION_CONTEXT(2) 
PARAMETRIC_REPRESENTATION_CONTEXT() REPRESENTATION_CONTEXT('2D SPACE',''
  ) );
#3101 = PCURVE('',#3102,#3107);
#3102 = PLANE('',#3103);
#3103 = AXIS2_PLACEMENT_3D('',#3104,#3105,#3106);
#3104 = CARTESIAN_POINT('',(0.4,-0.25,3.65));
#3105 = DIRECTION('',(0.90178839948,0.,-0.432177836732));
#3106 = DIRECTION('',(0.,1.,0.));
#3107 = DEFINITIONAL_REPRESENTATION('',(#3108),#3111);
#3108 = B_SPLINE_CURVE_WITH_KNOTS('',1,(#3109,#3110),.UNSPECIFIED.,.F.,
  .F.,(2,2),(0.,1.),.PIECEWISE_BEZIER_KNOTS.);
#3109 = CARTESIAN_POINT('',(0.,-2.938605111273));
#3110 = CARTESIAN_POINT('',(0.,0.));
#3111 = ( GEOMETRIC_REPRESENTATION_CONTEXT(2) 
PARAMETRIC_REPRESENTATION_CONTEXT() REPRESENTATION_CONTEXT('2D SPACE',''
  ) );
#3112 = ADVANCED_FACE('',(#3113),#2921,.T.);
#3113 = FACE_BOUND('',#3114,.T.);
#3114 = EDGE_LOOP('',(#3115,#3140,#3161,#3162,#3185,#3205,#3228));
#3115 = ORIENTED_EDGE('',*,*,#3116,.F.);
#3116 = EDGE_CURVE('',#3117,#3119,#3121,.T.);
#3117 = VERTEX_POINT('',#3118);
#3118 = CARTESIAN_POINT('',(-0.87,0.25,-2.));
#3119 = VERTEX_POINT('',#3120);
#3120 = CARTESIAN_POINT('',(-0.87,0.25,1.));
#3121 = SURFACE_CURVE('',#3122,(#3126,#3133),.PCURVE_S1.);
#3122 = LINE('',#3123,#3124);
#3123 = CARTESIAN_POINT('',(-0.87,0.25,-2.));
#3124 = VECTOR('',#3125,1.);
#3125 = DIRECTION('',(0.,0.,1.));
#3126 = PCURVE('',#2921,#3127);
#3127 = DEFINITIONAL_REPRESENTATION('',(#3128),#3132);
#3128 = LINE('',#3129,#3130);
#3129 = CARTESIAN_POINT('',(0.,0.8));
#3130 = VECTOR('',#3131,1.);
#3131 = DIRECTION('',(1.,0.));
#3132 = ( GEOMETRIC_REPRESENTATION_CONTEXT(2) 
PARAMETRIC_REPRESENTATION_CONTEXT() REPRESENTATION_CONTEXT('2D SPACE',''
  ) );
#3133 = PCURVE('',#2980,#3134);
#3134 = DEFINITIONAL_REPRESENTATION('',(#3135),#3139);
#3135 = LINE('',#3136,#3137);
#3136 = CARTESIAN_POINT('',(0.,-0.5));
#3137 = VECTOR('',#3138,1.);
#3138 = DIRECTION('',(1.,0.));
#3139 = ( GEOMETRIC_REPRESENTATION_CONTEXT(2) 
PARAMETRIC_REPRESENTATION_CONTEXT() REPRESENTATION_CONTEXT('2D SPACE',''
  ) );
#3140 = ORIENTED_EDGE('',*,*,#3141,.F.);
#3141 = EDGE_CURVE('',#2878,#3117,#3142,.T.);
#3142 = SURFACE_CURVE('',#3143,(#3147,#3154),.PCURVE_S1.);
#3143 = LINE('',#3144,#3145);
#3144 = CARTESIAN_POINT('',(-1.67,0.25,-2.));
#3145 = VECTOR('',#3146,1.);
#3146 = DIRECTION('',(1.,0.,0.));
#3147 = PCURVE('',#2921,#3148);
#3148 = DEFINITIONAL_REPRESENTATION('',(#3149),#3153);
#3149 = LINE('',#3150,#3151);
#3150 = CARTESIAN_POINT('',(0.,0.));
#3151 = VECTOR('',#3152,1.);
#3152 = DIRECTION('',(0.,1.));
#3153 = ( GEOMETRIC_REPRESENTATION_CONTEXT(2) 
PARAMETRIC_REPRESENTATION_CONTEXT() REPRESENTATION_CONTEXT('2D SPACE',''
  ) );
#3154 = PCURVE('',#2893,#3155);
#3155 = DEFINITIONAL_REPRESENTATION('',(#3156),#3160);
#3156 = LINE('',#3157,#3158);
#3157 = CARTESIAN_POINT('',(0.,0.5));
#3158 = VECTOR('',#3159,1.);
#3159 = DIRECTION('',(1.,0.));
#3160 = ( GEOMETRIC_REPRESENTATION_CONTEXT(2) 
PARAMETRIC_REPRESENTATION_CONTEXT() REPRESENTATION_CONTEXT('2D SPACE',''
  ) );
#3161 = ORIENTED_EDGE('',*,*,#2905,.F.);
#3162 = ORIENTED_EDGE('',*,*,#3163,.T.);
#3163 = EDGE_CURVE('',#2906,#3164,#3166,.T.);
#3164 = VERTEX_POINT('',#3165);
#3165 = CARTESIAN_POINT('',(-1.646037735849,0.25,1.05));
#3166 = SURFACE_CURVE('',#3167,(#3171,#3178),.PCURVE_S1.);
#3167 = LINE('',#3168,#3169);
#3168 = CARTESIAN_POINT('',(-1.67,0.25,1.05));
#3169 = VECTOR('',#3170,1.);
#3170 = DIRECTION('',(1.,0.,0.));
#3171 = PCURVE('',#2921,#3172);
#3172 = DEFINITIONAL_REPRESENTATION('',(#3173),#3177);
#3173 = LINE('',#3174,#3175);
#3174 = CARTESIAN_POINT('',(3.05,0.));
#3175 = VECTOR('',#3176,1.);
#3176 = DIRECTION('',(0.,1.));
#3177 = ( GEOMETRIC_REPRESENTATION_CONTEXT(2) 
PARAMETRIC_REPRESENTATION_CONTEXT() REPRESENTATION_CONTEXT('2D SPACE',''
  ) );
#3178 = PCURVE('',#2947,#3179);
#3179 = DEFINITIONAL_REPRESENTATION('',(#3180),#3184);
#3180 = LINE('',#3181,#3182);
#3181 = CARTESIAN_POINT('',(0.,0.5));
#3182 = VECTOR('',#3183,1.);
#3183 = DIRECTION('',(1.,0.));
#3184 = ( GEOMETRIC_REPRESENTATION_CONTEXT(2) 
PARAMETRIC_REPRESENTATION_CONTEXT() REPRESENTATION_CONTEXT('2D SPACE',''
  ) );
#3185 = ORIENTED_EDGE('',*,*,#3186,.T.);
#3186 = EDGE_CURVE('',#3164,#3187,#3189,.T.);
#3187 = VERTEX_POINT('',#3188);
#3188 = CARTESIAN_POINT('',(-0.4,0.25,3.65));
#3189 = SURFACE_CURVE('',#3190,(#3193,#3199),.PCURVE_S1.);
#3190 = B_SPLINE_CURVE_WITH_KNOTS('',1,(#3191,#3192),.UNSPECIFIED.,.F.,
  .F.,(2,2),(0.,1.),.PIECEWISE_BEZIER_KNOTS.);
#3191 = CARTESIAN_POINT('',(-1.67,0.25,1.));
#3192 = CARTESIAN_POINT('',(-0.4,0.25,3.65));
#3193 = PCURVE('',#2921,#3194);
#3194 = DEFINITIONAL_REPRESENTATION('',(#3195),#3198);
#3195 = B_SPLINE_CURVE_WITH_KNOTS('',1,(#3196,#3197),.UNSPECIFIED.,.F.,
  .F.,(2,2),(0.,1.),.PIECEWISE_BEZIER_KNOTS.);
#3196 = CARTESIAN_POINT('',(3.,0.));
#3197 = CARTESIAN_POINT('',(5.65,1.27));
#3198 = ( GEOMETRIC_REPRESENTATION_CONTEXT(2) 
PARAMETRIC_REPRESENTATION_CONTEXT() REPRESENTATION_CONTEXT('2D SPACE',''
  ) );
#3199 = PCURVE('',#3051,#3200);
#3200 = DEFINITIONAL_REPRESENTATION('',(#3201),#3204);
#3201 = B_SPLINE_CURVE_WITH_KNOTS('',1,(#3202,#3203),.UNSPECIFIED.,.F.,
  .F.,(2,2),(0.,1.),.PIECEWISE_BEZIER_KNOTS.);
#3202 = CARTESIAN_POINT('',(0.,-2.938605111273));
#3203 = CARTESIAN_POINT('',(0.,0.));
#3204 = ( GEOMETRIC_REPRESENTATION_CONTEXT(2) 
PARAMETRIC_REPRESENTATION_CONTEXT() REPRESENTATION_CONTEXT('2D SPACE',''
  ) );
#3205 = ORIENTED_EDGE('',*,*,#3206,.F.);
#3206 = EDGE_CURVE('',#3207,#3187,#3209,.T.);
#3207 = VERTEX_POINT('',#3208);
#3208 = CARTESIAN_POINT('',(0.4,0.25,3.65));
#3209 = SURFACE_CURVE('',#3210,(#3214,#3221),.PCURVE_S1.);
#3210 = LINE('',#3211,#3212);
#3211 = CARTESIAN_POINT('',(0.4,0.25,3.65));
#3212 = VECTOR('',#3213,1.);
#3213 = DIRECTION('',(-1.,0.,0.));
#3214 = PCURVE('',#2921,#3215);
#3215 = DEFINITIONAL_REPRESENTATION('',(#3216),#3220);
#3216 = LINE('',#3217,#3218);
#3217 = CARTESIAN_POINT('',(5.65,2.07));
#3218 = VECTOR('',#3219,1.);
#3219 = DIRECTION('',(0.,-1.));
#3220 = ( GEOMETRIC_REPRESENTATION_CONTEXT(2) 
PARAMETRIC_REPRESENTATION_CONTEXT() REPRESENTATION_CONTEXT('2D SPACE',''
  ) );
#3221 = PCURVE('',#3078,#3222);
#3222 = DEFINITIONAL_REPRESENTATION('',(#3223),#3227);
#3223 = LINE('',#3224,#3225);
#3224 = CARTESIAN_POINT('',(0.943398113206,5.551115123126E-17));
#3225 = VECTOR('',#3226,1.);
#3226 = DIRECTION('',(-0.847998304005,-0.529998940003));
#3227 = ( GEOMETRIC_REPRESENTATION_CONTEXT(2) 
PARAMETRIC_REPRESENTATION_CONTEXT() REPRESENTATION_CONTEXT('2D SPACE',''
  ) );
#3228 = ORIENTED_EDGE('',*,*,#3229,.F.);
#3229 = EDGE_CURVE('',#3119,#3207,#3230,.T.);
#3230 = SURFACE_CURVE('',#3231,(#3234,#3240),.PCURVE_S1.);
#3231 = B_SPLINE_CURVE_WITH_KNOTS('',1,(#3232,#3233),.UNSPECIFIED.,.F.,
  .F.,(2,2),(0.,1.),.PIECEWISE_BEZIER_KNOTS.);
#3232 = CARTESIAN_POINT('',(-0.87,0.25,1.));
#3233 = CARTESIAN_POINT('',(0.4,0.25,3.65));
#3234 = PCURVE('',#2921,#3235);
#3235 = DEFINITIONAL_REPRESENTATION('',(#3236),#3239);
#3236 = B_SPLINE_CURVE_WITH_KNOTS('',1,(#3237,#3238),.UNSPECIFIED.,.F.,
  .F.,(2,2),(0.,1.),.PIECEWISE_BEZIER_KNOTS.);
#3237 = CARTESIAN_POINT('',(3.,0.8));
#3238 = CARTESIAN_POINT('',(5.65,2.07));
#3239 = ( GEOMETRIC_REPRESENTATION_CONTEXT(2) 
PARAMETRIC_REPRESENTATION_CONTEXT() REPRESENTATION_CONTEXT('2D SPACE',''
  ) );
#3240 = PCURVE('',#3102,#3241);
#3241 = DEFINITIONAL_REPRESENTATION('',(#3242),#3245);
#3242 = B_SPLINE_CURVE_WITH_KNOTS('',1,(#3243,#3244),.UNSPECIFIED.,.F.,
  .F.,(2,2),(0.,1.),.PIECEWISE_BEZIER_KNOTS.);
#3243 = CARTESIAN_POINT('',(0.5,-2.938605111273));
#3244 = CARTESIAN_POINT('',(0.5,0.));
#3245 = ( GEOMETRIC_REPRESENTATION_CONTEXT(2) 
PARAMETRIC_REPRESENTATION_CONTEXT() REPRESENTATION_CONTEXT('2D SPACE',''
  ) );
#3246 = ADVANCED_FACE('',(#3247),#2893,.F.);
#3247 = FACE_BOUND('',#3248,.F.);
#3248 = EDGE_LOOP('',(#3249,#3250,#3251,#3272));
#3249 = ORIENTED_EDGE('',*,*,#2877,.F.);
#3250 = ORIENTED_EDGE('',*,*,#2992,.T.);
#3251 = ORIENTED_EDGE('',*,*,#3252,.T.);
#3252 = EDGE_CURVE('',#2963,#3117,#3253,.T.);
#3253 = SURFACE_CURVE('',#3254,(#3258,#3265),.PCURVE_S1.);
#3254 = LINE('',#3255,#3256);
#3255 = CARTESIAN_POINT('',(-0.87,-0.25,-2.));
#3256 = VECTOR('',#3257,1.);
#3257 = DIRECTION('',(0.,1.,0.));
#3258 = PCURVE('',#2893,#3259);
#3259 = DEFINITIONAL_REPRESENTATION('',(#3260),#3264);
#3260 = LINE('',#3261,#3262);
#3261 = CARTESIAN_POINT('',(0.8,0.));
#3262 = VECTOR('',#3263,1.);
#3263 = DIRECTION('',(0.,1.));
#3264 = ( GEOMETRIC_REPRESENTATION_CONTEXT(2) 
PARAMETRIC_REPRESENTATION_CONTEXT() REPRESENTATION_CONTEXT('2D SPACE',''
  ) );
#3265 = PCURVE('',#2980,#3266);
#3266 = DEFINITIONAL_REPRESENTATION('',(#3267),#3271);
#3267 = LINE('',#3268,#3269);
#3268 = CARTESIAN_POINT('',(0.,0.));
#3269 = VECTOR('',#3270,1.);
#3270 = DIRECTION('',(0.,-1.));
#3271 = ( GEOMETRIC_REPRESENTATION_CONTEXT(2) 
PARAMETRIC_REPRESENTATION_CONTEXT() REPRESENTATION_CONTEXT('2D SPACE',''
  ) );
#3272 = ORIENTED_EDGE('',*,*,#3141,.F.);
#3273 = ADVANCED_FACE('',(#3274),#2980,.T.);
#3274 = FACE_BOUND('',#3275,.T.);
#3275 = EDGE_LOOP('',(#3276,#3277,#3278,#3279));
#3276 = ORIENTED_EDGE('',*,*,#2962,.F.);
#3277 = ORIENTED_EDGE('',*,*,#3252,.T.);
#3278 = ORIENTED_EDGE('',*,*,#3116,.T.);
#3279 = ORIENTED_EDGE('',*,*,#3280,.F.);
#3280 = EDGE_CURVE('',#2965,#3119,#3281,.T.);
#3281 = SURFACE_CURVE('',#3282,(#3286,#3293),.PCURVE_S1.);
#3282 = LINE('',#3283,#3284);
#3283 = CARTESIAN_POINT('',(-0.87,-0.25,1.));
#3284 = VECTOR('',#3285,1.);
#3285 = DIRECTION('',(0.,1.,0.));
#3286 = PCURVE('',#2980,#3287);
#3287 = DEFINITIONAL_REPRESENTATION('',(#3288),#3292);
#3288 = LINE('',#3289,#3290);
#3289 = CARTESIAN_POINT('',(3.,0.));
#3290 = VECTOR('',#3291,1.);
#3291 = DIRECTION('',(0.,-1.));
#3292 = ( GEOMETRIC_REPRESENTATION_CONTEXT(2) 
PARAMETRIC_REPRESENTATION_CONTEXT() REPRESENTATION_CONTEXT('2D SPACE',''
  ) );
#3293 = PCURVE('',#3102,#3294);
#3294 = DEFINITIONAL_REPRESENTATION('',(#3295),#3299);
#3295 = LINE('',#3296,#3297);
#3296 = CARTESIAN_POINT('',(0.,-2.938605111273));
#3297 = VECTOR('',#3298,1.);
#3298 = DIRECTION('',(1.,0.));
#3299 = ( GEOMETRIC_REPRESENTATION_CONTEXT(2) 
PARAMETRIC_REPRESENTATION_CONTEXT() REPRESENTATION_CONTEXT('2D SPACE',''
  ) );
#3300 = ADVANCED_FACE('',(#3301),#2947,.T.);
#3301 = FACE_BOUND('',#3302,.T.);
#3302 = EDGE_LOOP('',(#3303,#3304,#3305,#3306));
#3303 = ORIENTED_EDGE('',*,*,#3163,.F.);
#3304 = ORIENTED_EDGE('',*,*,#2933,.F.);
#3305 = ORIENTED_EDGE('',*,*,#3014,.T.);
#3306 = ORIENTED_EDGE('',*,*,#3307,.F.);
#3307 = EDGE_CURVE('',#3164,#3015,#3308,.T.);
#3308 = SURFACE_CURVE('',#3309,(#3313,#3319),.PCURVE_S1.);
#3309 = LINE('',#3310,#3311);
#3310 = CARTESIAN_POINT('',(-1.646037735849,0.,1.05));
#3311 = VECTOR('',#3312,1.);
#3312 = DIRECTION('',(0.,-1.,0.));
#3313 = PCURVE('',#2947,#3314);
#3314 = DEFINITIONAL_REPRESENTATION('',(#3315),#3318);
#3315 = B_SPLINE_CURVE_WITH_KNOTS('',1,(#3316,#3317),.UNSPECIFIED.,.F.,
  .F.,(2,2),(-0.25,0.25),.PIECEWISE_BEZIER_KNOTS.);
#3316 = CARTESIAN_POINT('',(2.396226415094E-02,0.5));
#3317 = CARTESIAN_POINT('',(2.396226415094E-02,0.));
#3318 = ( GEOMETRIC_REPRESENTATION_CONTEXT(2) 
PARAMETRIC_REPRESENTATION_CONTEXT() REPRESENTATION_CONTEXT('2D SPACE',''
  ) );
#3319 = PCURVE('',#3051,#3320);
#3320 = DEFINITIONAL_REPRESENTATION('',(#3321),#3324);
#3321 = B_SPLINE_CURVE_WITH_KNOTS('',1,(#3322,#3323),.UNSPECIFIED.,.F.,
  .F.,(2,2),(-0.25,0.25),.PIECEWISE_BEZIER_KNOTS.);
#3322 = CARTESIAN_POINT('',(0.,-2.883159731815));
#3323 = CARTESIAN_POINT('',(0.5,-2.883159731815));
#3324 = ( GEOMETRIC_REPRESENTATION_CONTEXT(2) 
PARAMETRIC_REPRESENTATION_CONTEXT() REPRESENTATION_CONTEXT('2D SPACE',''
  ) );
#3325 = ADVANCED_FACE('',(#3326),#3102,.T.);
#3326 = FACE_BOUND('',#3327,.T.);
#3327 = EDGE_LOOP('',(#3328,#3329,#3330,#3351));
#3328 = ORIENTED_EDGE('',*,*,#3280,.T.);
#3329 = ORIENTED_EDGE('',*,*,#3229,.T.);
#3330 = ORIENTED_EDGE('',*,*,#3331,.F.);
#3331 = EDGE_CURVE('',#3063,#3207,#3332,.T.);
#3332 = SURFACE_CURVE('',#3333,(#3337,#3344),.PCURVE_S1.);
#3333 = LINE('',#3334,#3335);
#3334 = CARTESIAN_POINT('',(0.4,-0.25,3.65));
#3335 = VECTOR('',#3336,1.);
#3336 = DIRECTION('',(0.,1.,0.));
#3337 = PCURVE('',#3102,#3338);
#3338 = DEFINITIONAL_REPRESENTATION('',(#3339),#3343);
#3339 = LINE('',#3340,#3341);
#3340 = CARTESIAN_POINT('',(0.,0.));
#3341 = VECTOR('',#3342,1.);
#3342 = DIRECTION('',(1.,0.));
#3343 = ( GEOMETRIC_REPRESENTATION_CONTEXT(2) 
PARAMETRIC_REPRESENTATION_CONTEXT() REPRESENTATION_CONTEXT('2D SPACE',''
  ) );
#3344 = PCURVE('',#3078,#3345);
#3345 = DEFINITIONAL_REPRESENTATION('',(#3346),#3350);
#3346 = LINE('',#3347,#3348);
#3347 = CARTESIAN_POINT('',(0.678398643204,0.423999152003));
#3348 = VECTOR('',#3349,1.);
#3349 = DIRECTION('',(0.529998940003,-0.847998304005));
#3350 = ( GEOMETRIC_REPRESENTATION_CONTEXT(2) 
PARAMETRIC_REPRESENTATION_CONTEXT() REPRESENTATION_CONTEXT('2D SPACE',''
  ) );
#3351 = ORIENTED_EDGE('',*,*,#3090,.F.);
#3352 = ADVANCED_FACE('',(#3353),#3051,.T.);
#3353 = FACE_BOUND('',#3354,.T.);
#3354 = EDGE_LOOP('',(#3355,#3356,#3357,#3358));
#3355 = ORIENTED_EDGE('',*,*,#3186,.F.);
#3356 = ORIENTED_EDGE('',*,*,#3307,.T.);
#3357 = ORIENTED_EDGE('',*,*,#3037,.T.);
#3358 = ORIENTED_EDGE('',*,*,#3359,.F.);
#3359 = EDGE_CURVE('',#3187,#3038,#3360,.T.);
#3360 = SURFACE_CURVE('',#3361,(#3365,#3372),.PCURVE_S1.);
#3361 = LINE('',#3362,#3363);
#3362 = CARTESIAN_POINT('',(-0.4,0.25,3.65));
#3363 = VECTOR('',#3364,1.);
#3364 = DIRECTION('',(0.,-1.,0.));
#3365 = PCURVE('',#3051,#3366);
#3366 = DEFINITIONAL_REPRESENTATION('',(#3367),#3371);
#3367 = LINE('',#3368,#3369);
#3368 = CARTESIAN_POINT('',(0.,0.));
#3369 = VECTOR('',#3370,1.);
#3370 = DIRECTION('',(1.,0.));
#3371 = ( GEOMETRIC_REPRESENTATION_CONTEXT(2) 
PARAMETRIC_REPRESENTATION_CONTEXT() REPRESENTATION_CONTEXT('2D SPACE',''
  ) );
#3372 = PCURVE('',#3078,#3373);
#3373 = DEFINITIONAL_REPRESENTATION('',(#3374),#3378);
#3374 = LINE('',#3375,#3376);
#3375 = CARTESIAN_POINT('',(0.264999470002,-0.423999152003));
#3376 = VECTOR('',#3377,1.);
#3377 = DIRECTION('',(-0.529998940003,0.847998304005));
#3378 = ( GEOMETRIC_REPRESENTATION_CONTEXT(2) 
PARAMETRIC_REPRESENTATION_CONTEXT() REPRESENTATION_CONTEXT('2D SPACE',''
  ) );
#3379 = ADVANCED_FACE('',(#3380),#3078,.F.);
#3380 = FACE_BOUND('',#3381,.T.);
#3381 = EDGE_LOOP('',(#3382,#3383,#3384,#3385));
#3382 = ORIENTED_EDGE('',*,*,#3062,.T.);
#3383 = ORIENTED_EDGE('',*,*,#3331,.T.);
#3384 = ORIENTED_EDGE('',*,*,#3206,.T.);
#3385 = ORIENTED_EDGE('',*,*,#3359,.T.);
#3386 = ( GEOMETRIC_REPRESENTATION_CONTEXT(3) 
GLOBAL_UNCERTAINTY_ASSIGNED_CONTEXT((#3390)) 
GLOBAL_UNIT_ASSIGNED_CONTEXT((#3387,#3388,#3389)) REPRESENTATION_CONTEXT
('Context #1','3D Context with UNIT and UNCERTAINTY') );
#3387 = ( LENGTH_UNIT() NAMED_UNIT(*) SI_UNIT(.MILLI.,.METRE.) );
#3388 = ( NAMED_UNIT(*) PLANE_ANGLE_UNIT() SI_UNIT($,.RADIAN.) );
#3389 = ( NAMED_UNIT(*) SI_UNIT($,.STERADIAN.) SOLID_ANGLE_UNIT() );
#3390 = UNCERTAINTY_MEASURE_WITH_UNIT(LENGTH_MEASURE(1.E-07),#3387,
  'distance_accuracy_value','confusion accuracy');
#3391 = CONTEXT_DEPENDENT_SHAPE_REPRESENTATION(#3392,#3394);
#3392 = ( REPRESENTATION_RELATIONSHIP('','',#2835,#10) 
REPRESENTATION_RELATIONSHIP_WITH_TRANSFORMATION(#3393) 
SHAPE_REPRESENTATION_RELATIONSHIP() );
#3393 = ITEM_DEFINED_TRANSFORMATION('','',#11,#23);
#3394 = PRODUCT_DEFINITION_SHAPE('Placement','Placement of an item',
  #3395);
#3395 = NEXT_ASSEMBLY_USAGE_OCCURRENCE('3','lead_1','',#5,#2830,$);
#3396 = PRODUCT_RELATED_PRODUCT_CATEGORY('part',$,(#2832));
#3397 = SHAPE_DEFINITION_REPRESENTATION(#3398,#3404);
#3398 = PRODUCT_DEFINITION_SHAPE('','',#3399);
#3399 = PRODUCT_DEFINITION('design','',#3400,#3403);
#3400 = PRODUCT_DEFINITION_FORMATION('','',#3401);
#3401 = PRODUCT('lead_2','lead_2','',(#3402));
#3402 = PRODUCT_CONTEXT('',#2,'mechanical');
#3403 = PRODUCT_DEFINITION_CONTEXT('part definition',#2,'design');
#3404 = ADVANCED_BREP_SHAPE_REPRESENTATION('',(#11,#3405),#3735);
#3405 = MANIFOLD_SOLID_BREP('',#3406);
#3406 = CLOSED_SHELL('',(#3407,#3527,#3603,#3674,#3701,#3728));
#3407 = ADVANCED_FACE('',(#3408),#3422,.F.);
#3408 = FACE_BOUND('',#3409,.F.);
#3409 = EDGE_LOOP('',(#3410,#3445,#3473,#3501));
#3410 = ORIENTED_EDGE('',*,*,#3411,.F.);
#3411 = EDGE_CURVE('',#3412,#3414,#3416,.T.);
#3412 = VERTEX_POINT('',#3413);
#3413 = CARTESIAN_POINT('',(2.14,-0.25,-2.));
#3414 = VERTEX_POINT('',#3415);
#3415 = CARTESIAN_POINT('',(2.14,-0.25,3.65));
#3416 = SURFACE_CURVE('',#3417,(#3421,#3433),.PCURVE_S1.);
#3417 = LINE('',#3418,#3419);
#3418 = CARTESIAN_POINT('',(2.14,-0.25,-2.));
#3419 = VECTOR('',#3420,1.);
#3420 = DIRECTION('',(0.,0.,1.));
#3421 = PCURVE('',#3422,#3427);
#3422 = PLANE('',#3423);
#3423 = AXIS2_PLACEMENT_3D('',#3424,#3425,#3426);
#3424 = CARTESIAN_POINT('',(2.14,-0.25,-2.));
#3425 = DIRECTION('',(1.,0.,0.));
#3426 = DIRECTION('',(0.,0.,1.));
#3427 = DEFINITIONAL_REPRESENTATION('',(#3428),#3432);
#3428 = LINE('',#3429,#3430);
#3429 = CARTESIAN_POINT('',(0.,0.));
#3430 = VECTOR('',#3431,1.);
#3431 = DIRECTION('',(1.,0.));
#3432 = ( GEOMETRIC_REPRESENTATION_CONTEXT(2) 
PARAMETRIC_REPRESENTATION_CONTEXT() REPRESENTATION_CONTEXT('2D SPACE',''
  ) );
#3433 = PCURVE('',#3434,#3439);
#3434 = PLANE('',#3435);
#3435 = AXIS2_PLACEMENT_3D('',#3436,#3437,#3438);
#3436 = CARTESIAN_POINT('',(2.14,-0.25,-2.));
#3437 = DIRECTION('',(0.,1.,0.));
#3438 = DIRECTION('',(0.,0.,1.));
#3439 = DEFINITIONAL_REPRESENTATION('',(#3440),#3444);
#3440 = LINE('',#3441,#3442);
#3441 = CARTESIAN_POINT('',(0.,0.));
#3442 = VECTOR('',#3443,1.);
#3443 = DIRECTION('',(1.,0.));
#3444 = ( GEOMETRIC_REPRESENTATION_CONTEXT(2) 
PARAMETRIC_REPRESENTATION_CONTEXT() REPRESENTATION_CONTEXT('2D SPACE',''
  ) );
#3445 = ORIENTED_EDGE('',*,*,#3446,.T.);
#3446 = EDGE_CURVE('',#3412,#3447,#3449,.T.);
#3447 = VERTEX_POINT('',#3448);
#3448 = CARTESIAN_POINT('',(2.14,0.25,-2.));
#3449 = SURFACE_CURVE('',#3450,(#3454,#3461),.PCURVE_S1.);
#3450 = LINE('',#3451,#3452);
#3451 = CARTESIAN_POINT('',(2.14,-0.25,-2.));
#3452 = VECTOR('',#3453,1.);
#3453 = DIRECTION('',(0.,1.,0.));
#3454 = PCURVE('',#3422,#3455);
#3455 = DEFINITIONAL_REPRESENTATION('',(#3456),#3460);
#3456 = LINE('',#3457,#3458);
#3457 = CARTESIAN_POINT('',(0.,0.));
#3458 = VECTOR('',#3459,1.);
#3459 = DIRECTION('',(0.,-1.));
#3460 = ( GEOMETRIC_REPRESENTATION_CONTEXT(2) 
PARAMETRIC_REPRESENTATION_CONTEXT() REPRESENTATION_CONTEXT('2D SPACE',''
  ) );
#3461 = PCURVE('',#3462,#3467);
#3462 = PLANE('',#3463);
#3463 = AXIS2_PLACEMENT_3D('',#3464,#3465,#3466);
#3464 = CARTESIAN_POINT('',(2.14,-0.25,-2.));
#3465 = DIRECTION('',(0.,0.,1.));
#3466 = DIRECTION('',(1.,0.,0.));
#3467 = DEFINITIONAL_REPRESENTATION('',(#3468),#3472);
#3468 = LINE('',#3469,#3470);
#3469 = CARTESIAN_POINT('',(0.,0.));
#3470 = VECTOR('',#3471,1.);
#3471 = DIRECTION('',(0.,1.));
#3472 = ( GEOMETRIC_REPRESENTATION_CONTEXT(2) 
PARAMETRIC_REPRESENTATION_CONTEXT() REPRESENTATION_CONTEXT('2D SPACE',''
  ) );
#3473 = ORIENTED_EDGE('',*,*,#3474,.F.);
#3474 = EDGE_CURVE('',#3475,#3447,#3477,.T.);
#3475 = VERTEX_POINT('',#3476);
#3476 = CARTESIAN_POINT('',(2.14,0.25,3.65));
#3477 = SURFACE_CURVE('',#3478,(#3482,#3489),.PCURVE_S1.);
#3478 = LINE('',#3479,#3480);
#3479 = CARTESIAN_POINT('',(2.14,0.25,3.65));
#3480 = VECTOR('',#3481,1.);
#3481 = DIRECTION('',(0.,0.,-1.));
#3482 = PCURVE('',#3422,#3483);
#3483 = DEFINITIONAL_REPRESENTATION('',(#3484),#3488);
#3484 = LINE('',#3485,#3486);
#3485 = CARTESIAN_POINT('',(5.65,-0.5));
#3486 = VECTOR('',#3487,1.);
#3487 = DIRECTION('',(-1.,0.));
#3488 = ( GEOMETRIC_REPRESENTATION_CONTEXT(2) 
PARAMETRIC_REPRESENTATION_CONTEXT() REPRESENTATION_CONTEXT('2D SPACE',''
  ) );
#3489 = PCURVE('',#3490,#3495);
#3490 = PLANE('',#3491);
#3491 = AXIS2_PLACEMENT_3D('',#3492,#3493,#3494);
#3492 = CARTESIAN_POINT('',(2.14,0.25,-2.));
#3493 = DIRECTION('',(0.,1.,0.));
#3494 = DIRECTION('',(0.,0.,1.));
#3495 = DEFINITIONAL_REPRESENTATION('',(#3496),#3500);
#3496 = LINE('',#3497,#3498);
#3497 = CARTESIAN_POINT('',(5.65,0.));
#3498 = VECTOR('',#3499,1.);
#3499 = DIRECTION('',(-1.,0.));
#3500 = ( GEOMETRIC_REPRESENTATION_CONTEXT(2) 
PARAMETRIC_REPRESENTATION_CONTEXT() REPRESENTATION_CONTEXT('2D SPACE',''
  ) );
#3501 = ORIENTED_EDGE('',*,*,#3502,.T.);
#3502 = EDGE_CURVE('',#3475,#3414,#3503,.T.);
#3503 = SURFACE_CURVE('',#3504,(#3508,#3515),.PCURVE_S1.);
#3504 = LINE('',#3505,#3506);
#3505 = CARTESIAN_POINT('',(2.14,0.25,3.65));
#3506 = VECTOR('',#3507,1.);
#3507 = DIRECTION('',(0.,-1.,0.));
#3508 = PCURVE('',#3422,#3509);
#3509 = DEFINITIONAL_REPRESENTATION('',(#3510),#3514);
#3510 = LINE('',#3511,#3512);
#3511 = CARTESIAN_POINT('',(5.65,-0.5));
#3512 = VECTOR('',#3513,1.);
#3513 = DIRECTION('',(0.,1.));
#3514 = ( GEOMETRIC_REPRESENTATION_CONTEXT(2) 
PARAMETRIC_REPRESENTATION_CONTEXT() REPRESENTATION_CONTEXT('2D SPACE',''
  ) );
#3515 = PCURVE('',#3516,#3521);
#3516 = PLANE('',#3517);
#3517 = AXIS2_PLACEMENT_3D('',#3518,#3519,#3520);
#3518 = CARTESIAN_POINT('',(2.14,-0.25,3.65));
#3519 = DIRECTION('',(0.,0.,-1.));
#3520 = DIRECTION('',(0.847998304005,0.529998940003,0.));
#3521 = DEFINITIONAL_REPRESENTATION('',(#3522),#3526);
#3522 = LINE('',#3523,#3524);
#3523 = CARTESIAN_POINT('',(0.264999470002,-0.423999152003));
#3524 = VECTOR('',#3525,1.);
#3525 = DIRECTION('',(-0.529998940003,0.847998304005));
#3526 = ( GEOMETRIC_REPRESENTATION_CONTEXT(2) 
PARAMETRIC_REPRESENTATION_CONTEXT() REPRESENTATION_CONTEXT('2D SPACE',''
  ) );
#3527 = ADVANCED_FACE('',(#3528),#3434,.F.);
#3528 = FACE_BOUND('',#3529,.F.);
#3529 = EDGE_LOOP('',(#3530,#3560,#3581,#3582));
#3530 = ORIENTED_EDGE('',*,*,#3531,.F.);
#3531 = EDGE_CURVE('',#3532,#3534,#3536,.T.);
#3532 = VERTEX_POINT('',#3533);
#3533 = CARTESIAN_POINT('',(2.94,-0.25,-2.));
#3534 = VERTEX_POINT('',#3535);
#3535 = CARTESIAN_POINT('',(2.94,-0.25,3.65));
#3536 = SURFACE_CURVE('',#3537,(#3541,#3548),.PCURVE_S1.);
#3537 = LINE('',#3538,#3539);
#3538 = CARTESIAN_POINT('',(2.94,-0.25,-2.));
#3539 = VECTOR('',#3540,1.);
#3540 = DIRECTION('',(0.,0.,1.));
#3541 = PCURVE('',#3434,#3542);
#3542 = DEFINITIONAL_REPRESENTATION('',(#3543),#3547);
#3543 = LINE('',#3544,#3545);
#3544 = CARTESIAN_POINT('',(0.,0.8));
#3545 = VECTOR('',#3546,1.);
#3546 = DIRECTION('',(1.,0.));
#3547 = ( GEOMETRIC_REPRESENTATION_CONTEXT(2) 
PARAMETRIC_REPRESENTATION_CONTEXT() REPRESENTATION_CONTEXT('2D SPACE',''
  ) );
#3548 = PCURVE('',#3549,#3554);
#3549 = PLANE('',#3550);
#3550 = AXIS2_PLACEMENT_3D('',#3551,#3552,#3553);
#3551 = CARTESIAN_POINT('',(2.94,-0.25,-2.));
#3552 = DIRECTION('',(1.,0.,0.));
#3553 = DIRECTION('',(0.,0.,1.));
#3554 = DEFINITIONAL_REPRESENTATION('',(#3555),#3559);
#3555 = LINE('',#3556,#3557);
#3556 = CARTESIAN_POINT('',(0.,0.));
#3557 = VECTOR('',#3558,1.);
#3558 = DIRECTION('',(1.,0.));
#3559 = ( GEOMETRIC_REPRESENTATION_CONTEXT(2) 
PARAMETRIC_REPRESENTATION_CONTEXT() REPRESENTATION_CONTEXT('2D SPACE',''
  ) );
#3560 = ORIENTED_EDGE('',*,*,#3561,.F.);
#3561 = EDGE_CURVE('',#3412,#3532,#3562,.T.);
#3562 = SURFACE_CURVE('',#3563,(#3567,#3574),.PCURVE_S1.);
#3563 = LINE('',#3564,#3565);
#3564 = CARTESIAN_POINT('',(2.14,-0.25,-2.));
#3565 = VECTOR('',#3566,1.);
#3566 = DIRECTION('',(1.,0.,0.));
#3567 = PCURVE('',#3434,#3568);
#3568 = DEFINITIONAL_REPRESENTATION('',(#3569),#3573);
#3569 = LINE('',#3570,#3571);
#3570 = CARTESIAN_POINT('',(0.,0.));
#3571 = VECTOR('',#3572,1.);
#3572 = DIRECTION('',(0.,1.));
#3573 = ( GEOMETRIC_REPRESENTATION_CONTEXT(2) 
PARAMETRIC_REPRESENTATION_CONTEXT() REPRESENTATION_CONTEXT('2D SPACE',''
  ) );
#3574 = PCURVE('',#3462,#3575);
#3575 = DEFINITIONAL_REPRESENTATION('',(#3576),#3580);
#3576 = LINE('',#3577,#3578);
#3577 = CARTESIAN_POINT('',(0.,0.));
#3578 = VECTOR('',#3579,1.);
#3579 = DIRECTION('',(1.,0.));
#3580 = ( GEOMETRIC_REPRESENTATION_CONTEXT(2) 
PARAMETRIC_REPRESENTATION_CONTEXT() REPRESENTATION_CONTEXT('2D SPACE',''
  ) );
#3581 = ORIENTED_EDGE('',*,*,#3411,.T.);
#3582 = ORIENTED_EDGE('',*,*,#3583,.T.);
#3583 = EDGE_CURVE('',#3414,#3534,#3584,.T.);
#3584 = SURFACE_CURVE('',#3585,(#3589,#3596),.PCURVE_S1.);
#3585 = LINE('',#3586,#3587);
#3586 = CARTESIAN_POINT('',(2.14,-0.25,3.65));
#3587 = VECTOR('',#3588,1.);
#3588 = DIRECTION('',(1.,0.,0.));
#3589 = PCURVE('',#3434,#3590);
#3590 = DEFINITIONAL_REPRESENTATION('',(#3591),#3595);
#3591 = LINE('',#3592,#3593);
#3592 = CARTESIAN_POINT('',(5.65,0.));
#3593 = VECTOR('',#3594,1.);
#3594 = DIRECTION('',(0.,1.));
#3595 = ( GEOMETRIC_REPRESENTATION_CONTEXT(2) 
PARAMETRIC_REPRESENTATION_CONTEXT() REPRESENTATION_CONTEXT('2D SPACE',''
  ) );
#3596 = PCURVE('',#3516,#3597);
#3597 = DEFINITIONAL_REPRESENTATION('',(#3598),#3602);
#3598 = LINE('',#3599,#3600);
#3599 = CARTESIAN_POINT('',(0.,0.));
#3600 = VECTOR('',#3601,1.);
#3601 = DIRECTION('',(0.847998304005,0.529998940003));
#3602 = ( GEOMETRIC_REPRESENTATION_CONTEXT(2) 
PARAMETRIC_REPRESENTATION_CONTEXT() REPRESENTATION_CONTEXT('2D SPACE',''
  ) );
#3603 = ADVANCED_FACE('',(#3604),#3490,.T.);
#3604 = FACE_BOUND('',#3605,.T.);
#3605 = EDGE_LOOP('',(#3606,#3629,#3630,#3653));
#3606 = ORIENTED_EDGE('',*,*,#3607,.F.);
#3607 = EDGE_CURVE('',#3447,#3608,#3610,.T.);
#3608 = VERTEX_POINT('',#3609);
#3609 = CARTESIAN_POINT('',(2.94,0.25,-2.));
#3610 = SURFACE_CURVE('',#3611,(#3615,#3622),.PCURVE_S1.);
#3611 = LINE('',#3612,#3613);
#3612 = CARTESIAN_POINT('',(2.14,0.25,-2.));
#3613 = VECTOR('',#3614,1.);
#3614 = DIRECTION('',(1.,0.,0.));
#3615 = PCURVE('',#3490,#3616);
#3616 = DEFINITIONAL_REPRESENTATION('',(#3617),#3621);
#3617 = LINE('',#3618,#3619);
#3618 = CARTESIAN_POINT('',(0.,0.));
#3619 = VECTOR('',#3620,1.);
#3620 = DIRECTION('',(0.,1.));
#3621 = ( GEOMETRIC_REPRESENTATION_CONTEXT(2) 
PARAMETRIC_REPRESENTATION_CONTEXT() REPRESENTATION_CONTEXT('2D SPACE',''
  ) );
#3622 = PCURVE('',#3462,#3623);
#3623 = DEFINITIONAL_REPRESENTATION('',(#3624),#3628);
#3624 = LINE('',#3625,#3626);
#3625 = CARTESIAN_POINT('',(0.,0.5));
#3626 = VECTOR('',#3627,1.);
#3627 = DIRECTION('',(1.,0.));
#3628 = ( GEOMETRIC_REPRESENTATION_CONTEXT(2) 
PARAMETRIC_REPRESENTATION_CONTEXT() REPRESENTATION_CONTEXT('2D SPACE',''
  ) );
#3629 = ORIENTED_EDGE('',*,*,#3474,.F.);
#3630 = ORIENTED_EDGE('',*,*,#3631,.F.);
#3631 = EDGE_CURVE('',#3632,#3475,#3634,.T.);
#3632 = VERTEX_POINT('',#3633);
#3633 = CARTESIAN_POINT('',(2.94,0.25,3.65));
#3634 = SURFACE_CURVE('',#3635,(#3639,#3646),.PCURVE_S1.);
#3635 = LINE('',#3636,#3637);
#3636 = CARTESIAN_POINT('',(2.94,0.25,3.65));
#3637 = VECTOR('',#3638,1.);
#3638 = DIRECTION('',(-1.,0.,0.));
#3639 = PCURVE('',#3490,#3640);
#3640 = DEFINITIONAL_REPRESENTATION('',(#3641),#3645);
#3641 = LINE('',#3642,#3643);
#3642 = CARTESIAN_POINT('',(5.65,0.8));
#3643 = VECTOR('',#3644,1.);
#3644 = DIRECTION('',(0.,-1.));
#3645 = ( GEOMETRIC_REPRESENTATION_CONTEXT(2) 
PARAMETRIC_REPRESENTATION_CONTEXT() REPRESENTATION_CONTEXT('2D SPACE',''
  ) );
#3646 = PCURVE('',#3516,#3647);
#3647 = DEFINITIONAL_REPRESENTATION('',(#3648),#3652);
#3648 = LINE('',#3649,#3650);
#3649 = CARTESIAN_POINT('',(0.943398113206,0.));
#3650 = VECTOR('',#3651,1.);
#3651 = DIRECTION('',(-0.847998304005,-0.529998940003));
#3652 = ( GEOMETRIC_REPRESENTATION_CONTEXT(2) 
PARAMETRIC_REPRESENTATION_CONTEXT() REPRESENTATION_CONTEXT('2D SPACE',''
  ) );
#3653 = ORIENTED_EDGE('',*,*,#3654,.T.);
#3654 = EDGE_CURVE('',#3632,#3608,#3655,.T.);
#3655 = SURFACE_CURVE('',#3656,(#3660,#3667),.PCURVE_S1.);
#3656 = LINE('',#3657,#3658);
#3657 = CARTESIAN_POINT('',(2.94,0.25,3.65));
#3658 = VECTOR('',#3659,1.);
#3659 = DIRECTION('',(0.,0.,-1.));
#3660 = PCURVE('',#3490,#3661);
#3661 = DEFINITIONAL_REPRESENTATION('',(#3662),#3666);
#3662 = LINE('',#3663,#3664);
#3663 = CARTESIAN_POINT('',(5.65,0.8));
#3664 = VECTOR('',#3665,1.);
#3665 = DIRECTION('',(-1.,0.));
#3666 = ( GEOMETRIC_REPRESENTATION_CONTEXT(2) 
PARAMETRIC_REPRESENTATION_CONTEXT() REPRESENTATION_CONTEXT('2D SPACE',''
  ) );
#3667 = PCURVE('',#3549,#3668);
#3668 = DEFINITIONAL_REPRESENTATION('',(#3669),#3673);
#3669 = LINE('',#3670,#3671);
#3670 = CARTESIAN_POINT('',(5.65,-0.5));
#3671 = VECTOR('',#3672,1.);
#3672 = DIRECTION('',(-1.,0.));
#3673 = ( GEOMETRIC_REPRESENTATION_CONTEXT(2) 
PARAMETRIC_REPRESENTATION_CONTEXT() REPRESENTATION_CONTEXT('2D SPACE',''
  ) );
#3674 = ADVANCED_FACE('',(#3675),#3462,.F.);
#3675 = FACE_BOUND('',#3676,.F.);
#3676 = EDGE_LOOP('',(#3677,#3678,#3679,#3700));
#3677 = ORIENTED_EDGE('',*,*,#3446,.F.);
#3678 = ORIENTED_EDGE('',*,*,#3561,.T.);
#3679 = ORIENTED_EDGE('',*,*,#3680,.T.);
#3680 = EDGE_CURVE('',#3532,#3608,#3681,.T.);
#3681 = SURFACE_CURVE('',#3682,(#3686,#3693),.PCURVE_S1.);
#3682 = LINE('',#3683,#3684);
#3683 = CARTESIAN_POINT('',(2.94,-0.25,-2.));
#3684 = VECTOR('',#3685,1.);
#3685 = DIRECTION('',(0.,1.,0.));
#3686 = PCURVE('',#3462,#3687);
#3687 = DEFINITIONAL_REPRESENTATION('',(#3688),#3692);
#3688 = LINE('',#3689,#3690);
#3689 = CARTESIAN_POINT('',(0.8,0.));
#3690 = VECTOR('',#3691,1.);
#3691 = DIRECTION('',(0.,1.));
#3692 = ( GEOMETRIC_REPRESENTATION_CONTEXT(2) 
PARAMETRIC_REPRESENTATION_CONTEXT() REPRESENTATION_CONTEXT('2D SPACE',''
  ) );
#3693 = PCURVE('',#3549,#3694);
#3694 = DEFINITIONAL_REPRESENTATION('',(#3695),#3699);
#3695 = LINE('',#3696,#3697);
#3696 = CARTESIAN_POINT('',(0.,0.));
#3697 = VECTOR('',#3698,1.);
#3698 = DIRECTION('',(0.,-1.));
#3699 = ( GEOMETRIC_REPRESENTATION_CONTEXT(2) 
PARAMETRIC_REPRESENTATION_CONTEXT() REPRESENTATION_CONTEXT('2D SPACE',''
  ) );
#3700 = ORIENTED_EDGE('',*,*,#3607,.F.);
#3701 = ADVANCED_FACE('',(#3702),#3549,.T.);
#3702 = FACE_BOUND('',#3703,.T.);
#3703 = EDGE_LOOP('',(#3704,#3705,#3706,#3707));
#3704 = ORIENTED_EDGE('',*,*,#3531,.F.);
#3705 = ORIENTED_EDGE('',*,*,#3680,.T.);
#3706 = ORIENTED_EDGE('',*,*,#3654,.F.);
#3707 = ORIENTED_EDGE('',*,*,#3708,.F.);
#3708 = EDGE_CURVE('',#3534,#3632,#3709,.T.);
#3709 = SURFACE_CURVE('',#3710,(#3714,#3721),.PCURVE_S1.);
#3710 = LINE('',#3711,#3712);
#3711 = CARTESIAN_POINT('',(2.94,-0.25,3.65));
#3712 = VECTOR('',#3713,1.);
#3713 = DIRECTION('',(0.,1.,0.));
#3714 = PCURVE('',#3549,#3715);
#3715 = DEFINITIONAL_REPRESENTATION('',(#3716),#3720);
#3716 = LINE('',#3717,#3718);
#3717 = CARTESIAN_POINT('',(5.65,0.));
#3718 = VECTOR('',#3719,1.);
#3719 = DIRECTION('',(0.,-1.));
#3720 = ( GEOMETRIC_REPRESENTATION_CONTEXT(2) 
PARAMETRIC_REPRESENTATION_CONTEXT() REPRESENTATION_CONTEXT('2D SPACE',''
  ) );
#3721 = PCURVE('',#3516,#3722);
#3722 = DEFINITIONAL_REPRESENTATION('',(#3723),#3727);
#3723 = LINE('',#3724,#3725);
#3724 = CARTESIAN_POINT('',(0.678398643204,0.423999152003));
#3725 = VECTOR('',#3726,1.);
#3726 = DIRECTION('',(0.529998940003,-0.847998304005));
#3727 = ( GEOMETRIC_REPRESENTATION_CONTEXT(2) 
PARAMETRIC_REPRESENTATION_CONTEXT() REPRESENTATION_CONTEXT('2D SPACE',''
  ) );
#3728 = ADVANCED_FACE('',(#3729),#3516,.F.);
#3729 = FACE_BOUND('',#3730,.T.);
#3730 = EDGE_LOOP('',(#3731,#3732,#3733,#3734));
#3731 = ORIENTED_EDGE('',*,*,#3583,.T.);
#3732 = ORIENTED_EDGE('',*,*,#3708,.T.);
#3733 = ORIENTED_EDGE('',*,*,#3631,.T.);
#3734 = ORIENTED_EDGE('',*,*,#3502,.T.);
#3735 = ( GEOMETRIC_REPRESENTATION_CONTEXT(3) 
GLOBAL_UNCERTAINTY_ASSIGNED_CONTEXT((#3739)) 
GLOBAL_UNIT_ASSIGNED_CONTEXT((#3736,#3737,#3738)) REPRESENTATION_CONTEXT
('Context #1','3D Context with UNIT and UNCERTAINTY') );
#3736 = ( LENGTH_UNIT() NAMED_UNIT(*) SI_UNIT(.MILLI.,.METRE.) );
#3737 = ( NAMED_UNIT(*) PLANE_ANGLE_UNIT() SI_UNIT($,.RADIAN.) );
#3738 = ( NAMED_UNIT(*) SI_UNIT($,.STERADIAN.) SOLID_ANGLE_UNIT() );
#3739 = UNCERTAINTY_MEASURE_WITH_UNIT(LENGTH_MEASURE(1.E-07),#3736,
  'distance_accuracy_value','confusion accuracy');
#3740 = CONTEXT_DEPENDENT_SHAPE_REPRESENTATION(#3741,#3743);
#3741 = ( REPRESENTATION_RELATIONSHIP('','',#3404,#10) 
REPRESENTATION_RELATIONSHIP_WITH_TRANSFORMATION(#3742) 
SHAPE_REPRESENTATION_RELATIONSHIP() );
#3742 = ITEM_DEFINED_TRANSFORMATION('','',#11,#27);
#3743 = PRODUCT_DEFINITION_SHAPE('Placement','Placement of an item',
  #3744);
#3744 = NEXT_ASSEMBLY_USAGE_OCCURRENCE('4','lead_2','',#5,#3399,$);
#3745 = PRODUCT_RELATED_PRODUCT_CATEGORY('part',$,(#3401));
#3746 = SHAPE_DEFINITION_REPRESENTATION(#3747,#3753);
#3747 = PRODUCT_DEFINITION_SHAPE('','',#3748);
#3748 = PRODUCT_DEFINITION('design','',#3749,#3752);
#3749 = PRODUCT_DEFINITION_FORMATION('','',#3750);
#3750 = PRODUCT('lead_3','lead_3','',(#3751));
#3751 = PRODUCT_CONTEXT('',#2,'mechanical');
#3752 = PRODUCT_DEFINITION_CONTEXT('part definition',#2,'design');
#3753 = ADVANCED_BREP_SHAPE_REPRESENTATION('',(#11,#3754),#4304);
#3754 = MANIFOLD_SOLID_BREP('',#3755);
#3755 = CLOSED_SHELL('',(#3756,#3876,#4030,#4076,#4191,#4218,#4245,#4272
    ,#4297));
#3756 = ADVANCED_FACE('',(#3757),#3771,.F.);
#3757 = FACE_BOUND('',#3758,.F.);
#3758 = EDGE_LOOP('',(#3759,#3794,#3822,#3850));
#3759 = ORIENTED_EDGE('',*,*,#3760,.F.);
#3760 = EDGE_CURVE('',#3761,#3763,#3765,.T.);
#3761 = VERTEX_POINT('',#3762);
#3762 = CARTESIAN_POINT('',(5.95,-0.25,-2.));
#3763 = VERTEX_POINT('',#3764);
#3764 = CARTESIAN_POINT('',(5.95,-0.25,1.));
#3765 = SURFACE_CURVE('',#3766,(#3770,#3782),.PCURVE_S1.);
#3766 = LINE('',#3767,#3768);
#3767 = CARTESIAN_POINT('',(5.95,-0.25,-2.));
#3768 = VECTOR('',#3769,1.);
#3769 = DIRECTION('',(0.,0.,1.));
#3770 = PCURVE('',#3771,#3776);
#3771 = PLANE('',#3772);
#3772 = AXIS2_PLACEMENT_3D('',#3773,#3774,#3775);
#3773 = CARTESIAN_POINT('',(5.95,-0.25,-2.));
#3774 = DIRECTION('',(1.,0.,0.));
#3775 = DIRECTION('',(0.,0.,1.));
#3776 = DEFINITIONAL_REPRESENTATION('',(#3777),#3781);
#3777 = LINE('',#3778,#3779);
#3778 = CARTESIAN_POINT('',(0.,0.));
#3779 = VECTOR('',#3780,1.);
#3780 = DIRECTION('',(1.,0.));
#3781 = ( GEOMETRIC_REPRESENTATION_CONTEXT(2) 
PARAMETRIC_REPRESENTATION_CONTEXT() REPRESENTATION_CONTEXT('2D SPACE',''
  ) );
#3782 = PCURVE('',#3783,#3788);
#3783 = PLANE('',#3784);
#3784 = AXIS2_PLACEMENT_3D('',#3785,#3786,#3787);
#3785 = CARTESIAN_POINT('',(5.95,-0.25,-2.));
#3786 = DIRECTION('',(0.,1.,0.));
#3787 = DIRECTION('',(0.,0.,1.));
#3788 = DEFINITIONAL_REPRESENTATION('',(#3789),#3793);
#3789 = LINE('',#3790,#3791);
#3790 = CARTESIAN_POINT('',(0.,0.));
#3791 = VECTOR('',#3792,1.);
#3792 = DIRECTION('',(1.,0.));
#3793 = ( GEOMETRIC_REPRESENTATION_CONTEXT(2) 
PARAMETRIC_REPRESENTATION_CONTEXT() REPRESENTATION_CONTEXT('2D SPACE',''
  ) );
#3794 = ORIENTED_EDGE('',*,*,#3795,.T.);
#3795 = EDGE_CURVE('',#3761,#3796,#3798,.T.);
#3796 = VERTEX_POINT('',#3797);
#3797 = CARTESIAN_POINT('',(5.95,0.25,-2.));
#3798 = SURFACE_CURVE('',#3799,(#3803,#3810),.PCURVE_S1.);
#3799 = LINE('',#3800,#3801);
#3800 = CARTESIAN_POINT('',(5.95,-0.25,-2.));
#3801 = VECTOR('',#3802,1.);
#3802 = DIRECTION('',(0.,1.,0.));
#3803 = PCURVE('',#3771,#3804);
#3804 = DEFINITIONAL_REPRESENTATION('',(#3805),#3809);
#3805 = LINE('',#3806,#3807);
#3806 = CARTESIAN_POINT('',(0.,0.));
#3807 = VECTOR('',#3808,1.);
#3808 = DIRECTION('',(0.,-1.));
#3809 = ( GEOMETRIC_REPRESENTATION_CONTEXT(2) 
PARAMETRIC_REPRESENTATION_CONTEXT() REPRESENTATION_CONTEXT('2D SPACE',''
  ) );
#3810 = PCURVE('',#3811,#3816);
#3811 = PLANE('',#3812);
#3812 = AXIS2_PLACEMENT_3D('',#3813,#3814,#3815);
#3813 = CARTESIAN_POINT('',(5.95,-0.25,-2.));
#3814 = DIRECTION('',(0.,0.,1.));
#3815 = DIRECTION('',(1.,0.,0.));
#3816 = DEFINITIONAL_REPRESENTATION('',(#3817),#3821);
#3817 = LINE('',#3818,#3819);
#3818 = CARTESIAN_POINT('',(0.,0.));
#3819 = VECTOR('',#3820,1.);
#3820 = DIRECTION('',(0.,1.));
#3821 = ( GEOMETRIC_REPRESENTATION_CONTEXT(2) 
PARAMETRIC_REPRESENTATION_CONTEXT() REPRESENTATION_CONTEXT('2D SPACE',''
  ) );
#3822 = ORIENTED_EDGE('',*,*,#3823,.T.);
#3823 = EDGE_CURVE('',#3796,#3824,#3826,.T.);
#3824 = VERTEX_POINT('',#3825);
#3825 = CARTESIAN_POINT('',(5.95,0.25,1.));
#3826 = SURFACE_CURVE('',#3827,(#3831,#3838),.PCURVE_S1.);
#3827 = LINE('',#3828,#3829);
#3828 = CARTESIAN_POINT('',(5.95,0.25,-2.));
#3829 = VECTOR('',#3830,1.);
#3830 = DIRECTION('',(0.,0.,1.));
#3831 = PCURVE('',#3771,#3832);
#3832 = DEFINITIONAL_REPRESENTATION('',(#3833),#3837);
#3833 = LINE('',#3834,#3835);
#3834 = CARTESIAN_POINT('',(0.,-0.5));
#3835 = VECTOR('',#3836,1.);
#3836 = DIRECTION('',(1.,0.));
#3837 = ( GEOMETRIC_REPRESENTATION_CONTEXT(2) 
PARAMETRIC_REPRESENTATION_CONTEXT() REPRESENTATION_CONTEXT('2D SPACE',''
  ) );
#3838 = PCURVE('',#3839,#3844);
#3839 = PLANE('',#3840);
#3840 = AXIS2_PLACEMENT_3D('',#3841,#3842,#3843);
#3841 = CARTESIAN_POINT('',(5.95,0.25,-2.));
#3842 = DIRECTION('',(0.,1.,0.));
#3843 = DIRECTION('',(0.,0.,1.));
#3844 = DEFINITIONAL_REPRESENTATION('',(#3845),#3849);
#3845 = LINE('',#3846,#3847);
#3846 = CARTESIAN_POINT('',(0.,0.));
#3847 = VECTOR('',#3848,1.);
#3848 = DIRECTION('',(1.,0.));
#3849 = ( GEOMETRIC_REPRESENTATION_CONTEXT(2) 
PARAMETRIC_REPRESENTATION_CONTEXT() REPRESENTATION_CONTEXT('2D SPACE',''
  ) );
#3850 = ORIENTED_EDGE('',*,*,#3851,.T.);
#3851 = EDGE_CURVE('',#3824,#3763,#3852,.T.);
#3852 = SURFACE_CURVE('',#3853,(#3857,#3864),.PCURVE_S1.);
#3853 = LINE('',#3854,#3855);
#3854 = CARTESIAN_POINT('',(5.95,0.25,1.));
#3855 = VECTOR('',#3856,1.);
#3856 = DIRECTION('',(0.,-1.,0.));
#3857 = PCURVE('',#3771,#3858);
#3858 = DEFINITIONAL_REPRESENTATION('',(#3859),#3863);
#3859 = LINE('',#3860,#3861);
#3860 = CARTESIAN_POINT('',(3.,-0.5));
#3861 = VECTOR('',#3862,1.);
#3862 = DIRECTION('',(0.,1.));
#3863 = ( GEOMETRIC_REPRESENTATION_CONTEXT(2) 
PARAMETRIC_REPRESENTATION_CONTEXT() REPRESENTATION_CONTEXT('2D SPACE',''
  ) );
#3864 = PCURVE('',#3865,#3870);
#3865 = PLANE('',#3866);
#3866 = AXIS2_PLACEMENT_3D('',#3867,#3868,#3869);
#3867 = CARTESIAN_POINT('',(4.68,0.25,3.65));
#3868 = DIRECTION('',(-0.90178839948,-0.,-0.432177836732));
#3869 = DIRECTION('',(0.,-1.,0.));
#3870 = DEFINITIONAL_REPRESENTATION('',(#3871),#3875);
#3871 = LINE('',#3872,#3873);
#3872 = CARTESIAN_POINT('',(0.,-2.938605111273));
#3873 = VECTOR('',#3874,1.);
#3874 = DIRECTION('',(1.,0.));
#3875 = ( GEOMETRIC_REPRESENTATION_CONTEXT(2) 
PARAMETRIC_REPRESENTATION_CONTEXT() REPRESENTATION_CONTEXT('2D SPACE',''
  ) );
#3876 = ADVANCED_FACE('',(#3877),#3783,.F.);
#3877 = FACE_BOUND('',#3878,.F.);
#3878 = EDGE_LOOP('',(#3879,#3909,#3930,#3931,#3951,#3979,#4004));
#3879 = ORIENTED_EDGE('',*,*,#3880,.F.);
#3880 = EDGE_CURVE('',#3881,#3883,#3885,.T.);
#3881 = VERTEX_POINT('',#3882);
#3882 = CARTESIAN_POINT('',(6.75,-0.25,-2.));
#3883 = VERTEX_POINT('',#3884);
#3884 = CARTESIAN_POINT('',(6.75,-0.25,1.05));
#3885 = SURFACE_CURVE('',#3886,(#3890,#3897),.PCURVE_S1.);
#3886 = LINE('',#3887,#3888);
#3887 = CARTESIAN_POINT('',(6.75,-0.25,-2.));
#3888 = VECTOR('',#3889,1.);
#3889 = DIRECTION('',(0.,0.,1.));
#3890 = PCURVE('',#3783,#3891);
#3891 = DEFINITIONAL_REPRESENTATION('',(#3892),#3896);
#3892 = LINE('',#3893,#3894);
#3893 = CARTESIAN_POINT('',(0.,0.8));
#3894 = VECTOR('',#3895,1.);
#3895 = DIRECTION('',(1.,0.));
#3896 = ( GEOMETRIC_REPRESENTATION_CONTEXT(2) 
PARAMETRIC_REPRESENTATION_CONTEXT() REPRESENTATION_CONTEXT('2D SPACE',''
  ) );
#3897 = PCURVE('',#3898,#3903);
#3898 = PLANE('',#3899);
#3899 = AXIS2_PLACEMENT_3D('',#3900,#3901,#3902);
#3900 = CARTESIAN_POINT('',(6.75,-0.25,-2.));
#3901 = DIRECTION('',(1.,0.,0.));
#3902 = DIRECTION('',(0.,0.,1.));
#3903 = DEFINITIONAL_REPRESENTATION('',(#3904),#3908);
#3904 = LINE('',#3905,#3906);
#3905 = CARTESIAN_POINT('',(0.,0.));
#3906 = VECTOR('',#3907,1.);
#3907 = DIRECTION('',(1.,0.));
#3908 = ( GEOMETRIC_REPRESENTATION_CONTEXT(2) 
PARAMETRIC_REPRESENTATION_CONTEXT() REPRESENTATION_CONTEXT('2D SPACE',''
  ) );
#3909 = ORIENTED_EDGE('',*,*,#3910,.F.);
#3910 = EDGE_CURVE('',#3761,#3881,#3911,.T.);
#3911 = SURFACE_CURVE('',#3912,(#3916,#3923),.PCURVE_S1.);
#3912 = LINE('',#3913,#3914);
#3913 = CARTESIAN_POINT('',(5.95,-0.25,-2.));
#3914 = VECTOR('',#3915,1.);
#3915 = DIRECTION('',(1.,0.,0.));
#3916 = PCURVE('',#3783,#3917);
#3917 = DEFINITIONAL_REPRESENTATION('',(#3918),#3922);
#3918 = LINE('',#3919,#3920);
#3919 = CARTESIAN_POINT('',(0.,0.));
#3920 = VECTOR('',#3921,1.);
#3921 = DIRECTION('',(0.,1.));
#3922 = ( GEOMETRIC_REPRESENTATION_CONTEXT(2) 
PARAMETRIC_REPRESENTATION_CONTEXT() REPRESENTATION_CONTEXT('2D SPACE',''
  ) );
#3923 = PCURVE('',#3811,#3924);
#3924 = DEFINITIONAL_REPRESENTATION('',(#3925),#3929);
#3925 = LINE('',#3926,#3927);
#3926 = CARTESIAN_POINT('',(0.,0.));
#3927 = VECTOR('',#3928,1.);
#3928 = DIRECTION('',(1.,0.));
#3929 = ( GEOMETRIC_REPRESENTATION_CONTEXT(2) 
PARAMETRIC_REPRESENTATION_CONTEXT() REPRESENTATION_CONTEXT('2D SPACE',''
  ) );
#3930 = ORIENTED_EDGE('',*,*,#3760,.T.);
#3931 = ORIENTED_EDGE('',*,*,#3932,.T.);
#3932 = EDGE_CURVE('',#3763,#3933,#3935,.T.);
#3933 = VERTEX_POINT('',#3934);
#3934 = CARTESIAN_POINT('',(4.68,-0.25,3.65));
#3935 = SURFACE_CURVE('',#3936,(#3939,#3945),.PCURVE_S1.);
#3936 = B_SPLINE_CURVE_WITH_KNOTS('',1,(#3937,#3938),.UNSPECIFIED.,.F.,
  .F.,(2,2),(0.,1.),.PIECEWISE_BEZIER_KNOTS.);
#3937 = CARTESIAN_POINT('',(5.95,-0.25,1.));
#3938 = CARTESIAN_POINT('',(4.68,-0.25,3.65));
#3939 = PCURVE('',#3783,#3940);
#3940 = DEFINITIONAL_REPRESENTATION('',(#3941),#3944);
#3941 = B_SPLINE_CURVE_WITH_KNOTS('',1,(#3942,#3943),.UNSPECIFIED.,.F.,
  .F.,(2,2),(0.,1.),.PIECEWISE_BEZIER_KNOTS.);
#3942 = CARTESIAN_POINT('',(3.,0.));
#3943 = CARTESIAN_POINT('',(5.65,-1.27));
#3944 = ( GEOMETRIC_REPRESENTATION_CONTEXT(2) 
PARAMETRIC_REPRESENTATION_CONTEXT() REPRESENTATION_CONTEXT('2D SPACE',''
  ) );
#3945 = PCURVE('',#3865,#3946);
#3946 = DEFINITIONAL_REPRESENTATION('',(#3947),#3950);
#3947 = B_SPLINE_CURVE_WITH_KNOTS('',1,(#3948,#3949),.UNSPECIFIED.,.F.,
  .F.,(2,2),(0.,1.),.PIECEWISE_BEZIER_KNOTS.);
#3948 = CARTESIAN_POINT('',(0.5,-2.938605111273));
#3949 = CARTESIAN_POINT('',(0.5,0.));
#3950 = ( GEOMETRIC_REPRESENTATION_CONTEXT(2) 
PARAMETRIC_REPRESENTATION_CONTEXT() REPRESENTATION_CONTEXT('2D SPACE',''
  ) );
#3951 = ORIENTED_EDGE('',*,*,#3952,.T.);
#3952 = EDGE_CURVE('',#3933,#3953,#3955,.T.);
#3953 = VERTEX_POINT('',#3954);
#3954 = CARTESIAN_POINT('',(5.48,-0.25,3.65));
#3955 = SURFACE_CURVE('',#3956,(#3960,#3967),.PCURVE_S1.);
#3956 = LINE('',#3957,#3958);
#3957 = CARTESIAN_POINT('',(4.68,-0.25,3.65));
#3958 = VECTOR('',#3959,1.);
#3959 = DIRECTION('',(1.,0.,0.));
#3960 = PCURVE('',#3783,#3961);
#3961 = DEFINITIONAL_REPRESENTATION('',(#3962),#3966);
#3962 = LINE('',#3963,#3964);
#3963 = CARTESIAN_POINT('',(5.65,-1.27));
#3964 = VECTOR('',#3965,1.);
#3965 = DIRECTION('',(0.,1.));
#3966 = ( GEOMETRIC_REPRESENTATION_CONTEXT(2) 
PARAMETRIC_REPRESENTATION_CONTEXT() REPRESENTATION_CONTEXT('2D SPACE',''
  ) );
#3967 = PCURVE('',#3968,#3973);
#3968 = PLANE('',#3969);
#3969 = AXIS2_PLACEMENT_3D('',#3970,#3971,#3972);
#3970 = CARTESIAN_POINT('',(4.68,-0.25,3.65));
#3971 = DIRECTION('',(0.,0.,-1.));
#3972 = DIRECTION('',(0.847998304005,0.529998940003,0.));
#3973 = DEFINITIONAL_REPRESENTATION('',(#3974),#3978);
#3974 = LINE('',#3975,#3976);
#3975 = CARTESIAN_POINT('',(0.,0.));
#3976 = VECTOR('',#3977,1.);
#3977 = DIRECTION('',(0.847998304005,0.529998940003));
#3978 = ( GEOMETRIC_REPRESENTATION_CONTEXT(2) 
PARAMETRIC_REPRESENTATION_CONTEXT() REPRESENTATION_CONTEXT('2D SPACE',''
  ) );
#3979 = ORIENTED_EDGE('',*,*,#3980,.F.);
#3980 = EDGE_CURVE('',#3981,#3953,#3983,.T.);
#3981 = VERTEX_POINT('',#3982);
#3982 = CARTESIAN_POINT('',(6.726037735849,-0.25,1.05));
#3983 = SURFACE_CURVE('',#3984,(#3987,#3993),.PCURVE_S1.);
#3984 = B_SPLINE_CURVE_WITH_KNOTS('',1,(#3985,#3986),.UNSPECIFIED.,.F.,
  .F.,(2,2),(0.,1.),.PIECEWISE_BEZIER_KNOTS.);
#3985 = CARTESIAN_POINT('',(6.75,-0.25,1.));
#3986 = CARTESIAN_POINT('',(5.48,-0.25,3.65));
#3987 = PCURVE('',#3783,#3988);
#3988 = DEFINITIONAL_REPRESENTATION('',(#3989),#3992);
#3989 = B_SPLINE_CURVE_WITH_KNOTS('',1,(#3990,#3991),.UNSPECIFIED.,.F.,
  .F.,(2,2),(0.,1.),.PIECEWISE_BEZIER_KNOTS.);
#3990 = CARTESIAN_POINT('',(3.,0.8));
#3991 = CARTESIAN_POINT('',(5.65,-0.47));
#3992 = ( GEOMETRIC_REPRESENTATION_CONTEXT(2) 
PARAMETRIC_REPRESENTATION_CONTEXT() REPRESENTATION_CONTEXT('2D SPACE',''
  ) );
#3993 = PCURVE('',#3994,#3999);
#3994 = PLANE('',#3995);
#3995 = AXIS2_PLACEMENT_3D('',#3996,#3997,#3998);
#3996 = CARTESIAN_POINT('',(5.48,-0.25,3.65));
#3997 = DIRECTION('',(0.90178839948,-0.,0.432177836732));
#3998 = DIRECTION('',(0.,1.,0.));
#3999 = DEFINITIONAL_REPRESENTATION('',(#4000),#4003);
#4000 = B_SPLINE_CURVE_WITH_KNOTS('',1,(#4001,#4002),.UNSPECIFIED.,.F.,
  .F.,(2,2),(0.,1.),.PIECEWISE_BEZIER_KNOTS.);
#4001 = CARTESIAN_POINT('',(0.,-2.938605111273));
#4002 = CARTESIAN_POINT('',(0.,4.440892098501E-16));
#4003 = ( GEOMETRIC_REPRESENTATION_CONTEXT(2) 
PARAMETRIC_REPRESENTATION_CONTEXT() REPRESENTATION_CONTEXT('2D SPACE',''
  ) );
#4004 = ORIENTED_EDGE('',*,*,#4005,.T.);
#4005 = EDGE_CURVE('',#3981,#3883,#4006,.T.);
#4006 = SURFACE_CURVE('',#4007,(#4011,#4018),.PCURVE_S1.);
#4007 = LINE('',#4008,#4009);
#4008 = CARTESIAN_POINT('',(5.95,-0.25,1.05));
#4009 = VECTOR('',#4010,1.);
#4010 = DIRECTION('',(1.,0.,0.));
#4011 = PCURVE('',#3783,#4012);
#4012 = DEFINITIONAL_REPRESENTATION('',(#4013),#4017);
#4013 = LINE('',#4014,#4015);
#4014 = CARTESIAN_POINT('',(3.05,0.));
#4015 = VECTOR('',#4016,1.);
#4016 = DIRECTION('',(0.,1.));
#4017 = ( GEOMETRIC_REPRESENTATION_CONTEXT(2) 
PARAMETRIC_REPRESENTATION_CONTEXT() REPRESENTATION_CONTEXT('2D SPACE',''
  ) );
#4018 = PCURVE('',#4019,#4024);
#4019 = PLANE('',#4020);
#4020 = AXIS2_PLACEMENT_3D('',#4021,#4022,#4023);
#4021 = CARTESIAN_POINT('',(5.95,-0.25,1.05));
#4022 = DIRECTION('',(0.,0.,1.));
#4023 = DIRECTION('',(1.,0.,0.));
#4024 = DEFINITIONAL_REPRESENTATION('',(#4025),#4029);
#4025 = LINE('',#4026,#4027);
#4026 = CARTESIAN_POINT('',(0.,0.));
#4027 = VECTOR('',#4028,1.);
#4028 = DIRECTION('',(1.,0.));
#4029 = ( GEOMETRIC_REPRESENTATION_CONTEXT(2) 
PARAMETRIC_REPRESENTATION_CONTEXT() REPRESENTATION_CONTEXT('2D SPACE',''
  ) );
#4030 = ADVANCED_FACE('',(#4031),#3865,.T.);
#4031 = FACE_BOUND('',#4032,.T.);
#4032 = EDGE_LOOP('',(#4033,#4034,#4035,#4058));
#4033 = ORIENTED_EDGE('',*,*,#3851,.T.);
#4034 = ORIENTED_EDGE('',*,*,#3932,.T.);
#4035 = ORIENTED_EDGE('',*,*,#4036,.F.);
#4036 = EDGE_CURVE('',#4037,#3933,#4039,.T.);
#4037 = VERTEX_POINT('',#4038);
#4038 = CARTESIAN_POINT('',(4.68,0.25,3.65));
#4039 = SURFACE_CURVE('',#4040,(#4044,#4051),.PCURVE_S1.);
#4040 = LINE('',#4041,#4042);
#4041 = CARTESIAN_POINT('',(4.68,0.25,3.65));
#4042 = VECTOR('',#4043,1.);
#4043 = DIRECTION('',(0.,-1.,0.));
#4044 = PCURVE('',#3865,#4045);
#4045 = DEFINITIONAL_REPRESENTATION('',(#4046),#4050);
#4046 = LINE('',#4047,#4048);
#4047 = CARTESIAN_POINT('',(0.,0.));
#4048 = VECTOR('',#4049,1.);
#4049 = DIRECTION('',(1.,0.));
#4050 = ( GEOMETRIC_REPRESENTATION_CONTEXT(2) 
PARAMETRIC_REPRESENTATION_CONTEXT() REPRESENTATION_CONTEXT('2D SPACE',''
  ) );
#4051 = PCURVE('',#3968,#4052);
#4052 = DEFINITIONAL_REPRESENTATION('',(#4053),#4057);
#4053 = LINE('',#4054,#4055);
#4054 = CARTESIAN_POINT('',(0.264999470002,-0.423999152003));
#4055 = VECTOR('',#4056,1.);
#4056 = DIRECTION('',(-0.529998940003,0.847998304005));
#4057 = ( GEOMETRIC_REPRESENTATION_CONTEXT(2) 
PARAMETRIC_REPRESENTATION_CONTEXT() REPRESENTATION_CONTEXT('2D SPACE',''
  ) );
#4058 = ORIENTED_EDGE('',*,*,#4059,.F.);
#4059 = EDGE_CURVE('',#3824,#4037,#4060,.T.);
#4060 = SURFACE_CURVE('',#4061,(#4064,#4070),.PCURVE_S1.);
#4061 = B_SPLINE_CURVE_WITH_KNOTS('',1,(#4062,#4063),.UNSPECIFIED.,.F.,
  .F.,(2,2),(0.,1.),.PIECEWISE_BEZIER_KNOTS.);
#4062 = CARTESIAN_POINT('',(5.95,0.25,1.));
#4063 = CARTESIAN_POINT('',(4.68,0.25,3.65));
#4064 = PCURVE('',#3865,#4065);
#4065 = DEFINITIONAL_REPRESENTATION('',(#4066),#4069);
#4066 = B_SPLINE_CURVE_WITH_KNOTS('',1,(#4067,#4068),.UNSPECIFIED.,.F.,
  .F.,(2,2),(0.,1.),.PIECEWISE_BEZIER_KNOTS.);
#4067 = CARTESIAN_POINT('',(0.,-2.938605111273));
#4068 = CARTESIAN_POINT('',(0.,-4.440892098501E-16));
#4069 = ( GEOMETRIC_REPRESENTATION_CONTEXT(2) 
PARAMETRIC_REPRESENTATION_CONTEXT() REPRESENTATION_CONTEXT('2D SPACE',''
  ) );
#4070 = PCURVE('',#3839,#4071);
#4071 = DEFINITIONAL_REPRESENTATION('',(#4072),#4075);
#4072 = B_SPLINE_CURVE_WITH_KNOTS('',1,(#4073,#4074),.UNSPECIFIED.,.F.,
  .F.,(2,2),(0.,1.),.PIECEWISE_BEZIER_KNOTS.);
#4073 = CARTESIAN_POINT('',(3.,8.881784197001E-16));
#4074 = CARTESIAN_POINT('',(5.65,-1.27));
#4075 = ( GEOMETRIC_REPRESENTATION_CONTEXT(2) 
PARAMETRIC_REPRESENTATION_CONTEXT() REPRESENTATION_CONTEXT('2D SPACE',''
  ) );
#4076 = ADVANCED_FACE('',(#4077),#3839,.T.);
#4077 = FACE_BOUND('',#4078,.T.);
#4078 = EDGE_LOOP('',(#4079,#4102,#4103,#4104,#4127,#4147,#4170));
#4079 = ORIENTED_EDGE('',*,*,#4080,.F.);
#4080 = EDGE_CURVE('',#3796,#4081,#4083,.T.);
#4081 = VERTEX_POINT('',#4082);
#4082 = CARTESIAN_POINT('',(6.75,0.25,-2.));
#4083 = SURFACE_CURVE('',#4084,(#4088,#4095),.PCURVE_S1.);
#4084 = LINE('',#4085,#4086);
#4085 = CARTESIAN_POINT('',(5.95,0.25,-2.));
#4086 = VECTOR('',#4087,1.);
#4087 = DIRECTION('',(1.,0.,0.));
#4088 = PCURVE('',#3839,#4089);
#4089 = DEFINITIONAL_REPRESENTATION('',(#4090),#4094);
#4090 = LINE('',#4091,#4092);
#4091 = CARTESIAN_POINT('',(0.,0.));
#4092 = VECTOR('',#4093,1.);
#4093 = DIRECTION('',(0.,1.));
#4094 = ( GEOMETRIC_REPRESENTATION_CONTEXT(2) 
PARAMETRIC_REPRESENTATION_CONTEXT() REPRESENTATION_CONTEXT('2D SPACE',''
  ) );
#4095 = PCURVE('',#3811,#4096);
#4096 = DEFINITIONAL_REPRESENTATION('',(#4097),#4101);
#4097 = LINE('',#4098,#4099);
#4098 = CARTESIAN_POINT('',(0.,0.5));
#4099 = VECTOR('',#4100,1.);
#4100 = DIRECTION('',(1.,0.));
#4101 = ( GEOMETRIC_REPRESENTATION_CONTEXT(2) 
PARAMETRIC_REPRESENTATION_CONTEXT() REPRESENTATION_CONTEXT('2D SPACE',''
  ) );
#4102 = ORIENTED_EDGE('',*,*,#3823,.T.);
#4103 = ORIENTED_EDGE('',*,*,#4059,.T.);
#4104 = ORIENTED_EDGE('',*,*,#4105,.F.);
#4105 = EDGE_CURVE('',#4106,#4037,#4108,.T.);
#4106 = VERTEX_POINT('',#4107);
#4107 = CARTESIAN_POINT('',(5.48,0.25,3.65));
#4108 = SURFACE_CURVE('',#4109,(#4113,#4120),.PCURVE_S1.);
#4109 = LINE('',#4110,#4111);
#4110 = CARTESIAN_POINT('',(5.48,0.25,3.65));
#4111 = VECTOR('',#4112,1.);
#4112 = DIRECTION('',(-1.,0.,0.));
#4113 = PCURVE('',#3839,#4114);
#4114 = DEFINITIONAL_REPRESENTATION('',(#4115),#4119);
#4115 = LINE('',#4116,#4117);
#4116 = CARTESIAN_POINT('',(5.65,-0.47));
#4117 = VECTOR('',#4118,1.);
#4118 = DIRECTION('',(0.,-1.));
#4119 = ( GEOMETRIC_REPRESENTATION_CONTEXT(2) 
PARAMETRIC_REPRESENTATION_CONTEXT() REPRESENTATION_CONTEXT('2D SPACE',''
  ) );
#4120 = PCURVE('',#3968,#4121);
#4121 = DEFINITIONAL_REPRESENTATION('',(#4122),#4126);
#4122 = LINE('',#4123,#4124);
#4123 = CARTESIAN_POINT('',(0.943398113206,0.));
#4124 = VECTOR('',#4125,1.);
#4125 = DIRECTION('',(-0.847998304005,-0.529998940003));
#4126 = ( GEOMETRIC_REPRESENTATION_CONTEXT(2) 
PARAMETRIC_REPRESENTATION_CONTEXT() REPRESENTATION_CONTEXT('2D SPACE',''
  ) );
#4127 = ORIENTED_EDGE('',*,*,#4128,.F.);
#4128 = EDGE_CURVE('',#4129,#4106,#4131,.T.);
#4129 = VERTEX_POINT('',#4130);
#4130 = CARTESIAN_POINT('',(6.726037735849,0.25,1.05));
#4131 = SURFACE_CURVE('',#4132,(#4135,#4141),.PCURVE_S1.);
#4132 = B_SPLINE_CURVE_WITH_KNOTS('',1,(#4133,#4134),.UNSPECIFIED.,.F.,
  .F.,(2,2),(0.,1.),.PIECEWISE_BEZIER_KNOTS.);
#4133 = CARTESIAN_POINT('',(6.75,0.25,1.));
#4134 = CARTESIAN_POINT('',(5.48,0.25,3.65));
#4135 = PCURVE('',#3839,#4136);
#4136 = DEFINITIONAL_REPRESENTATION('',(#4137),#4140);
#4137 = B_SPLINE_CURVE_WITH_KNOTS('',1,(#4138,#4139),.UNSPECIFIED.,.F.,
  .F.,(2,2),(0.,1.),.PIECEWISE_BEZIER_KNOTS.);
#4138 = CARTESIAN_POINT('',(3.,0.8));
#4139 = CARTESIAN_POINT('',(5.65,-0.47));
#4140 = ( GEOMETRIC_REPRESENTATION_CONTEXT(2) 
PARAMETRIC_REPRESENTATION_CONTEXT() REPRESENTATION_CONTEXT('2D SPACE',''
  ) );
#4141 = PCURVE('',#3994,#4142);
#4142 = DEFINITIONAL_REPRESENTATION('',(#4143),#4146);
#4143 = B_SPLINE_CURVE_WITH_KNOTS('',1,(#4144,#4145),.UNSPECIFIED.,.F.,
  .F.,(2,2),(0.,1.),.PIECEWISE_BEZIER_KNOTS.);
#4144 = CARTESIAN_POINT('',(0.5,-2.938605111273));
#4145 = CARTESIAN_POINT('',(0.5,0.));
#4146 = ( GEOMETRIC_REPRESENTATION_CONTEXT(2) 
PARAMETRIC_REPRESENTATION_CONTEXT() REPRESENTATION_CONTEXT('2D SPACE',''
  ) );
#4147 = ORIENTED_EDGE('',*,*,#4148,.T.);
#4148 = EDGE_CURVE('',#4129,#4149,#4151,.T.);
#4149 = VERTEX_POINT('',#4150);
#4150 = CARTESIAN_POINT('',(6.75,0.25,1.05));
#4151 = SURFACE_CURVE('',#4152,(#4156,#4163),.PCURVE_S1.);
#4152 = LINE('',#4153,#4154);
#4153 = CARTESIAN_POINT('',(5.95,0.25,1.05));
#4154 = VECTOR('',#4155,1.);
#4155 = DIRECTION('',(1.,0.,0.));
#4156 = PCURVE('',#3839,#4157);
#4157 = DEFINITIONAL_REPRESENTATION('',(#4158),#4162);
#4158 = LINE('',#4159,#4160);
#4159 = CARTESIAN_POINT('',(3.05,0.));
#4160 = VECTOR('',#4161,1.);
#4161 = DIRECTION('',(0.,1.));
#4162 = ( GEOMETRIC_REPRESENTATION_CONTEXT(2) 
PARAMETRIC_REPRESENTATION_CONTEXT() REPRESENTATION_CONTEXT('2D SPACE',''
  ) );
#4163 = PCURVE('',#4019,#4164);
#4164 = DEFINITIONAL_REPRESENTATION('',(#4165),#4169);
#4165 = LINE('',#4166,#4167);
#4166 = CARTESIAN_POINT('',(0.,0.5));
#4167 = VECTOR('',#4168,1.);
#4168 = DIRECTION('',(1.,0.));
#4169 = ( GEOMETRIC_REPRESENTATION_CONTEXT(2) 
PARAMETRIC_REPRESENTATION_CONTEXT() REPRESENTATION_CONTEXT('2D SPACE',''
  ) );
#4170 = ORIENTED_EDGE('',*,*,#4171,.T.);
#4171 = EDGE_CURVE('',#4149,#4081,#4172,.T.);
#4172 = SURFACE_CURVE('',#4173,(#4177,#4184),.PCURVE_S1.);
#4173 = LINE('',#4174,#4175);
#4174 = CARTESIAN_POINT('',(6.75,0.25,1.05));
#4175 = VECTOR('',#4176,1.);
#4176 = DIRECTION('',(0.,0.,-1.));
#4177 = PCURVE('',#3839,#4178);
#4178 = DEFINITIONAL_REPRESENTATION('',(#4179),#4183);
#4179 = LINE('',#4180,#4181);
#4180 = CARTESIAN_POINT('',(3.05,0.8));
#4181 = VECTOR('',#4182,1.);
#4182 = DIRECTION('',(-1.,0.));
#4183 = ( GEOMETRIC_REPRESENTATION_CONTEXT(2) 
PARAMETRIC_REPRESENTATION_CONTEXT() REPRESENTATION_CONTEXT('2D SPACE',''
  ) );
#4184 = PCURVE('',#3898,#4185);
#4185 = DEFINITIONAL_REPRESENTATION('',(#4186),#4190);
#4186 = LINE('',#4187,#4188);
#4187 = CARTESIAN_POINT('',(3.05,-0.5));
#4188 = VECTOR('',#4189,1.);
#4189 = DIRECTION('',(-1.,0.));
#4190 = ( GEOMETRIC_REPRESENTATION_CONTEXT(2) 
PARAMETRIC_REPRESENTATION_CONTEXT() REPRESENTATION_CONTEXT('2D SPACE',''
  ) );
#4191 = ADVANCED_FACE('',(#4192),#3811,.F.);
#4192 = FACE_BOUND('',#4193,.F.);
#4193 = EDGE_LOOP('',(#4194,#4195,#4196,#4217));
#4194 = ORIENTED_EDGE('',*,*,#3795,.F.);
#4195 = ORIENTED_EDGE('',*,*,#3910,.T.);
#4196 = ORIENTED_EDGE('',*,*,#4197,.T.);
#4197 = EDGE_CURVE('',#3881,#4081,#4198,.T.);
#4198 = SURFACE_CURVE('',#4199,(#4203,#4210),.PCURVE_S1.);
#4199 = LINE('',#4200,#4201);
#4200 = CARTESIAN_POINT('',(6.75,-0.25,-2.));
#4201 = VECTOR('',#4202,1.);
#4202 = DIRECTION('',(0.,1.,0.));
#4203 = PCURVE('',#3811,#4204);
#4204 = DEFINITIONAL_REPRESENTATION('',(#4205),#4209);
#4205 = LINE('',#4206,#4207);
#4206 = CARTESIAN_POINT('',(0.8,0.));
#4207 = VECTOR('',#4208,1.);
#4208 = DIRECTION('',(0.,1.));
#4209 = ( GEOMETRIC_REPRESENTATION_CONTEXT(2) 
PARAMETRIC_REPRESENTATION_CONTEXT() REPRESENTATION_CONTEXT('2D SPACE',''
  ) );
#4210 = PCURVE('',#3898,#4211);
#4211 = DEFINITIONAL_REPRESENTATION('',(#4212),#4216);
#4212 = LINE('',#4213,#4214);
#4213 = CARTESIAN_POINT('',(0.,0.));
#4214 = VECTOR('',#4215,1.);
#4215 = DIRECTION('',(0.,-1.));
#4216 = ( GEOMETRIC_REPRESENTATION_CONTEXT(2) 
PARAMETRIC_REPRESENTATION_CONTEXT() REPRESENTATION_CONTEXT('2D SPACE',''
  ) );
#4217 = ORIENTED_EDGE('',*,*,#4080,.F.);
#4218 = ADVANCED_FACE('',(#4219),#3898,.T.);
#4219 = FACE_BOUND('',#4220,.T.);
#4220 = EDGE_LOOP('',(#4221,#4222,#4223,#4224));
#4221 = ORIENTED_EDGE('',*,*,#3880,.F.);
#4222 = ORIENTED_EDGE('',*,*,#4197,.T.);
#4223 = ORIENTED_EDGE('',*,*,#4171,.F.);
#4224 = ORIENTED_EDGE('',*,*,#4225,.F.);
#4225 = EDGE_CURVE('',#3883,#4149,#4226,.T.);
#4226 = SURFACE_CURVE('',#4227,(#4231,#4238),.PCURVE_S1.);
#4227 = LINE('',#4228,#4229);
#4228 = CARTESIAN_POINT('',(6.75,-0.25,1.05));
#4229 = VECTOR('',#4230,1.);
#4230 = DIRECTION('',(0.,1.,0.));
#4231 = PCURVE('',#3898,#4232);
#4232 = DEFINITIONAL_REPRESENTATION('',(#4233),#4237);
#4233 = LINE('',#4234,#4235);
#4234 = CARTESIAN_POINT('',(3.05,0.));
#4235 = VECTOR('',#4236,1.);
#4236 = DIRECTION('',(0.,-1.));
#4237 = ( GEOMETRIC_REPRESENTATION_CONTEXT(2) 
PARAMETRIC_REPRESENTATION_CONTEXT() REPRESENTATION_CONTEXT('2D SPACE',''
  ) );
#4238 = PCURVE('',#4019,#4239);
#4239 = DEFINITIONAL_REPRESENTATION('',(#4240),#4244);
#4240 = LINE('',#4241,#4242);
#4241 = CARTESIAN_POINT('',(0.8,0.));
#4242 = VECTOR('',#4243,1.);
#4243 = DIRECTION('',(0.,1.));
#4244 = ( GEOMETRIC_REPRESENTATION_CONTEXT(2) 
PARAMETRIC_REPRESENTATION_CONTEXT() REPRESENTATION_CONTEXT('2D SPACE',''
  ) );
#4245 = ADVANCED_FACE('',(#4246),#3968,.F.);
#4246 = FACE_BOUND('',#4247,.T.);
#4247 = EDGE_LOOP('',(#4248,#4249,#4270,#4271));
#4248 = ORIENTED_EDGE('',*,*,#3952,.T.);
#4249 = ORIENTED_EDGE('',*,*,#4250,.T.);
#4250 = EDGE_CURVE('',#3953,#4106,#4251,.T.);
#4251 = SURFACE_CURVE('',#4252,(#4256,#4263),.PCURVE_S1.);
#4252 = LINE('',#4253,#4254);
#4253 = CARTESIAN_POINT('',(5.48,-0.25,3.65));
#4254 = VECTOR('',#4255,1.);
#4255 = DIRECTION('',(0.,1.,0.));
#4256 = PCURVE('',#3968,#4257);
#4257 = DEFINITIONAL_REPRESENTATION('',(#4258),#4262);
#4258 = LINE('',#4259,#4260);
#4259 = CARTESIAN_POINT('',(0.678398643204,0.423999152003));
#4260 = VECTOR('',#4261,1.);
#4261 = DIRECTION('',(0.529998940003,-0.847998304005));
#4262 = ( GEOMETRIC_REPRESENTATION_CONTEXT(2) 
PARAMETRIC_REPRESENTATION_CONTEXT() REPRESENTATION_CONTEXT('2D SPACE',''
  ) );
#4263 = PCURVE('',#3994,#4264);
#4264 = DEFINITIONAL_REPRESENTATION('',(#4265),#4269);
#4265 = LINE('',#4266,#4267);
#4266 = CARTESIAN_POINT('',(0.,0.));
#4267 = VECTOR('',#4268,1.);
#4268 = DIRECTION('',(1.,0.));
#4269 = ( GEOMETRIC_REPRESENTATION_CONTEXT(2) 
PARAMETRIC_REPRESENTATION_CONTEXT() REPRESENTATION_CONTEXT('2D SPACE',''
  ) );
#4270 = ORIENTED_EDGE('',*,*,#4105,.T.);
#4271 = ORIENTED_EDGE('',*,*,#4036,.T.);
#4272 = ADVANCED_FACE('',(#4273),#3994,.T.);
#4273 = FACE_BOUND('',#4274,.T.);
#4274 = EDGE_LOOP('',(#4275,#4276,#4295,#4296));
#4275 = ORIENTED_EDGE('',*,*,#3980,.F.);
#4276 = ORIENTED_EDGE('',*,*,#4277,.T.);
#4277 = EDGE_CURVE('',#3981,#4129,#4278,.T.);
#4278 = SURFACE_CURVE('',#4279,(#4283,#4289),.PCURVE_S1.);
#4279 = LINE('',#4280,#4281);
#4280 = CARTESIAN_POINT('',(6.726037735849,-0.25,1.05));
#4281 = VECTOR('',#4282,1.);
#4282 = DIRECTION('',(0.,1.,-0.));
#4283 = PCURVE('',#3994,#4284);
#4284 = DEFINITIONAL_REPRESENTATION('',(#4285),#4288);
#4285 = B_SPLINE_CURVE_WITH_KNOTS('',1,(#4286,#4287),.UNSPECIFIED.,.F.,
  .F.,(2,2),(0.,0.5),.PIECEWISE_BEZIER_KNOTS.);
#4286 = CARTESIAN_POINT('',(0.,-2.883159731815));
#4287 = CARTESIAN_POINT('',(0.5,-2.883159731815));
#4288 = ( GEOMETRIC_REPRESENTATION_CONTEXT(2) 
PARAMETRIC_REPRESENTATION_CONTEXT() REPRESENTATION_CONTEXT('2D SPACE',''
  ) );
#4289 = PCURVE('',#4019,#4290);
#4290 = DEFINITIONAL_REPRESENTATION('',(#4291),#4294);
#4291 = B_SPLINE_CURVE_WITH_KNOTS('',1,(#4292,#4293),.UNSPECIFIED.,.F.,
  .F.,(2,2),(0.,0.5),.PIECEWISE_BEZIER_KNOTS.);
#4292 = CARTESIAN_POINT('',(0.776037735849,0.));
#4293 = CARTESIAN_POINT('',(0.776037735849,0.5));
#4294 = ( GEOMETRIC_REPRESENTATION_CONTEXT(2) 
PARAMETRIC_REPRESENTATION_CONTEXT() REPRESENTATION_CONTEXT('2D SPACE',''
  ) );
#4295 = ORIENTED_EDGE('',*,*,#4128,.T.);
#4296 = ORIENTED_EDGE('',*,*,#4250,.F.);
#4297 = ADVANCED_FACE('',(#4298),#4019,.T.);
#4298 = FACE_BOUND('',#4299,.T.);
#4299 = EDGE_LOOP('',(#4300,#4301,#4302,#4303));
#4300 = ORIENTED_EDGE('',*,*,#4148,.F.);
#4301 = ORIENTED_EDGE('',*,*,#4277,.F.);
#4302 = ORIENTED_EDGE('',*,*,#4005,.T.);
#4303 = ORIENTED_EDGE('',*,*,#4225,.T.);
#4304 = ( GEOMETRIC_REPRESENTATION_CONTEXT(3) 
GLOBAL_UNCERTAINTY_ASSIGNED_CONTEXT((#4308)) 
GLOBAL_UNIT_ASSIGNED_CONTEXT((#4305,#4306,#4307)) REPRESENTATION_CONTEXT
('Context #1','3D Context with UNIT and UNCERTAINTY') );
#4305 = ( LENGTH_UNIT() NAMED_UNIT(*) SI_UNIT(.MILLI.,.METRE.) );
#4306 = ( NAMED_UNIT(*) PLANE_ANGLE_UNIT() SI_UNIT($,.RADIAN.) );
#4307 = ( NAMED_UNIT(*) SI_UNIT($,.STERADIAN.) SOLID_ANGLE_UNIT() );
#4308 = UNCERTAINTY_MEASURE_WITH_UNIT(LENGTH_MEASURE(1.E-07),#4305,
  'distance_accuracy_value','confusion accuracy');
#4309 = CONTEXT_DEPENDENT_SHAPE_REPRESENTATION(#4310,#4312);
#4310 = ( REPRESENTATION_RELATIONSHIP('','',#3753,#10) 
REPRESENTATION_RELATIONSHIP_WITH_TRANSFORMATION(#4311) 
SHAPE_REPRESENTATION_RELATIONSHIP() );
#4311 = ITEM_DEFINED_TRANSFORMATION('','',#11,#31);
#4312 = PRODUCT_DEFINITION_SHAPE('Placement','Placement of an item',
  #4313);
#4313 = NEXT_ASSEMBLY_USAGE_OCCURRENCE('5','lead_3','',#5,#3748,$);
#4314 = PRODUCT_RELATED_PRODUCT_CATEGORY('part',$,(#3750));
#4315 = SHAPE_DEFINITION_REPRESENTATION(#4316,#4322);
#4316 = PRODUCT_DEFINITION_SHAPE('','',#4317);
#4317 = PRODUCT_DEFINITION('design','',#4318,#4321);
#4318 = PRODUCT_DEFINITION_FORMATION('','',#4319);
#4319 = PRODUCT('marking','marking','',(#4320));
#4320 = PRODUCT_CONTEXT('',#2,'mechanical');
#4321 = PRODUCT_DEFINITION_CONTEXT('part definition',#2,'design');
#4322 = SHAPE_REPRESENTATION('',(#11,#4323,#5121,#7299,#8825,#11237,
    #12859,#13657,#15279,#17539),#18025);
#4323 = MANIFOLD_SOLID_BREP('',#4324);
#4324 = CLOSED_SHELL('',(#4325,#4445,#4521,#4597,#4673,#4749,#4825,#4901
    ,#4977,#5048,#5095,#5108));
#4325 = ADVANCED_FACE('',(#4326),#4340,.T.);
#4326 = FACE_BOUND('',#4327,.T.);
#4327 = EDGE_LOOP('',(#4328,#4363,#4391,#4419));
#4328 = ORIENTED_EDGE('',*,*,#4329,.T.);
#4329 = EDGE_CURVE('',#4330,#4332,#4334,.T.);
#4330 = VERTEX_POINT('',#4331);
#4331 = CARTESIAN_POINT('',(0.45796875,-1.3,8.7357421875));
#4332 = VERTEX_POINT('',#4333);
#4333 = CARTESIAN_POINT('',(0.45796875,-1.312,8.7357421875));
#4334 = SURFACE_CURVE('',#4335,(#4339,#4351),.PCURVE_S1.);
#4335 = LINE('',#4336,#4337);
#4336 = CARTESIAN_POINT('',(0.45796875,-1.3,8.7357421875));
#4337 = VECTOR('',#4338,1.);
#4338 = DIRECTION('',(0.,-1.,0.));
#4339 = PCURVE('',#4340,#4345);
#4340 = PLANE('',#4341);
#4341 = AXIS2_PLACEMENT_3D('',#4342,#4343,#4344);
#4342 = CARTESIAN_POINT('',(0.45796875,-1.3,8.7357421875));
#4343 = DIRECTION('',(0.,0.,-1.));
#4344 = DIRECTION('',(-1.,0.,0.));
#4345 = DEFINITIONAL_REPRESENTATION('',(#4346),#4350);
#4346 = LINE('',#4347,#4348);
#4347 = CARTESIAN_POINT('',(0.,-0.));
#4348 = VECTOR('',#4349,1.);
#4349 = DIRECTION('',(0.,-1.));
#4350 = ( GEOMETRIC_REPRESENTATION_CONTEXT(2) 
PARAMETRIC_REPRESENTATION_CONTEXT() REPRESENTATION_CONTEXT('2D SPACE',''
  ) );
#4351 = PCURVE('',#4352,#4357);
#4352 = PLANE('',#4353);
#4353 = AXIS2_PLACEMENT_3D('',#4354,#4355,#4356);
#4354 = CARTESIAN_POINT('',(0.45796875,-1.3,8.9958984375));
#4355 = DIRECTION('',(1.,0.,0.));
#4356 = DIRECTION('',(0.,0.,-1.));
#4357 = DEFINITIONAL_REPRESENTATION('',(#4358),#4362);
#4358 = LINE('',#4359,#4360);
#4359 = CARTESIAN_POINT('',(0.26015625,0.));
#4360 = VECTOR('',#4361,1.);
#4361 = DIRECTION('',(0.,-1.));
#4362 = ( GEOMETRIC_REPRESENTATION_CONTEXT(2) 
PARAMETRIC_REPRESENTATION_CONTEXT() REPRESENTATION_CONTEXT('2D SPACE',''
  ) );
#4363 = ORIENTED_EDGE('',*,*,#4364,.T.);
#4364 = EDGE_CURVE('',#4332,#4365,#4367,.T.);
#4365 = VERTEX_POINT('',#4366);
#4366 = CARTESIAN_POINT('',(0.3821875,-1.312,8.7357421875));
#4367 = SURFACE_CURVE('',#4368,(#4372,#4379),.PCURVE_S1.);
#4368 = LINE('',#4369,#4370);
#4369 = CARTESIAN_POINT('',(0.45796875,-1.312,8.7357421875));
#4370 = VECTOR('',#4371,1.);
#4371 = DIRECTION('',(-1.,0.,0.));
#4372 = PCURVE('',#4340,#4373);
#4373 = DEFINITIONAL_REPRESENTATION('',(#4374),#4378);
#4374 = LINE('',#4375,#4376);
#4375 = CARTESIAN_POINT('',(0.,-1.2E-02));
#4376 = VECTOR('',#4377,1.);
#4377 = DIRECTION('',(1.,0.));
#4378 = ( GEOMETRIC_REPRESENTATION_CONTEXT(2) 
PARAMETRIC_REPRESENTATION_CONTEXT() REPRESENTATION_CONTEXT('2D SPACE',''
  ) );
#4379 = PCURVE('',#4380,#4385);
#4380 = PLANE('',#4381);
#4381 = AXIS2_PLACEMENT_3D('',#4382,#4383,#4384);
#4382 = CARTESIAN_POINT('',(0.3165625,-1.312,8.7357421875));
#4383 = DIRECTION('',(0.,-1.,0.));
#4384 = DIRECTION('',(1.,0.,0.));
#4385 = DEFINITIONAL_REPRESENTATION('',(#4386),#4390);
#4386 = LINE('',#4387,#4388);
#4387 = CARTESIAN_POINT('',(0.14140625,0.));
#4388 = VECTOR('',#4389,1.);
#4389 = DIRECTION('',(-1.,0.));
#4390 = ( GEOMETRIC_REPRESENTATION_CONTEXT(2) 
PARAMETRIC_REPRESENTATION_CONTEXT() REPRESENTATION_CONTEXT('2D SPACE',''
  ) );
#4391 = ORIENTED_EDGE('',*,*,#4392,.F.);
#4392 = EDGE_CURVE('',#4393,#4365,#4395,.T.);
#4393 = VERTEX_POINT('',#4394);
#4394 = CARTESIAN_POINT('',(0.3821875,-1.3,8.7357421875));
#4395 = SURFACE_CURVE('',#4396,(#4400,#4407),.PCURVE_S1.);
#4396 = LINE('',#4397,#4398);
#4397 = CARTESIAN_POINT('',(0.3821875,-1.3,8.7357421875));
#4398 = VECTOR('',#4399,1.);
#4399 = DIRECTION('',(0.,-1.,0.));
#4400 = PCURVE('',#4340,#4401);
#4401 = DEFINITIONAL_REPRESENTATION('',(#4402),#4406);
#4402 = LINE('',#4403,#4404);
#4403 = CARTESIAN_POINT('',(7.578125E-02,0.));
#4404 = VECTOR('',#4405,1.);
#4405 = DIRECTION('',(0.,-1.));
#4406 = ( GEOMETRIC_REPRESENTATION_CONTEXT(2) 
PARAMETRIC_REPRESENTATION_CONTEXT() REPRESENTATION_CONTEXT('2D SPACE',''
  ) );
#4407 = PCURVE('',#4408,#4413);
#4408 = PLANE('',#4409);
#4409 = AXIS2_PLACEMENT_3D('',#4410,#4411,#4412);
#4410 = CARTESIAN_POINT('',(0.3821875,-1.3,8.7357421875));
#4411 = DIRECTION('',(-1.,0.,0.));
#4412 = DIRECTION('',(0.,0.,1.));
#4413 = DEFINITIONAL_REPRESENTATION('',(#4414),#4418);
#4414 = LINE('',#4415,#4416);
#4415 = CARTESIAN_POINT('',(0.,0.));
#4416 = VECTOR('',#4417,1.);
#4417 = DIRECTION('',(0.,-1.));
#4418 = ( GEOMETRIC_REPRESENTATION_CONTEXT(2) 
PARAMETRIC_REPRESENTATION_CONTEXT() REPRESENTATION_CONTEXT('2D SPACE',''
  ) );
#4419 = ORIENTED_EDGE('',*,*,#4420,.F.);
#4420 = EDGE_CURVE('',#4330,#4393,#4421,.T.);
#4421 = SURFACE_CURVE('',#4422,(#4426,#4433),.PCURVE_S1.);
#4422 = LINE('',#4423,#4424);
#4423 = CARTESIAN_POINT('',(0.45796875,-1.3,8.7357421875));
#4424 = VECTOR('',#4425,1.);
#4425 = DIRECTION('',(-1.,0.,0.));
#4426 = PCURVE('',#4340,#4427);
#4427 = DEFINITIONAL_REPRESENTATION('',(#4428),#4432);
#4428 = LINE('',#4429,#4430);
#4429 = CARTESIAN_POINT('',(0.,-0.));
#4430 = VECTOR('',#4431,1.);
#4431 = DIRECTION('',(1.,0.));
#4432 = ( GEOMETRIC_REPRESENTATION_CONTEXT(2) 
PARAMETRIC_REPRESENTATION_CONTEXT() REPRESENTATION_CONTEXT('2D SPACE',''
  ) );
#4433 = PCURVE('',#4434,#4439);
#4434 = PLANE('',#4435);
#4435 = AXIS2_PLACEMENT_3D('',#4436,#4437,#4438);
#4436 = CARTESIAN_POINT('',(0.3165625,-1.3,8.7357421875));
#4437 = DIRECTION('',(0.,-1.,0.));
#4438 = DIRECTION('',(1.,0.,0.));
#4439 = DEFINITIONAL_REPRESENTATION('',(#4440),#4444);
#4440 = LINE('',#4441,#4442);
#4441 = CARTESIAN_POINT('',(0.14140625,0.));
#4442 = VECTOR('',#4443,1.);
#4443 = DIRECTION('',(-1.,0.));
#4444 = ( GEOMETRIC_REPRESENTATION_CONTEXT(2) 
PARAMETRIC_REPRESENTATION_CONTEXT() REPRESENTATION_CONTEXT('2D SPACE',''
  ) );
#4445 = ADVANCED_FACE('',(#4446),#4408,.T.);
#4446 = FACE_BOUND('',#4447,.T.);
#4447 = EDGE_LOOP('',(#4448,#4449,#4472,#4500));
#4448 = ORIENTED_EDGE('',*,*,#4392,.T.);
#4449 = ORIENTED_EDGE('',*,*,#4450,.T.);
#4450 = EDGE_CURVE('',#4365,#4451,#4453,.T.);
#4451 = VERTEX_POINT('',#4452);
#4452 = CARTESIAN_POINT('',(0.3821875,-1.312,9.3083984375));
#4453 = SURFACE_CURVE('',#4454,(#4458,#4465),.PCURVE_S1.);
#4454 = LINE('',#4455,#4456);
#4455 = CARTESIAN_POINT('',(0.3821875,-1.312,8.7357421875));
#4456 = VECTOR('',#4457,1.);
#4457 = DIRECTION('',(0.,0.,1.));
#4458 = PCURVE('',#4408,#4459);
#4459 = DEFINITIONAL_REPRESENTATION('',(#4460),#4464);
#4460 = LINE('',#4461,#4462);
#4461 = CARTESIAN_POINT('',(0.,-1.2E-02));
#4462 = VECTOR('',#4463,1.);
#4463 = DIRECTION('',(1.,0.));
#4464 = ( GEOMETRIC_REPRESENTATION_CONTEXT(2) 
PARAMETRIC_REPRESENTATION_CONTEXT() REPRESENTATION_CONTEXT('2D SPACE',''
  ) );
#4465 = PCURVE('',#4380,#4466);
#4466 = DEFINITIONAL_REPRESENTATION('',(#4467),#4471);
#4467 = LINE('',#4468,#4469);
#4468 = CARTESIAN_POINT('',(6.5625E-02,0.));
#4469 = VECTOR('',#4470,1.);
#4470 = DIRECTION('',(0.,1.));
#4471 = ( GEOMETRIC_REPRESENTATION_CONTEXT(2) 
PARAMETRIC_REPRESENTATION_CONTEXT() REPRESENTATION_CONTEXT('2D SPACE',''
  ) );
#4472 = ORIENTED_EDGE('',*,*,#4473,.F.);
#4473 = EDGE_CURVE('',#4474,#4451,#4476,.T.);
#4474 = VERTEX_POINT('',#4475);
#4475 = CARTESIAN_POINT('',(0.3821875,-1.3,9.3083984375));
#4476 = SURFACE_CURVE('',#4477,(#4481,#4488),.PCURVE_S1.);
#4477 = LINE('',#4478,#4479);
#4478 = CARTESIAN_POINT('',(0.3821875,-1.3,9.3083984375));
#4479 = VECTOR('',#4480,1.);
#4480 = DIRECTION('',(0.,-1.,0.));
#4481 = PCURVE('',#4408,#4482);
#4482 = DEFINITIONAL_REPRESENTATION('',(#4483),#4487);
#4483 = LINE('',#4484,#4485);
#4484 = CARTESIAN_POINT('',(0.57265625,0.));
#4485 = VECTOR('',#4486,1.);
#4486 = DIRECTION('',(0.,-1.));
#4487 = ( GEOMETRIC_REPRESENTATION_CONTEXT(2) 
PARAMETRIC_REPRESENTATION_CONTEXT() REPRESENTATION_CONTEXT('2D SPACE',''
  ) );
#4488 = PCURVE('',#4489,#4494);
#4489 = PLANE('',#4490);
#4490 = AXIS2_PLACEMENT_3D('',#4491,#4492,#4493);
#4491 = CARTESIAN_POINT('',(0.3821875,-1.3,9.3083984375));
#4492 = DIRECTION('',(0.,0.,1.));
#4493 = DIRECTION('',(1.,0.,0.));
#4494 = DEFINITIONAL_REPRESENTATION('',(#4495),#4499);
#4495 = LINE('',#4496,#4497);
#4496 = CARTESIAN_POINT('',(0.,0.));
#4497 = VECTOR('',#4498,1.);
#4498 = DIRECTION('',(0.,-1.));
#4499 = ( GEOMETRIC_REPRESENTATION_CONTEXT(2) 
PARAMETRIC_REPRESENTATION_CONTEXT() REPRESENTATION_CONTEXT('2D SPACE',''
  ) );
#4500 = ORIENTED_EDGE('',*,*,#4501,.F.);
#4501 = EDGE_CURVE('',#4393,#4474,#4502,.T.);
#4502 = SURFACE_CURVE('',#4503,(#4507,#4514),.PCURVE_S1.);
#4503 = LINE('',#4504,#4505);
#4504 = CARTESIAN_POINT('',(0.3821875,-1.3,8.7357421875));
#4505 = VECTOR('',#4506,1.);
#4506 = DIRECTION('',(0.,0.,1.));
#4507 = PCURVE('',#4408,#4508);
#4508 = DEFINITIONAL_REPRESENTATION('',(#4509),#4513);
#4509 = LINE('',#4510,#4511);
#4510 = CARTESIAN_POINT('',(0.,0.));
#4511 = VECTOR('',#4512,1.);
#4512 = DIRECTION('',(1.,0.));
#4513 = ( GEOMETRIC_REPRESENTATION_CONTEXT(2) 
PARAMETRIC_REPRESENTATION_CONTEXT() REPRESENTATION_CONTEXT('2D SPACE',''
  ) );
#4514 = PCURVE('',#4434,#4515);
#4515 = DEFINITIONAL_REPRESENTATION('',(#4516),#4520);
#4516 = LINE('',#4517,#4518);
#4517 = CARTESIAN_POINT('',(6.5625E-02,0.));
#4518 = VECTOR('',#4519,1.);
#4519 = DIRECTION('',(0.,1.));
#4520 = ( GEOMETRIC_REPRESENTATION_CONTEXT(2) 
PARAMETRIC_REPRESENTATION_CONTEXT() REPRESENTATION_CONTEXT('2D SPACE',''
  ) );
#4521 = ADVANCED_FACE('',(#4522),#4489,.T.);
#4522 = FACE_BOUND('',#4523,.T.);
#4523 = EDGE_LOOP('',(#4524,#4525,#4548,#4576));
#4524 = ORIENTED_EDGE('',*,*,#4473,.T.);
#4525 = ORIENTED_EDGE('',*,*,#4526,.T.);
#4526 = EDGE_CURVE('',#4451,#4527,#4529,.T.);
#4527 = VERTEX_POINT('',#4528);
#4528 = CARTESIAN_POINT('',(0.768515625,-1.312,9.3083984375));
#4529 = SURFACE_CURVE('',#4530,(#4534,#4541),.PCURVE_S1.);
#4530 = LINE('',#4531,#4532);
#4531 = CARTESIAN_POINT('',(0.3821875,-1.312,9.3083984375));
#4532 = VECTOR('',#4533,1.);
#4533 = DIRECTION('',(1.,0.,0.));
#4534 = PCURVE('',#4489,#4535);
#4535 = DEFINITIONAL_REPRESENTATION('',(#4536),#4540);
#4536 = LINE('',#4537,#4538);
#4537 = CARTESIAN_POINT('',(0.,-1.2E-02));
#4538 = VECTOR('',#4539,1.);
#4539 = DIRECTION('',(1.,0.));
#4540 = ( GEOMETRIC_REPRESENTATION_CONTEXT(2) 
PARAMETRIC_REPRESENTATION_CONTEXT() REPRESENTATION_CONTEXT('2D SPACE',''
  ) );
#4541 = PCURVE('',#4380,#4542);
#4542 = DEFINITIONAL_REPRESENTATION('',(#4543),#4547);
#4543 = LINE('',#4544,#4545);
#4544 = CARTESIAN_POINT('',(6.5625E-02,0.57265625));
#4545 = VECTOR('',#4546,1.);
#4546 = DIRECTION('',(1.,0.));
#4547 = ( GEOMETRIC_REPRESENTATION_CONTEXT(2) 
PARAMETRIC_REPRESENTATION_CONTEXT() REPRESENTATION_CONTEXT('2D SPACE',''
  ) );
#4548 = ORIENTED_EDGE('',*,*,#4549,.F.);
#4549 = EDGE_CURVE('',#4550,#4527,#4552,.T.);
#4550 = VERTEX_POINT('',#4551);
#4551 = CARTESIAN_POINT('',(0.768515625,-1.3,9.3083984375));
#4552 = SURFACE_CURVE('',#4553,(#4557,#4564),.PCURVE_S1.);
#4553 = LINE('',#4554,#4555);
#4554 = CARTESIAN_POINT('',(0.768515625,-1.3,9.3083984375));
#4555 = VECTOR('',#4556,1.);
#4556 = DIRECTION('',(0.,-1.,0.));
#4557 = PCURVE('',#4489,#4558);
#4558 = DEFINITIONAL_REPRESENTATION('',(#4559),#4563);
#4559 = LINE('',#4560,#4561);
#4560 = CARTESIAN_POINT('',(0.386328125,0.));
#4561 = VECTOR('',#4562,1.);
#4562 = DIRECTION('',(0.,-1.));
#4563 = ( GEOMETRIC_REPRESENTATION_CONTEXT(2) 
PARAMETRIC_REPRESENTATION_CONTEXT() REPRESENTATION_CONTEXT('2D SPACE',''
  ) );
#4564 = PCURVE('',#4565,#4570);
#4565 = PLANE('',#4566);
#4566 = AXIS2_PLACEMENT_3D('',#4567,#4568,#4569);
#4567 = CARTESIAN_POINT('',(0.768515625,-1.3,9.3083984375));
#4568 = DIRECTION('',(1.,0.,0.));
#4569 = DIRECTION('',(0.,0.,-1.));
#4570 = DEFINITIONAL_REPRESENTATION('',(#4571),#4575);
#4571 = LINE('',#4572,#4573);
#4572 = CARTESIAN_POINT('',(0.,0.));
#4573 = VECTOR('',#4574,1.);
#4574 = DIRECTION('',(0.,-1.));
#4575 = ( GEOMETRIC_REPRESENTATION_CONTEXT(2) 
PARAMETRIC_REPRESENTATION_CONTEXT() REPRESENTATION_CONTEXT('2D SPACE',''
  ) );
#4576 = ORIENTED_EDGE('',*,*,#4577,.F.);
#4577 = EDGE_CURVE('',#4474,#4550,#4578,.T.);
#4578 = SURFACE_CURVE('',#4579,(#4583,#4590),.PCURVE_S1.);
#4579 = LINE('',#4580,#4581);
#4580 = CARTESIAN_POINT('',(0.3821875,-1.3,9.3083984375));
#4581 = VECTOR('',#4582,1.);
#4582 = DIRECTION('',(1.,0.,0.));
#4583 = PCURVE('',#4489,#4584);
#4584 = DEFINITIONAL_REPRESENTATION('',(#4585),#4589);
#4585 = LINE('',#4586,#4587);
#4586 = CARTESIAN_POINT('',(0.,0.));
#4587 = VECTOR('',#4588,1.);
#4588 = DIRECTION('',(1.,0.));
#4589 = ( GEOMETRIC_REPRESENTATION_CONTEXT(2) 
PARAMETRIC_REPRESENTATION_CONTEXT() REPRESENTATION_CONTEXT('2D SPACE',''
  ) );
#4590 = PCURVE('',#4434,#4591);
#4591 = DEFINITIONAL_REPRESENTATION('',(#4592),#4596);
#4592 = LINE('',#4593,#4594);
#4593 = CARTESIAN_POINT('',(6.5625E-02,0.57265625));
#4594 = VECTOR('',#4595,1.);
#4595 = DIRECTION('',(1.,0.));
#4596 = ( GEOMETRIC_REPRESENTATION_CONTEXT(2) 
PARAMETRIC_REPRESENTATION_CONTEXT() REPRESENTATION_CONTEXT('2D SPACE',''
  ) );
#4597 = ADVANCED_FACE('',(#4598),#4565,.T.);
#4598 = FACE_BOUND('',#4599,.T.);
#4599 = EDGE_LOOP('',(#4600,#4601,#4624,#4652));
#4600 = ORIENTED_EDGE('',*,*,#4549,.T.);
#4601 = ORIENTED_EDGE('',*,*,#4602,.T.);
#4602 = EDGE_CURVE('',#4527,#4603,#4605,.T.);
#4603 = VERTEX_POINT('',#4604);
#4604 = CARTESIAN_POINT('',(0.768515625,-1.312,9.2408203125));
#4605 = SURFACE_CURVE('',#4606,(#4610,#4617),.PCURVE_S1.);
#4606 = LINE('',#4607,#4608);
#4607 = CARTESIAN_POINT('',(0.768515625,-1.312,9.3083984375));
#4608 = VECTOR('',#4609,1.);
#4609 = DIRECTION('',(0.,0.,-1.));
#4610 = PCURVE('',#4565,#4611);
#4611 = DEFINITIONAL_REPRESENTATION('',(#4612),#4616);
#4612 = LINE('',#4613,#4614);
#4613 = CARTESIAN_POINT('',(0.,-1.2E-02));
#4614 = VECTOR('',#4615,1.);
#4615 = DIRECTION('',(1.,0.));
#4616 = ( GEOMETRIC_REPRESENTATION_CONTEXT(2) 
PARAMETRIC_REPRESENTATION_CONTEXT() REPRESENTATION_CONTEXT('2D SPACE',''
  ) );
#4617 = PCURVE('',#4380,#4618);
#4618 = DEFINITIONAL_REPRESENTATION('',(#4619),#4623);
#4619 = LINE('',#4620,#4621);
#4620 = CARTESIAN_POINT('',(0.451953125,0.57265625));
#4621 = VECTOR('',#4622,1.);
#4622 = DIRECTION('',(0.,-1.));
#4623 = ( GEOMETRIC_REPRESENTATION_CONTEXT(2) 
PARAMETRIC_REPRESENTATION_CONTEXT() REPRESENTATION_CONTEXT('2D SPACE',''
  ) );
#4624 = ORIENTED_EDGE('',*,*,#4625,.F.);
#4625 = EDGE_CURVE('',#4626,#4603,#4628,.T.);
#4626 = VERTEX_POINT('',#4627);
#4627 = CARTESIAN_POINT('',(0.768515625,-1.3,9.2408203125));
#4628 = SURFACE_CURVE('',#4629,(#4633,#4640),.PCURVE_S1.);
#4629 = LINE('',#4630,#4631);
#4630 = CARTESIAN_POINT('',(0.768515625,-1.3,9.2408203125));
#4631 = VECTOR('',#4632,1.);
#4632 = DIRECTION('',(0.,-1.,0.));
#4633 = PCURVE('',#4565,#4634);
#4634 = DEFINITIONAL_REPRESENTATION('',(#4635),#4639);
#4635 = LINE('',#4636,#4637);
#4636 = CARTESIAN_POINT('',(6.7578125E-02,0.));
#4637 = VECTOR('',#4638,1.);
#4638 = DIRECTION('',(0.,-1.));
#4639 = ( GEOMETRIC_REPRESENTATION_CONTEXT(2) 
PARAMETRIC_REPRESENTATION_CONTEXT() REPRESENTATION_CONTEXT('2D SPACE',''
  ) );
#4640 = PCURVE('',#4641,#4646);
#4641 = PLANE('',#4642);
#4642 = AXIS2_PLACEMENT_3D('',#4643,#4644,#4645);
#4643 = CARTESIAN_POINT('',(0.768515625,-1.3,9.2408203125));
#4644 = DIRECTION('',(0.,0.,-1.));
#4645 = DIRECTION('',(-1.,0.,0.));
#4646 = DEFINITIONAL_REPRESENTATION('',(#4647),#4651);
#4647 = LINE('',#4648,#4649);
#4648 = CARTESIAN_POINT('',(0.,-0.));
#4649 = VECTOR('',#4650,1.);
#4650 = DIRECTION('',(0.,-1.));
#4651 = ( GEOMETRIC_REPRESENTATION_CONTEXT(2) 
PARAMETRIC_REPRESENTATION_CONTEXT() REPRESENTATION_CONTEXT('2D SPACE',''
  ) );
#4652 = ORIENTED_EDGE('',*,*,#4653,.F.);
#4653 = EDGE_CURVE('',#4550,#4626,#4654,.T.);
#4654 = SURFACE_CURVE('',#4655,(#4659,#4666),.PCURVE_S1.);
#4655 = LINE('',#4656,#4657);
#4656 = CARTESIAN_POINT('',(0.768515625,-1.3,9.3083984375));
#4657 = VECTOR('',#4658,1.);
#4658 = DIRECTION('',(0.,0.,-1.));
#4659 = PCURVE('',#4565,#4660);
#4660 = DEFINITIONAL_REPRESENTATION('',(#4661),#4665);
#4661 = LINE('',#4662,#4663);
#4662 = CARTESIAN_POINT('',(0.,0.));
#4663 = VECTOR('',#4664,1.);
#4664 = DIRECTION('',(1.,0.));
#4665 = ( GEOMETRIC_REPRESENTATION_CONTEXT(2) 
PARAMETRIC_REPRESENTATION_CONTEXT() REPRESENTATION_CONTEXT('2D SPACE',''
  ) );
#4666 = PCURVE('',#4434,#4667);
#4667 = DEFINITIONAL_REPRESENTATION('',(#4668),#4672);
#4668 = LINE('',#4669,#4670);
#4669 = CARTESIAN_POINT('',(0.451953125,0.57265625));
#4670 = VECTOR('',#4671,1.);
#4671 = DIRECTION('',(0.,-1.));
#4672 = ( GEOMETRIC_REPRESENTATION_CONTEXT(2) 
PARAMETRIC_REPRESENTATION_CONTEXT() REPRESENTATION_CONTEXT('2D SPACE',''
  ) );
#4673 = ADVANCED_FACE('',(#4674),#4641,.T.);
#4674 = FACE_BOUND('',#4675,.T.);
#4675 = EDGE_LOOP('',(#4676,#4677,#4700,#4728));
#4676 = ORIENTED_EDGE('',*,*,#4625,.T.);
#4677 = ORIENTED_EDGE('',*,*,#4678,.T.);
#4678 = EDGE_CURVE('',#4603,#4679,#4681,.T.);
#4679 = VERTEX_POINT('',#4680);
#4680 = CARTESIAN_POINT('',(0.45796875,-1.312,9.2408203125));
#4681 = SURFACE_CURVE('',#4682,(#4686,#4693),.PCURVE_S1.);
#4682 = LINE('',#4683,#4684);
#4683 = CARTESIAN_POINT('',(0.768515625,-1.312,9.2408203125));
#4684 = VECTOR('',#4685,1.);
#4685 = DIRECTION('',(-1.,0.,0.));
#4686 = PCURVE('',#4641,#4687);
#4687 = DEFINITIONAL_REPRESENTATION('',(#4688),#4692);
#4688 = LINE('',#4689,#4690);
#4689 = CARTESIAN_POINT('',(0.,-1.2E-02));
#4690 = VECTOR('',#4691,1.);
#4691 = DIRECTION('',(1.,0.));
#4692 = ( GEOMETRIC_REPRESENTATION_CONTEXT(2) 
PARAMETRIC_REPRESENTATION_CONTEXT() REPRESENTATION_CONTEXT('2D SPACE',''
  ) );
#4693 = PCURVE('',#4380,#4694);
#4694 = DEFINITIONAL_REPRESENTATION('',(#4695),#4699);
#4695 = LINE('',#4696,#4697);
#4696 = CARTESIAN_POINT('',(0.451953125,0.505078125));
#4697 = VECTOR('',#4698,1.);
#4698 = DIRECTION('',(-1.,0.));
#4699 = ( GEOMETRIC_REPRESENTATION_CONTEXT(2) 
PARAMETRIC_REPRESENTATION_CONTEXT() REPRESENTATION_CONTEXT('2D SPACE',''
  ) );
#4700 = ORIENTED_EDGE('',*,*,#4701,.F.);
#4701 = EDGE_CURVE('',#4702,#4679,#4704,.T.);
#4702 = VERTEX_POINT('',#4703);
#4703 = CARTESIAN_POINT('',(0.45796875,-1.3,9.2408203125));
#4704 = SURFACE_CURVE('',#4705,(#4709,#4716),.PCURVE_S1.);
#4705 = LINE('',#4706,#4707);
#4706 = CARTESIAN_POINT('',(0.45796875,-1.3,9.2408203125));
#4707 = VECTOR('',#4708,1.);
#4708 = DIRECTION('',(0.,-1.,0.));
#4709 = PCURVE('',#4641,#4710);
#4710 = DEFINITIONAL_REPRESENTATION('',(#4711),#4715);
#4711 = LINE('',#4712,#4713);
#4712 = CARTESIAN_POINT('',(0.310546875,0.));
#4713 = VECTOR('',#4714,1.);
#4714 = DIRECTION('',(0.,-1.));
#4715 = ( GEOMETRIC_REPRESENTATION_CONTEXT(2) 
PARAMETRIC_REPRESENTATION_CONTEXT() REPRESENTATION_CONTEXT('2D SPACE',''
  ) );
#4716 = PCURVE('',#4717,#4722);
#4717 = PLANE('',#4718);
#4718 = AXIS2_PLACEMENT_3D('',#4719,#4720,#4721);
#4719 = CARTESIAN_POINT('',(0.45796875,-1.3,9.2408203125));
#4720 = DIRECTION('',(1.,0.,0.));
#4721 = DIRECTION('',(0.,0.,-1.));
#4722 = DEFINITIONAL_REPRESENTATION('',(#4723),#4727);
#4723 = LINE('',#4724,#4725);
#4724 = CARTESIAN_POINT('',(0.,0.));
#4725 = VECTOR('',#4726,1.);
#4726 = DIRECTION('',(0.,-1.));
#4727 = ( GEOMETRIC_REPRESENTATION_CONTEXT(2) 
PARAMETRIC_REPRESENTATION_CONTEXT() REPRESENTATION_CONTEXT('2D SPACE',''
  ) );
#4728 = ORIENTED_EDGE('',*,*,#4729,.F.);
#4729 = EDGE_CURVE('',#4626,#4702,#4730,.T.);
#4730 = SURFACE_CURVE('',#4731,(#4735,#4742),.PCURVE_S1.);
#4731 = LINE('',#4732,#4733);
#4732 = CARTESIAN_POINT('',(0.768515625,-1.3,9.2408203125));
#4733 = VECTOR('',#4734,1.);
#4734 = DIRECTION('',(-1.,0.,0.));
#4735 = PCURVE('',#4641,#4736);
#4736 = DEFINITIONAL_REPRESENTATION('',(#4737),#4741);
#4737 = LINE('',#4738,#4739);
#4738 = CARTESIAN_POINT('',(0.,-0.));
#4739 = VECTOR('',#4740,1.);
#4740 = DIRECTION('',(1.,0.));
#4741 = ( GEOMETRIC_REPRESENTATION_CONTEXT(2) 
PARAMETRIC_REPRESENTATION_CONTEXT() REPRESENTATION_CONTEXT('2D SPACE',''
  ) );
#4742 = PCURVE('',#4434,#4743);
#4743 = DEFINITIONAL_REPRESENTATION('',(#4744),#4748);
#4744 = LINE('',#4745,#4746);
#4745 = CARTESIAN_POINT('',(0.451953125,0.505078125));
#4746 = VECTOR('',#4747,1.);
#4747 = DIRECTION('',(-1.,0.));
#4748 = ( GEOMETRIC_REPRESENTATION_CONTEXT(2) 
PARAMETRIC_REPRESENTATION_CONTEXT() REPRESENTATION_CONTEXT('2D SPACE',''
  ) );
#4749 = ADVANCED_FACE('',(#4750),#4717,.T.);
#4750 = FACE_BOUND('',#4751,.T.);
#4751 = EDGE_LOOP('',(#4752,#4753,#4776,#4804));
#4752 = ORIENTED_EDGE('',*,*,#4701,.T.);
#4753 = ORIENTED_EDGE('',*,*,#4754,.T.);
#4754 = EDGE_CURVE('',#4679,#4755,#4757,.T.);
#4755 = VERTEX_POINT('',#4756);
#4756 = CARTESIAN_POINT('',(0.45796875,-1.312,9.0634765625));
#4757 = SURFACE_CURVE('',#4758,(#4762,#4769),.PCURVE_S1.);
#4758 = LINE('',#4759,#4760);
#4759 = CARTESIAN_POINT('',(0.45796875,-1.312,9.2408203125));
#4760 = VECTOR('',#4761,1.);
#4761 = DIRECTION('',(0.,0.,-1.));
#4762 = PCURVE('',#4717,#4763);
#4763 = DEFINITIONAL_REPRESENTATION('',(#4764),#4768);
#4764 = LINE('',#4765,#4766);
#4765 = CARTESIAN_POINT('',(0.,-1.2E-02));
#4766 = VECTOR('',#4767,1.);
#4767 = DIRECTION('',(1.,0.));
#4768 = ( GEOMETRIC_REPRESENTATION_CONTEXT(2) 
PARAMETRIC_REPRESENTATION_CONTEXT() REPRESENTATION_CONTEXT('2D SPACE',''
  ) );
#4769 = PCURVE('',#4380,#4770);
#4770 = DEFINITIONAL_REPRESENTATION('',(#4771),#4775);
#4771 = LINE('',#4772,#4773);
#4772 = CARTESIAN_POINT('',(0.14140625,0.505078125));
#4773 = VECTOR('',#4774,1.);
#4774 = DIRECTION('',(0.,-1.));
#4775 = ( GEOMETRIC_REPRESENTATION_CONTEXT(2) 
PARAMETRIC_REPRESENTATION_CONTEXT() REPRESENTATION_CONTEXT('2D SPACE',''
  ) );
#4776 = ORIENTED_EDGE('',*,*,#4777,.F.);
#4777 = EDGE_CURVE('',#4778,#4755,#4780,.T.);
#4778 = VERTEX_POINT('',#4779);
#4779 = CARTESIAN_POINT('',(0.45796875,-1.3,9.0634765625));
#4780 = SURFACE_CURVE('',#4781,(#4785,#4792),.PCURVE_S1.);
#4781 = LINE('',#4782,#4783);
#4782 = CARTESIAN_POINT('',(0.45796875,-1.3,9.0634765625));
#4783 = VECTOR('',#4784,1.);
#4784 = DIRECTION('',(0.,-1.,0.));
#4785 = PCURVE('',#4717,#4786);
#4786 = DEFINITIONAL_REPRESENTATION('',(#4787),#4791);
#4787 = LINE('',#4788,#4789);
#4788 = CARTESIAN_POINT('',(0.17734375,0.));
#4789 = VECTOR('',#4790,1.);
#4790 = DIRECTION('',(0.,-1.));
#4791 = ( GEOMETRIC_REPRESENTATION_CONTEXT(2) 
PARAMETRIC_REPRESENTATION_CONTEXT() REPRESENTATION_CONTEXT('2D SPACE',''
  ) );
#4792 = PCURVE('',#4793,#4798);
#4793 = PLANE('',#4794);
#4794 = AXIS2_PLACEMENT_3D('',#4795,#4796,#4797);
#4795 = CARTESIAN_POINT('',(0.45796875,-1.3,9.0634765625));
#4796 = DIRECTION('',(0.,0.,1.));
#4797 = DIRECTION('',(1.,0.,0.));
#4798 = DEFINITIONAL_REPRESENTATION('',(#4799),#4803);
#4799 = LINE('',#4800,#4801);
#4800 = CARTESIAN_POINT('',(0.,0.));
#4801 = VECTOR('',#4802,1.);
#4802 = DIRECTION('',(0.,-1.));
#4803 = ( GEOMETRIC_REPRESENTATION_CONTEXT(2) 
PARAMETRIC_REPRESENTATION_CONTEXT() REPRESENTATION_CONTEXT('2D SPACE',''
  ) );
#4804 = ORIENTED_EDGE('',*,*,#4805,.F.);
#4805 = EDGE_CURVE('',#4702,#4778,#4806,.T.);
#4806 = SURFACE_CURVE('',#4807,(#4811,#4818),.PCURVE_S1.);
#4807 = LINE('',#4808,#4809);
#4808 = CARTESIAN_POINT('',(0.45796875,-1.3,9.2408203125));
#4809 = VECTOR('',#4810,1.);
#4810 = DIRECTION('',(0.,0.,-1.));
#4811 = PCURVE('',#4717,#4812);
#4812 = DEFINITIONAL_REPRESENTATION('',(#4813),#4817);
#4813 = LINE('',#4814,#4815);
#4814 = CARTESIAN_POINT('',(0.,0.));
#4815 = VECTOR('',#4816,1.);
#4816 = DIRECTION('',(1.,0.));
#4817 = ( GEOMETRIC_REPRESENTATION_CONTEXT(2) 
PARAMETRIC_REPRESENTATION_CONTEXT() REPRESENTATION_CONTEXT('2D SPACE',''
  ) );
#4818 = PCURVE('',#4434,#4819);
#4819 = DEFINITIONAL_REPRESENTATION('',(#4820),#4824);
#4820 = LINE('',#4821,#4822);
#4821 = CARTESIAN_POINT('',(0.14140625,0.505078125));
#4822 = VECTOR('',#4823,1.);
#4823 = DIRECTION('',(0.,-1.));
#4824 = ( GEOMETRIC_REPRESENTATION_CONTEXT(2) 
PARAMETRIC_REPRESENTATION_CONTEXT() REPRESENTATION_CONTEXT('2D SPACE',''
  ) );
#4825 = ADVANCED_FACE('',(#4826),#4793,.T.);
#4826 = FACE_BOUND('',#4827,.T.);
#4827 = EDGE_LOOP('',(#4828,#4829,#4852,#4880));
#4828 = ORIENTED_EDGE('',*,*,#4777,.T.);
#4829 = ORIENTED_EDGE('',*,*,#4830,.T.);
#4830 = EDGE_CURVE('',#4755,#4831,#4833,.T.);
#4831 = VERTEX_POINT('',#4832);
#4832 = CARTESIAN_POINT('',(0.72671875,-1.312,9.0634765625));
#4833 = SURFACE_CURVE('',#4834,(#4838,#4845),.PCURVE_S1.);
#4834 = LINE('',#4835,#4836);
#4835 = CARTESIAN_POINT('',(0.45796875,-1.312,9.0634765625));
#4836 = VECTOR('',#4837,1.);
#4837 = DIRECTION('',(1.,0.,0.));
#4838 = PCURVE('',#4793,#4839);
#4839 = DEFINITIONAL_REPRESENTATION('',(#4840),#4844);
#4840 = LINE('',#4841,#4842);
#4841 = CARTESIAN_POINT('',(0.,-1.2E-02));
#4842 = VECTOR('',#4843,1.);
#4843 = DIRECTION('',(1.,0.));
#4844 = ( GEOMETRIC_REPRESENTATION_CONTEXT(2) 
PARAMETRIC_REPRESENTATION_CONTEXT() REPRESENTATION_CONTEXT('2D SPACE',''
  ) );
#4845 = PCURVE('',#4380,#4846);
#4846 = DEFINITIONAL_REPRESENTATION('',(#4847),#4851);
#4847 = LINE('',#4848,#4849);
#4848 = CARTESIAN_POINT('',(0.14140625,0.327734375));
#4849 = VECTOR('',#4850,1.);
#4850 = DIRECTION('',(1.,0.));
#4851 = ( GEOMETRIC_REPRESENTATION_CONTEXT(2) 
PARAMETRIC_REPRESENTATION_CONTEXT() REPRESENTATION_CONTEXT('2D SPACE',''
  ) );
#4852 = ORIENTED_EDGE('',*,*,#4853,.F.);
#4853 = EDGE_CURVE('',#4854,#4831,#4856,.T.);
#4854 = VERTEX_POINT('',#4855);
#4855 = CARTESIAN_POINT('',(0.72671875,-1.3,9.0634765625));
#4856 = SURFACE_CURVE('',#4857,(#4861,#4868),.PCURVE_S1.);
#4857 = LINE('',#4858,#4859);
#4858 = CARTESIAN_POINT('',(0.72671875,-1.3,9.0634765625));
#4859 = VECTOR('',#4860,1.);
#4860 = DIRECTION('',(0.,-1.,0.));
#4861 = PCURVE('',#4793,#4862);
#4862 = DEFINITIONAL_REPRESENTATION('',(#4863),#4867);
#4863 = LINE('',#4864,#4865);
#4864 = CARTESIAN_POINT('',(0.26875,0.));
#4865 = VECTOR('',#4866,1.);
#4866 = DIRECTION('',(0.,-1.));
#4867 = ( GEOMETRIC_REPRESENTATION_CONTEXT(2) 
PARAMETRIC_REPRESENTATION_CONTEXT() REPRESENTATION_CONTEXT('2D SPACE',''
  ) );
#4868 = PCURVE('',#4869,#4874);
#4869 = PLANE('',#4870);
#4870 = AXIS2_PLACEMENT_3D('',#4871,#4872,#4873);
#4871 = CARTESIAN_POINT('',(0.72671875,-1.3,9.0634765625));
#4872 = DIRECTION('',(1.,0.,0.));
#4873 = DIRECTION('',(0.,0.,-1.));
#4874 = DEFINITIONAL_REPRESENTATION('',(#4875),#4879);
#4875 = LINE('',#4876,#4877);
#4876 = CARTESIAN_POINT('',(0.,0.));
#4877 = VECTOR('',#4878,1.);
#4878 = DIRECTION('',(0.,-1.));
#4879 = ( GEOMETRIC_REPRESENTATION_CONTEXT(2) 
PARAMETRIC_REPRESENTATION_CONTEXT() REPRESENTATION_CONTEXT('2D SPACE',''
  ) );
#4880 = ORIENTED_EDGE('',*,*,#4881,.F.);
#4881 = EDGE_CURVE('',#4778,#4854,#4882,.T.);
#4882 = SURFACE_CURVE('',#4883,(#4887,#4894),.PCURVE_S1.);
#4883 = LINE('',#4884,#4885);
#4884 = CARTESIAN_POINT('',(0.45796875,-1.3,9.0634765625));
#4885 = VECTOR('',#4886,1.);
#4886 = DIRECTION('',(1.,0.,0.));
#4887 = PCURVE('',#4793,#4888);
#4888 = DEFINITIONAL_REPRESENTATION('',(#4889),#4893);
#4889 = LINE('',#4890,#4891);
#4890 = CARTESIAN_POINT('',(0.,0.));
#4891 = VECTOR('',#4892,1.);
#4892 = DIRECTION('',(1.,0.));
#4893 = ( GEOMETRIC_REPRESENTATION_CONTEXT(2) 
PARAMETRIC_REPRESENTATION_CONTEXT() REPRESENTATION_CONTEXT('2D SPACE',''
  ) );
#4894 = PCURVE('',#4434,#4895);
#4895 = DEFINITIONAL_REPRESENTATION('',(#4896),#4900);
#4896 = LINE('',#4897,#4898);
#4897 = CARTESIAN_POINT('',(0.14140625,0.327734375));
#4898 = VECTOR('',#4899,1.);
#4899 = DIRECTION('',(1.,0.));
#4900 = ( GEOMETRIC_REPRESENTATION_CONTEXT(2) 
PARAMETRIC_REPRESENTATION_CONTEXT() REPRESENTATION_CONTEXT('2D SPACE',''
  ) );
#4901 = ADVANCED_FACE('',(#4902),#4869,.T.);
#4902 = FACE_BOUND('',#4903,.T.);
#4903 = EDGE_LOOP('',(#4904,#4905,#4928,#4956));
#4904 = ORIENTED_EDGE('',*,*,#4853,.T.);
#4905 = ORIENTED_EDGE('',*,*,#4906,.T.);
#4906 = EDGE_CURVE('',#4831,#4907,#4909,.T.);
#4907 = VERTEX_POINT('',#4908);
#4908 = CARTESIAN_POINT('',(0.72671875,-1.312,8.9958984375));
#4909 = SURFACE_CURVE('',#4910,(#4914,#4921),.PCURVE_S1.);
#4910 = LINE('',#4911,#4912);
#4911 = CARTESIAN_POINT('',(0.72671875,-1.312,9.0634765625));
#4912 = VECTOR('',#4913,1.);
#4913 = DIRECTION('',(0.,0.,-1.));
#4914 = PCURVE('',#4869,#4915);
#4915 = DEFINITIONAL_REPRESENTATION('',(#4916),#4920);
#4916 = LINE('',#4917,#4918);
#4917 = CARTESIAN_POINT('',(0.,-1.2E-02));
#4918 = VECTOR('',#4919,1.);
#4919 = DIRECTION('',(1.,0.));
#4920 = ( GEOMETRIC_REPRESENTATION_CONTEXT(2) 
PARAMETRIC_REPRESENTATION_CONTEXT() REPRESENTATION_CONTEXT('2D SPACE',''
  ) );
#4921 = PCURVE('',#4380,#4922);
#4922 = DEFINITIONAL_REPRESENTATION('',(#4923),#4927);
#4923 = LINE('',#4924,#4925);
#4924 = CARTESIAN_POINT('',(0.41015625,0.327734375));
#4925 = VECTOR('',#4926,1.);
#4926 = DIRECTION('',(0.,-1.));
#4927 = ( GEOMETRIC_REPRESENTATION_CONTEXT(2) 
PARAMETRIC_REPRESENTATION_CONTEXT() REPRESENTATION_CONTEXT('2D SPACE',''
  ) );
#4928 = ORIENTED_EDGE('',*,*,#4929,.F.);
#4929 = EDGE_CURVE('',#4930,#4907,#4932,.T.);
#4930 = VERTEX_POINT('',#4931);
#4931 = CARTESIAN_POINT('',(0.72671875,-1.3,8.9958984375));
#4932 = SURFACE_CURVE('',#4933,(#4937,#4944),.PCURVE_S1.);
#4933 = LINE('',#4934,#4935);
#4934 = CARTESIAN_POINT('',(0.72671875,-1.3,8.9958984375));
#4935 = VECTOR('',#4936,1.);
#4936 = DIRECTION('',(0.,-1.,0.));
#4937 = PCURVE('',#4869,#4938);
#4938 = DEFINITIONAL_REPRESENTATION('',(#4939),#4943);
#4939 = LINE('',#4940,#4941);
#4940 = CARTESIAN_POINT('',(6.7578125E-02,0.));
#4941 = VECTOR('',#4942,1.);
#4942 = DIRECTION('',(0.,-1.));
#4943 = ( GEOMETRIC_REPRESENTATION_CONTEXT(2) 
PARAMETRIC_REPRESENTATION_CONTEXT() REPRESENTATION_CONTEXT('2D SPACE',''
  ) );
#4944 = PCURVE('',#4945,#4950);
#4945 = PLANE('',#4946);
#4946 = AXIS2_PLACEMENT_3D('',#4947,#4948,#4949);
#4947 = CARTESIAN_POINT('',(0.72671875,-1.3,8.9958984375));
#4948 = DIRECTION('',(0.,0.,-1.));
#4949 = DIRECTION('',(-1.,0.,0.));
#4950 = DEFINITIONAL_REPRESENTATION('',(#4951),#4955);
#4951 = LINE('',#4952,#4953);
#4952 = CARTESIAN_POINT('',(0.,-0.));
#4953 = VECTOR('',#4954,1.);
#4954 = DIRECTION('',(0.,-1.));
#4955 = ( GEOMETRIC_REPRESENTATION_CONTEXT(2) 
PARAMETRIC_REPRESENTATION_CONTEXT() REPRESENTATION_CONTEXT('2D SPACE',''
  ) );
#4956 = ORIENTED_EDGE('',*,*,#4957,.F.);
#4957 = EDGE_CURVE('',#4854,#4930,#4958,.T.);
#4958 = SURFACE_CURVE('',#4959,(#4963,#4970),.PCURVE_S1.);
#4959 = LINE('',#4960,#4961);
#4960 = CARTESIAN_POINT('',(0.72671875,-1.3,9.0634765625));
#4961 = VECTOR('',#4962,1.);
#4962 = DIRECTION('',(0.,0.,-1.));
#4963 = PCURVE('',#4869,#4964);
#4964 = DEFINITIONAL_REPRESENTATION('',(#4965),#4969);
#4965 = LINE('',#4966,#4967);
#4966 = CARTESIAN_POINT('',(0.,0.));
#4967 = VECTOR('',#4968,1.);
#4968 = DIRECTION('',(1.,0.));
#4969 = ( GEOMETRIC_REPRESENTATION_CONTEXT(2) 
PARAMETRIC_REPRESENTATION_CONTEXT() REPRESENTATION_CONTEXT('2D SPACE',''
  ) );
#4970 = PCURVE('',#4434,#4971);
#4971 = DEFINITIONAL_REPRESENTATION('',(#4972),#4976);
#4972 = LINE('',#4973,#4974);
#4973 = CARTESIAN_POINT('',(0.41015625,0.327734375));
#4974 = VECTOR('',#4975,1.);
#4975 = DIRECTION('',(0.,-1.));
#4976 = ( GEOMETRIC_REPRESENTATION_CONTEXT(2) 
PARAMETRIC_REPRESENTATION_CONTEXT() REPRESENTATION_CONTEXT('2D SPACE',''
  ) );
#4977 = ADVANCED_FACE('',(#4978),#4945,.T.);
#4978 = FACE_BOUND('',#4979,.T.);
#4979 = EDGE_LOOP('',(#4980,#4981,#5004,#5027));
#4980 = ORIENTED_EDGE('',*,*,#4929,.T.);
#4981 = ORIENTED_EDGE('',*,*,#4982,.T.);
#4982 = EDGE_CURVE('',#4907,#4983,#4985,.T.);
#4983 = VERTEX_POINT('',#4984);
#4984 = CARTESIAN_POINT('',(0.45796875,-1.312,8.9958984375));
#4985 = SURFACE_CURVE('',#4986,(#4990,#4997),.PCURVE_S1.);
#4986 = LINE('',#4987,#4988);
#4987 = CARTESIAN_POINT('',(0.72671875,-1.312,8.9958984375));
#4988 = VECTOR('',#4989,1.);
#4989 = DIRECTION('',(-1.,0.,0.));
#4990 = PCURVE('',#4945,#4991);
#4991 = DEFINITIONAL_REPRESENTATION('',(#4992),#4996);
#4992 = LINE('',#4993,#4994);
#4993 = CARTESIAN_POINT('',(0.,-1.2E-02));
#4994 = VECTOR('',#4995,1.);
#4995 = DIRECTION('',(1.,0.));
#4996 = ( GEOMETRIC_REPRESENTATION_CONTEXT(2) 
PARAMETRIC_REPRESENTATION_CONTEXT() REPRESENTATION_CONTEXT('2D SPACE',''
  ) );
#4997 = PCURVE('',#4380,#4998);
#4998 = DEFINITIONAL_REPRESENTATION('',(#4999),#5003);
#4999 = LINE('',#5000,#5001);
#5000 = CARTESIAN_POINT('',(0.41015625,0.26015625));
#5001 = VECTOR('',#5002,1.);
#5002 = DIRECTION('',(-1.,0.));
#5003 = ( GEOMETRIC_REPRESENTATION_CONTEXT(2) 
PARAMETRIC_REPRESENTATION_CONTEXT() REPRESENTATION_CONTEXT('2D SPACE',''
  ) );
#5004 = ORIENTED_EDGE('',*,*,#5005,.F.);
#5005 = EDGE_CURVE('',#5006,#4983,#5008,.T.);
#5006 = VERTEX_POINT('',#5007);
#5007 = CARTESIAN_POINT('',(0.45796875,-1.3,8.9958984375));
#5008 = SURFACE_CURVE('',#5009,(#5013,#5020),.PCURVE_S1.);
#5009 = LINE('',#5010,#5011);
#5010 = CARTESIAN_POINT('',(0.45796875,-1.3,8.9958984375));
#5011 = VECTOR('',#5012,1.);
#5012 = DIRECTION('',(0.,-1.,0.));
#5013 = PCURVE('',#4945,#5014);
#5014 = DEFINITIONAL_REPRESENTATION('',(#5015),#5019);
#5015 = LINE('',#5016,#5017);
#5016 = CARTESIAN_POINT('',(0.26875,0.));
#5017 = VECTOR('',#5018,1.);
#5018 = DIRECTION('',(0.,-1.));
#5019 = ( GEOMETRIC_REPRESENTATION_CONTEXT(2) 
PARAMETRIC_REPRESENTATION_CONTEXT() REPRESENTATION_CONTEXT('2D SPACE',''
  ) );
#5020 = PCURVE('',#4352,#5021);
#5021 = DEFINITIONAL_REPRESENTATION('',(#5022),#5026);
#5022 = LINE('',#5023,#5024);
#5023 = CARTESIAN_POINT('',(0.,0.));
#5024 = VECTOR('',#5025,1.);
#5025 = DIRECTION('',(0.,-1.));
#5026 = ( GEOMETRIC_REPRESENTATION_CONTEXT(2) 
PARAMETRIC_REPRESENTATION_CONTEXT() REPRESENTATION_CONTEXT('2D SPACE',''
  ) );
#5027 = ORIENTED_EDGE('',*,*,#5028,.F.);
#5028 = EDGE_CURVE('',#4930,#5006,#5029,.T.);
#5029 = SURFACE_CURVE('',#5030,(#5034,#5041),.PCURVE_S1.);
#5030 = LINE('',#5031,#5032);
#5031 = CARTESIAN_POINT('',(0.72671875,-1.3,8.9958984375));
#5032 = VECTOR('',#5033,1.);
#5033 = DIRECTION('',(-1.,0.,0.));
#5034 = PCURVE('',#4945,#5035);
#5035 = DEFINITIONAL_REPRESENTATION('',(#5036),#5040);
#5036 = LINE('',#5037,#5038);
#5037 = CARTESIAN_POINT('',(0.,-0.));
#5038 = VECTOR('',#5039,1.);
#5039 = DIRECTION('',(1.,0.));
#5040 = ( GEOMETRIC_REPRESENTATION_CONTEXT(2) 
PARAMETRIC_REPRESENTATION_CONTEXT() REPRESENTATION_CONTEXT('2D SPACE',''
  ) );
#5041 = PCURVE('',#4434,#5042);
#5042 = DEFINITIONAL_REPRESENTATION('',(#5043),#5047);
#5043 = LINE('',#5044,#5045);
#5044 = CARTESIAN_POINT('',(0.41015625,0.26015625));
#5045 = VECTOR('',#5046,1.);
#5046 = DIRECTION('',(-1.,0.));
#5047 = ( GEOMETRIC_REPRESENTATION_CONTEXT(2) 
PARAMETRIC_REPRESENTATION_CONTEXT() REPRESENTATION_CONTEXT('2D SPACE',''
  ) );
#5048 = ADVANCED_FACE('',(#5049),#4352,.T.);
#5049 = FACE_BOUND('',#5050,.T.);
#5050 = EDGE_LOOP('',(#5051,#5052,#5073,#5074));
#5051 = ORIENTED_EDGE('',*,*,#5005,.T.);
#5052 = ORIENTED_EDGE('',*,*,#5053,.T.);
#5053 = EDGE_CURVE('',#4983,#4332,#5054,.T.);
#5054 = SURFACE_CURVE('',#5055,(#5059,#5066),.PCURVE_S1.);
#5055 = LINE('',#5056,#5057);
#5056 = CARTESIAN_POINT('',(0.45796875,-1.312,8.9958984375));
#5057 = VECTOR('',#5058,1.);
#5058 = DIRECTION('',(0.,0.,-1.));
#5059 = PCURVE('',#4352,#5060);
#5060 = DEFINITIONAL_REPRESENTATION('',(#5061),#5065);
#5061 = LINE('',#5062,#5063);
#5062 = CARTESIAN_POINT('',(0.,-1.2E-02));
#5063 = VECTOR('',#5064,1.);
#5064 = DIRECTION('',(1.,0.));
#5065 = ( GEOMETRIC_REPRESENTATION_CONTEXT(2) 
PARAMETRIC_REPRESENTATION_CONTEXT() REPRESENTATION_CONTEXT('2D SPACE',''
  ) );
#5066 = PCURVE('',#4380,#5067);
#5067 = DEFINITIONAL_REPRESENTATION('',(#5068),#5072);
#5068 = LINE('',#5069,#5070);
#5069 = CARTESIAN_POINT('',(0.14140625,0.26015625));
#5070 = VECTOR('',#5071,1.);
#5071 = DIRECTION('',(0.,-1.));
#5072 = ( GEOMETRIC_REPRESENTATION_CONTEXT(2) 
PARAMETRIC_REPRESENTATION_CONTEXT() REPRESENTATION_CONTEXT('2D SPACE',''
  ) );
#5073 = ORIENTED_EDGE('',*,*,#4329,.F.);
#5074 = ORIENTED_EDGE('',*,*,#5075,.F.);
#5075 = EDGE_CURVE('',#5006,#4330,#5076,.T.);
#5076 = SURFACE_CURVE('',#5077,(#5081,#5088),.PCURVE_S1.);
#5077 = LINE('',#5078,#5079);
#5078 = CARTESIAN_POINT('',(0.45796875,-1.3,8.9958984375));
#5079 = VECTOR('',#5080,1.);
#5080 = DIRECTION('',(0.,0.,-1.));
#5081 = PCURVE('',#4352,#5082);
#5082 = DEFINITIONAL_REPRESENTATION('',(#5083),#5087);
#5083 = LINE('',#5084,#5085);
#5084 = CARTESIAN_POINT('',(0.,0.));
#5085 = VECTOR('',#5086,1.);
#5086 = DIRECTION('',(1.,0.));
#5087 = ( GEOMETRIC_REPRESENTATION_CONTEXT(2) 
PARAMETRIC_REPRESENTATION_CONTEXT() REPRESENTATION_CONTEXT('2D SPACE',''
  ) );
#5088 = PCURVE('',#4434,#5089);
#5089 = DEFINITIONAL_REPRESENTATION('',(#5090),#5094);
#5090 = LINE('',#5091,#5092);
#5091 = CARTESIAN_POINT('',(0.14140625,0.26015625));
#5092 = VECTOR('',#5093,1.);
#5093 = DIRECTION('',(0.,-1.));
#5094 = ( GEOMETRIC_REPRESENTATION_CONTEXT(2) 
PARAMETRIC_REPRESENTATION_CONTEXT() REPRESENTATION_CONTEXT('2D SPACE',''
  ) );
#5095 = ADVANCED_FACE('',(#5096),#4434,.F.);
#5096 = FACE_BOUND('',#5097,.T.);
#5097 = EDGE_LOOP('',(#5098,#5099,#5100,#5101,#5102,#5103,#5104,#5105,
    #5106,#5107));
#5098 = ORIENTED_EDGE('',*,*,#4420,.T.);
#5099 = ORIENTED_EDGE('',*,*,#4501,.T.);
#5100 = ORIENTED_EDGE('',*,*,#4577,.T.);
#5101 = ORIENTED_EDGE('',*,*,#4653,.T.);
#5102 = ORIENTED_EDGE('',*,*,#4729,.T.);
#5103 = ORIENTED_EDGE('',*,*,#4805,.T.);
#5104 = ORIENTED_EDGE('',*,*,#4881,.T.);
#5105 = ORIENTED_EDGE('',*,*,#4957,.T.);
#5106 = ORIENTED_EDGE('',*,*,#5028,.T.);
#5107 = ORIENTED_EDGE('',*,*,#5075,.T.);
#5108 = ADVANCED_FACE('',(#5109),#4380,.T.);
#5109 = FACE_BOUND('',#5110,.F.);
#5110 = EDGE_LOOP('',(#5111,#5112,#5113,#5114,#5115,#5116,#5117,#5118,
    #5119,#5120));
#5111 = ORIENTED_EDGE('',*,*,#4364,.T.);
#5112 = ORIENTED_EDGE('',*,*,#4450,.T.);
#5113 = ORIENTED_EDGE('',*,*,#4526,.T.);
#5114 = ORIENTED_EDGE('',*,*,#4602,.T.);
#5115 = ORIENTED_EDGE('',*,*,#4678,.T.);
#5116 = ORIENTED_EDGE('',*,*,#4754,.T.);
#5117 = ORIENTED_EDGE('',*,*,#4830,.T.);
#5118 = ORIENTED_EDGE('',*,*,#4906,.T.);
#5119 = ORIENTED_EDGE('',*,*,#4982,.T.);
#5120 = ORIENTED_EDGE('',*,*,#5053,.T.);
#5121 = MANIFOLD_SOLID_BREP('',#5122);
#5122 = CLOSED_SHELL('',(#5123,#5247,#5325,#5403,#5481,#5559,#5637,#5715
    ,#5793,#5871,#5949,#6027,#6105,#6183,#6254,#6301,#6415,#6493,#6571,
    #6649,#6727,#6805,#6883,#6961,#7039,#7117,#7188,#7235,#7267));
#5123 = ADVANCED_FACE('',(#5124),#5138,.T.);
#5124 = FACE_BOUND('',#5125,.T.);
#5125 = EDGE_LOOP('',(#5126,#5165,#5193,#5221));
#5126 = ORIENTED_EDGE('',*,*,#5127,.T.);
#5127 = EDGE_CURVE('',#5128,#5130,#5132,.T.);
#5128 = VERTEX_POINT('',#5129);
#5129 = CARTESIAN_POINT('',(1.3009375,-1.3,8.7970703125));
#5130 = VERTEX_POINT('',#5131);
#5131 = CARTESIAN_POINT('',(1.3009375,-1.312,8.7970703125));
#5132 = SURFACE_CURVE('',#5133,(#5137,#5151),.PCURVE_S1.);
#5133 = LINE('',#5134,#5135);
#5134 = CARTESIAN_POINT('',(1.3009375,-1.3,8.7970703125));
#5135 = VECTOR('',#5136,1.);
#5136 = DIRECTION('',(0.,-1.,0.));
#5137 = PCURVE('',#5138,#5145);
#5138 = SURFACE_OF_LINEAR_EXTRUSION('',#5139,#5143);
#5139 = B_SPLINE_CURVE_WITH_KNOTS('',2,(#5140,#5141,#5142),
  .UNSPECIFIED.,.F.,.F.,(3,3),(0.,1.),.PIECEWISE_BEZIER_KNOTS.);
#5140 = CARTESIAN_POINT('',(1.3009375,-1.3,8.7970703125));
#5141 = CARTESIAN_POINT('',(1.353671875,-1.3,8.7607421875));
#5142 = CARTESIAN_POINT('',(1.398203125,-1.3,8.7439453125));
#5143 = VECTOR('',#5144,1.);
#5144 = DIRECTION('',(-0.,1.,-0.));
#5145 = DEFINITIONAL_REPRESENTATION('',(#5146),#5150);
#5146 = LINE('',#5147,#5148);
#5147 = CARTESIAN_POINT('',(0.,0.));
#5148 = VECTOR('',#5149,1.);
#5149 = DIRECTION('',(0.,-1.));
#5150 = ( GEOMETRIC_REPRESENTATION_CONTEXT(2) 
PARAMETRIC_REPRESENTATION_CONTEXT() REPRESENTATION_CONTEXT('2D SPACE',''
  ) );
#5151 = PCURVE('',#5152,#5159);
#5152 = SURFACE_OF_LINEAR_EXTRUSION('',#5153,#5157);
#5153 = B_SPLINE_CURVE_WITH_KNOTS('',2,(#5154,#5155,#5156),
  .UNSPECIFIED.,.F.,.F.,(3,3),(0.,1.),.PIECEWISE_BEZIER_KNOTS.);
#5154 = CARTESIAN_POINT('',(1.36578125,-1.3,8.8953125));
#5155 = CARTESIAN_POINT('',(1.344296875,-1.3,8.8388671875));
#5156 = CARTESIAN_POINT('',(1.3009375,-1.3,8.7970703125));
#5157 = VECTOR('',#5158,1.);
#5158 = DIRECTION('',(-0.,1.,-0.));
#5159 = DEFINITIONAL_REPRESENTATION('',(#5160),#5164);
#5160 = LINE('',#5161,#5162);
#5161 = CARTESIAN_POINT('',(1.,0.));
#5162 = VECTOR('',#5163,1.);
#5163 = DIRECTION('',(0.,-1.));
#5164 = ( GEOMETRIC_REPRESENTATION_CONTEXT(2) 
PARAMETRIC_REPRESENTATION_CONTEXT() REPRESENTATION_CONTEXT('2D SPACE',''
  ) );
#5165 = ORIENTED_EDGE('',*,*,#5166,.T.);
#5166 = EDGE_CURVE('',#5130,#5167,#5169,.T.);
#5167 = VERTEX_POINT('',#5168);
#5168 = CARTESIAN_POINT('',(1.398203125,-1.312,8.7439453125));
#5169 = SURFACE_CURVE('',#5170,(#5174,#5181),.PCURVE_S1.);
#5170 = B_SPLINE_CURVE_WITH_KNOTS('',2,(#5171,#5172,#5173),
  .UNSPECIFIED.,.F.,.F.,(3,3),(0.,1.),.PIECEWISE_BEZIER_KNOTS.);
#5171 = CARTESIAN_POINT('',(1.3009375,-1.312,8.7970703125));
#5172 = CARTESIAN_POINT('',(1.353671875,-1.312,8.7607421875));
#5173 = CARTESIAN_POINT('',(1.398203125,-1.312,8.7439453125));
#5174 = PCURVE('',#5138,#5175);
#5175 = DEFINITIONAL_REPRESENTATION('',(#5176),#5180);
#5176 = LINE('',#5177,#5178);
#5177 = CARTESIAN_POINT('',(0.,-1.2E-02));
#5178 = VECTOR('',#5179,1.);
#5179 = DIRECTION('',(1.,0.));
#5180 = ( GEOMETRIC_REPRESENTATION_CONTEXT(2) 
PARAMETRIC_REPRESENTATION_CONTEXT() REPRESENTATION_CONTEXT('2D SPACE',''
  ) );
#5181 = PCURVE('',#5182,#5187);
#5182 = PLANE('',#5183);
#5183 = AXIS2_PLACEMENT_3D('',#5184,#5185,#5186);
#5184 = CARTESIAN_POINT('',(0.805234375,-1.312,8.7357421875));
#5185 = DIRECTION('',(0.,-1.,0.));
#5186 = DIRECTION('',(1.,0.,0.));
#5187 = DEFINITIONAL_REPRESENTATION('',(#5188),#5192);
#5188 = B_SPLINE_CURVE_WITH_KNOTS('',2,(#5189,#5190,#5191),
  .UNSPECIFIED.,.F.,.F.,(3,3),(0.,1.),.PIECEWISE_BEZIER_KNOTS.);
#5189 = CARTESIAN_POINT('',(0.495703125,6.1328125E-02));
#5190 = CARTESIAN_POINT('',(0.5484375,2.5E-02));
#5191 = CARTESIAN_POINT('',(0.59296875,8.203125E-03));
#5192 = ( GEOMETRIC_REPRESENTATION_CONTEXT(2) 
PARAMETRIC_REPRESENTATION_CONTEXT() REPRESENTATION_CONTEXT('2D SPACE',''
  ) );
#5193 = ORIENTED_EDGE('',*,*,#5194,.F.);
#5194 = EDGE_CURVE('',#5195,#5167,#5197,.T.);
#5195 = VERTEX_POINT('',#5196);
#5196 = CARTESIAN_POINT('',(1.398203125,-1.3,8.7439453125));
#5197 = SURFACE_CURVE('',#5198,(#5202,#5209),.PCURVE_S1.);
#5198 = LINE('',#5199,#5200);
#5199 = CARTESIAN_POINT('',(1.398203125,-1.3,8.7439453125));
#5200 = VECTOR('',#5201,1.);
#5201 = DIRECTION('',(0.,-1.,0.));
#5202 = PCURVE('',#5138,#5203);
#5203 = DEFINITIONAL_REPRESENTATION('',(#5204),#5208);
#5204 = LINE('',#5205,#5206);
#5205 = CARTESIAN_POINT('',(1.,0.));
#5206 = VECTOR('',#5207,1.);
#5207 = DIRECTION('',(0.,-1.));
#5208 = ( GEOMETRIC_REPRESENTATION_CONTEXT(2) 
PARAMETRIC_REPRESENTATION_CONTEXT() REPRESENTATION_CONTEXT('2D SPACE',''
  ) );
#5209 = PCURVE('',#5210,#5215);
#5210 = PLANE('',#5211);
#5211 = AXIS2_PLACEMENT_3D('',#5212,#5213,#5214);
#5212 = CARTESIAN_POINT('',(1.398203125,-1.3,8.7439453125));
#5213 = DIRECTION('',(0.921249561411,0.,-0.38897203704));
#5214 = DIRECTION('',(-0.38897203704,-0.,-0.921249561411));
#5215 = DEFINITIONAL_REPRESENTATION('',(#5216),#5220);
#5216 = LINE('',#5217,#5218);
#5217 = CARTESIAN_POINT('',(0.,0.));
#5218 = VECTOR('',#5219,1.);
#5219 = DIRECTION('',(0.,-1.));
#5220 = ( GEOMETRIC_REPRESENTATION_CONTEXT(2) 
PARAMETRIC_REPRESENTATION_CONTEXT() REPRESENTATION_CONTEXT('2D SPACE',''
  ) );
#5221 = ORIENTED_EDGE('',*,*,#5222,.F.);
#5222 = EDGE_CURVE('',#5128,#5195,#5223,.T.);
#5223 = SURFACE_CURVE('',#5224,(#5228,#5235),.PCURVE_S1.);
#5224 = B_SPLINE_CURVE_WITH_KNOTS('',2,(#5225,#5226,#5227),
  .UNSPECIFIED.,.F.,.F.,(3,3),(0.,1.),.PIECEWISE_BEZIER_KNOTS.);
#5225 = CARTESIAN_POINT('',(1.3009375,-1.3,8.7970703125));
#5226 = CARTESIAN_POINT('',(1.353671875,-1.3,8.7607421875));
#5227 = CARTESIAN_POINT('',(1.398203125,-1.3,8.7439453125));
#5228 = PCURVE('',#5138,#5229);
#5229 = DEFINITIONAL_REPRESENTATION('',(#5230),#5234);
#5230 = LINE('',#5231,#5232);
#5231 = CARTESIAN_POINT('',(0.,0.));
#5232 = VECTOR('',#5233,1.);
#5233 = DIRECTION('',(1.,0.));
#5234 = ( GEOMETRIC_REPRESENTATION_CONTEXT(2) 
PARAMETRIC_REPRESENTATION_CONTEXT() REPRESENTATION_CONTEXT('2D SPACE',''
  ) );
#5235 = PCURVE('',#5236,#5241);
#5236 = PLANE('',#5237);
#5237 = AXIS2_PLACEMENT_3D('',#5238,#5239,#5240);
#5238 = CARTESIAN_POINT('',(0.805234375,-1.3,8.7357421875));
#5239 = DIRECTION('',(0.,-1.,0.));
#5240 = DIRECTION('',(1.,0.,0.));
#5241 = DEFINITIONAL_REPRESENTATION('',(#5242),#5246);
#5242 = B_SPLINE_CURVE_WITH_KNOTS('',2,(#5243,#5244,#5245),
  .UNSPECIFIED.,.F.,.F.,(3,3),(0.,1.),.PIECEWISE_BEZIER_KNOTS.);
#5243 = CARTESIAN_POINT('',(0.495703125,6.1328125E-02));
#5244 = CARTESIAN_POINT('',(0.5484375,2.5E-02));
#5245 = CARTESIAN_POINT('',(0.59296875,8.203125E-03));
#5246 = ( GEOMETRIC_REPRESENTATION_CONTEXT(2) 
PARAMETRIC_REPRESENTATION_CONTEXT() REPRESENTATION_CONTEXT('2D SPACE',''
  ) );
#5247 = ADVANCED_FACE('',(#5248),#5210,.T.);
#5248 = FACE_BOUND('',#5249,.T.);
#5249 = EDGE_LOOP('',(#5250,#5251,#5274,#5304));
#5250 = ORIENTED_EDGE('',*,*,#5194,.T.);
#5251 = ORIENTED_EDGE('',*,*,#5252,.T.);
#5252 = EDGE_CURVE('',#5167,#5253,#5255,.T.);
#5253 = VERTEX_POINT('',#5254);
#5254 = CARTESIAN_POINT('',(1.3759375,-1.312,8.6912109375));
#5255 = SURFACE_CURVE('',#5256,(#5260,#5267),.PCURVE_S1.);
#5256 = LINE('',#5257,#5258);
#5257 = CARTESIAN_POINT('',(1.398203125,-1.312,8.7439453125));
#5258 = VECTOR('',#5259,1.);
#5259 = DIRECTION('',(-0.38897203704,-0.,-0.921249561411));
#5260 = PCURVE('',#5210,#5261);
#5261 = DEFINITIONAL_REPRESENTATION('',(#5262),#5266);
#5262 = LINE('',#5263,#5264);
#5263 = CARTESIAN_POINT('',(0.,-1.2E-02));
#5264 = VECTOR('',#5265,1.);
#5265 = DIRECTION('',(1.,-0.));
#5266 = ( GEOMETRIC_REPRESENTATION_CONTEXT(2) 
PARAMETRIC_REPRESENTATION_CONTEXT() REPRESENTATION_CONTEXT('2D SPACE',''
  ) );
#5267 = PCURVE('',#5182,#5268);
#5268 = DEFINITIONAL_REPRESENTATION('',(#5269),#5273);
#5269 = LINE('',#5270,#5271);
#5270 = CARTESIAN_POINT('',(0.59296875,8.203125E-03));
#5271 = VECTOR('',#5272,1.);
#5272 = DIRECTION('',(-0.38897203704,-0.921249561411));
#5273 = ( GEOMETRIC_REPRESENTATION_CONTEXT(2) 
PARAMETRIC_REPRESENTATION_CONTEXT() REPRESENTATION_CONTEXT('2D SPACE',''
  ) );
#5274 = ORIENTED_EDGE('',*,*,#5275,.F.);
#5275 = EDGE_CURVE('',#5276,#5253,#5278,.T.);
#5276 = VERTEX_POINT('',#5277);
#5277 = CARTESIAN_POINT('',(1.3759375,-1.3,8.6912109375));
#5278 = SURFACE_CURVE('',#5279,(#5283,#5290),.PCURVE_S1.);
#5279 = LINE('',#5280,#5281);
#5280 = CARTESIAN_POINT('',(1.3759375,-1.3,8.6912109375));
#5281 = VECTOR('',#5282,1.);
#5282 = DIRECTION('',(0.,-1.,0.));
#5283 = PCURVE('',#5210,#5284);
#5284 = DEFINITIONAL_REPRESENTATION('',(#5285),#5289);
#5285 = LINE('',#5286,#5287);
#5286 = CARTESIAN_POINT('',(5.724222535228E-02,-0.));
#5287 = VECTOR('',#5288,1.);
#5288 = DIRECTION('',(0.,-1.));
#5289 = ( GEOMETRIC_REPRESENTATION_CONTEXT(2) 
PARAMETRIC_REPRESENTATION_CONTEXT() REPRESENTATION_CONTEXT('2D SPACE',''
  ) );
#5290 = PCURVE('',#5291,#5298);
#5291 = SURFACE_OF_LINEAR_EXTRUSION('',#5292,#5296);
#5292 = B_SPLINE_CURVE_WITH_KNOTS('',2,(#5293,#5294,#5295),
  .UNSPECIFIED.,.F.,.F.,(3,3),(0.,1.),.PIECEWISE_BEZIER_KNOTS.);
#5293 = CARTESIAN_POINT('',(1.3759375,-1.3,8.6912109375));
#5294 = CARTESIAN_POINT('',(1.31421875,-1.3,8.7134765625));
#5295 = CARTESIAN_POINT('',(1.252890625,-1.3,8.7615234375));
#5296 = VECTOR('',#5297,1.);
#5297 = DIRECTION('',(-0.,1.,-0.));
#5298 = DEFINITIONAL_REPRESENTATION('',(#5299),#5303);
#5299 = LINE('',#5300,#5301);
#5300 = CARTESIAN_POINT('',(0.,0.));
#5301 = VECTOR('',#5302,1.);
#5302 = DIRECTION('',(0.,-1.));
#5303 = ( GEOMETRIC_REPRESENTATION_CONTEXT(2) 
PARAMETRIC_REPRESENTATION_CONTEXT() REPRESENTATION_CONTEXT('2D SPACE',''
  ) );
#5304 = ORIENTED_EDGE('',*,*,#5305,.F.);
#5305 = EDGE_CURVE('',#5195,#5276,#5306,.T.);
#5306 = SURFACE_CURVE('',#5307,(#5311,#5318),.PCURVE_S1.);
#5307 = LINE('',#5308,#5309);
#5308 = CARTESIAN_POINT('',(1.398203125,-1.3,8.7439453125));
#5309 = VECTOR('',#5310,1.);
#5310 = DIRECTION('',(-0.38897203704,-0.,-0.921249561411));
#5311 = PCURVE('',#5210,#5312);
#5312 = DEFINITIONAL_REPRESENTATION('',(#5313),#5317);
#5313 = LINE('',#5314,#5315);
#5314 = CARTESIAN_POINT('',(0.,0.));
#5315 = VECTOR('',#5316,1.);
#5316 = DIRECTION('',(1.,-0.));
#5317 = ( GEOMETRIC_REPRESENTATION_CONTEXT(2) 
PARAMETRIC_REPRESENTATION_CONTEXT() REPRESENTATION_CONTEXT('2D SPACE',''
  ) );
#5318 = PCURVE('',#5236,#5319);
#5319 = DEFINITIONAL_REPRESENTATION('',(#5320),#5324);
#5320 = LINE('',#5321,#5322);
#5321 = CARTESIAN_POINT('',(0.59296875,8.203125E-03));
#5322 = VECTOR('',#5323,1.);
#5323 = DIRECTION('',(-0.38897203704,-0.921249561411));
#5324 = ( GEOMETRIC_REPRESENTATION_CONTEXT(2) 
PARAMETRIC_REPRESENTATION_CONTEXT() REPRESENTATION_CONTEXT('2D SPACE',''
  ) );
#5325 = ADVANCED_FACE('',(#5326),#5291,.T.);
#5326 = FACE_BOUND('',#5327,.T.);
#5327 = EDGE_LOOP('',(#5328,#5329,#5352,#5382));
#5328 = ORIENTED_EDGE('',*,*,#5275,.T.);
#5329 = ORIENTED_EDGE('',*,*,#5330,.T.);
#5330 = EDGE_CURVE('',#5253,#5331,#5333,.T.);
#5331 = VERTEX_POINT('',#5332);
#5332 = CARTESIAN_POINT('',(1.252890625,-1.312,8.7615234375));
#5333 = SURFACE_CURVE('',#5334,(#5338,#5345),.PCURVE_S1.);
#5334 = B_SPLINE_CURVE_WITH_KNOTS('',2,(#5335,#5336,#5337),
  .UNSPECIFIED.,.F.,.F.,(3,3),(0.,1.),.PIECEWISE_BEZIER_KNOTS.);
#5335 = CARTESIAN_POINT('',(1.3759375,-1.312,8.6912109375));
#5336 = CARTESIAN_POINT('',(1.31421875,-1.312,8.7134765625));
#5337 = CARTESIAN_POINT('',(1.252890625,-1.312,8.7615234375));
#5338 = PCURVE('',#5291,#5339);
#5339 = DEFINITIONAL_REPRESENTATION('',(#5340),#5344);
#5340 = LINE('',#5341,#5342);
#5341 = CARTESIAN_POINT('',(0.,-1.2E-02));
#5342 = VECTOR('',#5343,1.);
#5343 = DIRECTION('',(1.,0.));
#5344 = ( GEOMETRIC_REPRESENTATION_CONTEXT(2) 
PARAMETRIC_REPRESENTATION_CONTEXT() REPRESENTATION_CONTEXT('2D SPACE',''
  ) );
#5345 = PCURVE('',#5182,#5346);
#5346 = DEFINITIONAL_REPRESENTATION('',(#5347),#5351);
#5347 = B_SPLINE_CURVE_WITH_KNOTS('',2,(#5348,#5349,#5350),
  .UNSPECIFIED.,.F.,.F.,(3,3),(0.,1.),.PIECEWISE_BEZIER_KNOTS.);
#5348 = CARTESIAN_POINT('',(0.570703125,-4.453125E-02));
#5349 = CARTESIAN_POINT('',(0.508984375,-2.2265625E-02));
#5350 = CARTESIAN_POINT('',(0.44765625,2.578125E-02));
#5351 = ( GEOMETRIC_REPRESENTATION_CONTEXT(2) 
PARAMETRIC_REPRESENTATION_CONTEXT() REPRESENTATION_CONTEXT('2D SPACE',''
  ) );
#5352 = ORIENTED_EDGE('',*,*,#5353,.F.);
#5353 = EDGE_CURVE('',#5354,#5331,#5356,.T.);
#5354 = VERTEX_POINT('',#5355);
#5355 = CARTESIAN_POINT('',(1.252890625,-1.3,8.7615234375));
#5356 = SURFACE_CURVE('',#5357,(#5361,#5368),.PCURVE_S1.);
#5357 = LINE('',#5358,#5359);
#5358 = CARTESIAN_POINT('',(1.252890625,-1.3,8.7615234375));
#5359 = VECTOR('',#5360,1.);
#5360 = DIRECTION('',(0.,-1.,0.));
#5361 = PCURVE('',#5291,#5362);
#5362 = DEFINITIONAL_REPRESENTATION('',(#5363),#5367);
#5363 = LINE('',#5364,#5365);
#5364 = CARTESIAN_POINT('',(1.,0.));
#5365 = VECTOR('',#5366,1.);
#5366 = DIRECTION('',(0.,-1.));
#5367 = ( GEOMETRIC_REPRESENTATION_CONTEXT(2) 
PARAMETRIC_REPRESENTATION_CONTEXT() REPRESENTATION_CONTEXT('2D SPACE',''
  ) );
#5368 = PCURVE('',#5369,#5376);
#5369 = SURFACE_OF_LINEAR_EXTRUSION('',#5370,#5374);
#5370 = B_SPLINE_CURVE_WITH_KNOTS('',2,(#5371,#5372,#5373),
  .UNSPECIFIED.,.F.,.F.,(3,3),(0.,1.),.PIECEWISE_BEZIER_KNOTS.);
#5371 = CARTESIAN_POINT('',(1.252890625,-1.3,8.7615234375));
#5372 = CARTESIAN_POINT('',(1.18921875,-1.3,8.7259765625));
#5373 = CARTESIAN_POINT('',(1.112265625,-1.3,8.7259765625));
#5374 = VECTOR('',#5375,1.);
#5375 = DIRECTION('',(-0.,1.,-0.));
#5376 = DEFINITIONAL_REPRESENTATION('',(#5377),#5381);
#5377 = LINE('',#5378,#5379);
#5378 = CARTESIAN_POINT('',(0.,0.));
#5379 = VECTOR('',#5380,1.);
#5380 = DIRECTION('',(0.,-1.));
#5381 = ( GEOMETRIC_REPRESENTATION_CONTEXT(2) 
PARAMETRIC_REPRESENTATION_CONTEXT() REPRESENTATION_CONTEXT('2D SPACE',''
  ) );
#5382 = ORIENTED_EDGE('',*,*,#5383,.F.);
#5383 = EDGE_CURVE('',#5276,#5354,#5384,.T.);
#5384 = SURFACE_CURVE('',#5385,(#5389,#5396),.PCURVE_S1.);
#5385 = B_SPLINE_CURVE_WITH_KNOTS('',2,(#5386,#5387,#5388),
  .UNSPECIFIED.,.F.,.F.,(3,3),(0.,1.),.PIECEWISE_BEZIER_KNOTS.);
#5386 = CARTESIAN_POINT('',(1.3759375,-1.3,8.6912109375));
#5387 = CARTESIAN_POINT('',(1.31421875,-1.3,8.7134765625));
#5388 = CARTESIAN_POINT('',(1.252890625,-1.3,8.7615234375));
#5389 = PCURVE('',#5291,#5390);
#5390 = DEFINITIONAL_REPRESENTATION('',(#5391),#5395);
#5391 = LINE('',#5392,#5393);
#5392 = CARTESIAN_POINT('',(0.,0.));
#5393 = VECTOR('',#5394,1.);
#5394 = DIRECTION('',(1.,0.));
#5395 = ( GEOMETRIC_REPRESENTATION_CONTEXT(2) 
PARAMETRIC_REPRESENTATION_CONTEXT() REPRESENTATION_CONTEXT('2D SPACE',''
  ) );
#5396 = PCURVE('',#5236,#5397);
#5397 = DEFINITIONAL_REPRESENTATION('',(#5398),#5402);
#5398 = B_SPLINE_CURVE_WITH_KNOTS('',2,(#5399,#5400,#5401),
  .UNSPECIFIED.,.F.,.F.,(3,3),(0.,1.),.PIECEWISE_BEZIER_KNOTS.);
#5399 = CARTESIAN_POINT('',(0.570703125,-4.453125E-02));
#5400 = CARTESIAN_POINT('',(0.508984375,-2.2265625E-02));
#5401 = CARTESIAN_POINT('',(0.44765625,2.578125E-02));
#5402 = ( GEOMETRIC_REPRESENTATION_CONTEXT(2) 
PARAMETRIC_REPRESENTATION_CONTEXT() REPRESENTATION_CONTEXT('2D SPACE',''
  ) );
#5403 = ADVANCED_FACE('',(#5404),#5369,.T.);
#5404 = FACE_BOUND('',#5405,.T.);
#5405 = EDGE_LOOP('',(#5406,#5407,#5430,#5460));
#5406 = ORIENTED_EDGE('',*,*,#5353,.T.);
#5407 = ORIENTED_EDGE('',*,*,#5408,.T.);
#5408 = EDGE_CURVE('',#5331,#5409,#5411,.T.);
#5409 = VERTEX_POINT('',#5410);
#5410 = CARTESIAN_POINT('',(1.112265625,-1.312,8.7259765625));
#5411 = SURFACE_CURVE('',#5412,(#5416,#5423),.PCURVE_S1.);
#5412 = B_SPLINE_CURVE_WITH_KNOTS('',2,(#5413,#5414,#5415),
  .UNSPECIFIED.,.F.,.F.,(3,3),(0.,1.),.PIECEWISE_BEZIER_KNOTS.);
#5413 = CARTESIAN_POINT('',(1.252890625,-1.312,8.7615234375));
#5414 = CARTESIAN_POINT('',(1.18921875,-1.312,8.7259765625));
#5415 = CARTESIAN_POINT('',(1.112265625,-1.312,8.7259765625));
#5416 = PCURVE('',#5369,#5417);
#5417 = DEFINITIONAL_REPRESENTATION('',(#5418),#5422);
#5418 = LINE('',#5419,#5420);
#5419 = CARTESIAN_POINT('',(0.,-1.2E-02));
#5420 = VECTOR('',#5421,1.);
#5421 = DIRECTION('',(1.,0.));
#5422 = ( GEOMETRIC_REPRESENTATION_CONTEXT(2) 
PARAMETRIC_REPRESENTATION_CONTEXT() REPRESENTATION_CONTEXT('2D SPACE',''
  ) );
#5423 = PCURVE('',#5182,#5424);
#5424 = DEFINITIONAL_REPRESENTATION('',(#5425),#5429);
#5425 = B_SPLINE_CURVE_WITH_KNOTS('',2,(#5426,#5427,#5428),
  .UNSPECIFIED.,.F.,.F.,(3,3),(0.,1.),.PIECEWISE_BEZIER_KNOTS.);
#5426 = CARTESIAN_POINT('',(0.44765625,2.578125E-02));
#5427 = CARTESIAN_POINT('',(0.383984375,-9.765625E-03));
#5428 = CARTESIAN_POINT('',(0.30703125,-9.765625E-03));
#5429 = ( GEOMETRIC_REPRESENTATION_CONTEXT(2) 
PARAMETRIC_REPRESENTATION_CONTEXT() REPRESENTATION_CONTEXT('2D SPACE',''
  ) );
#5430 = ORIENTED_EDGE('',*,*,#5431,.F.);
#5431 = EDGE_CURVE('',#5432,#5409,#5434,.T.);
#5432 = VERTEX_POINT('',#5433);
#5433 = CARTESIAN_POINT('',(1.112265625,-1.3,8.7259765625));
#5434 = SURFACE_CURVE('',#5435,(#5439,#5446),.PCURVE_S1.);
#5435 = LINE('',#5436,#5437);
#5436 = CARTESIAN_POINT('',(1.112265625,-1.3,8.7259765625));
#5437 = VECTOR('',#5438,1.);
#5438 = DIRECTION('',(0.,-1.,0.));
#5439 = PCURVE('',#5369,#5440);
#5440 = DEFINITIONAL_REPRESENTATION('',(#5441),#5445);
#5441 = LINE('',#5442,#5443);
#5442 = CARTESIAN_POINT('',(1.,0.));
#5443 = VECTOR('',#5444,1.);
#5444 = DIRECTION('',(0.,-1.));
#5445 = ( GEOMETRIC_REPRESENTATION_CONTEXT(2) 
PARAMETRIC_REPRESENTATION_CONTEXT() REPRESENTATION_CONTEXT('2D SPACE',''
  ) );
#5446 = PCURVE('',#5447,#5454);
#5447 = SURFACE_OF_LINEAR_EXTRUSION('',#5448,#5452);
#5448 = B_SPLINE_CURVE_WITH_KNOTS('',2,(#5449,#5450,#5451),
  .UNSPECIFIED.,.F.,.F.,(3,3),(0.,1.),.PIECEWISE_BEZIER_KNOTS.);
#5449 = CARTESIAN_POINT('',(1.112265625,-1.3,8.7259765625));
#5450 = CARTESIAN_POINT('',(1.03453125,-1.3,8.7259765625));
#5451 = CARTESIAN_POINT('',(0.97125,-1.3,8.7634765625));
#5452 = VECTOR('',#5453,1.);
#5453 = DIRECTION('',(-0.,1.,-0.));
#5454 = DEFINITIONAL_REPRESENTATION('',(#5455),#5459);
#5455 = LINE('',#5456,#5457);
#5456 = CARTESIAN_POINT('',(0.,0.));
#5457 = VECTOR('',#5458,1.);
#5458 = DIRECTION('',(0.,-1.));
#5459 = ( GEOMETRIC_REPRESENTATION_CONTEXT(2) 
PARAMETRIC_REPRESENTATION_CONTEXT() REPRESENTATION_CONTEXT('2D SPACE',''
  ) );
#5460 = ORIENTED_EDGE('',*,*,#5461,.F.);
#5461 = EDGE_CURVE('',#5354,#5432,#5462,.T.);
#5462 = SURFACE_CURVE('',#5463,(#5467,#5474),.PCURVE_S1.);
#5463 = B_SPLINE_CURVE_WITH_KNOTS('',2,(#5464,#5465,#5466),
  .UNSPECIFIED.,.F.,.F.,(3,3),(0.,1.),.PIECEWISE_BEZIER_KNOTS.);
#5464 = CARTESIAN_POINT('',(1.252890625,-1.3,8.7615234375));
#5465 = CARTESIAN_POINT('',(1.18921875,-1.3,8.7259765625));
#5466 = CARTESIAN_POINT('',(1.112265625,-1.3,8.7259765625));
#5467 = PCURVE('',#5369,#5468);
#5468 = DEFINITIONAL_REPRESENTATION('',(#5469),#5473);
#5469 = LINE('',#5470,#5471);
#5470 = CARTESIAN_POINT('',(0.,0.));
#5471 = VECTOR('',#5472,1.);
#5472 = DIRECTION('',(1.,0.));
#5473 = ( GEOMETRIC_REPRESENTATION_CONTEXT(2) 
PARAMETRIC_REPRESENTATION_CONTEXT() REPRESENTATION_CONTEXT('2D SPACE',''
  ) );
#5474 = PCURVE('',#5236,#5475);
#5475 = DEFINITIONAL_REPRESENTATION('',(#5476),#5480);
#5476 = B_SPLINE_CURVE_WITH_KNOTS('',2,(#5477,#5478,#5479),
  .UNSPECIFIED.,.F.,.F.,(3,3),(0.,1.),.PIECEWISE_BEZIER_KNOTS.);
#5477 = CARTESIAN_POINT('',(0.44765625,2.578125E-02));
#5478 = CARTESIAN_POINT('',(0.383984375,-9.765625E-03));
#5479 = CARTESIAN_POINT('',(0.30703125,-9.765625E-03));
#5480 = ( GEOMETRIC_REPRESENTATION_CONTEXT(2) 
PARAMETRIC_REPRESENTATION_CONTEXT() REPRESENTATION_CONTEXT('2D SPACE',''
  ) );
#5481 = ADVANCED_FACE('',(#5482),#5447,.T.);
#5482 = FACE_BOUND('',#5483,.T.);
#5483 = EDGE_LOOP('',(#5484,#5485,#5508,#5538));
#5484 = ORIENTED_EDGE('',*,*,#5431,.T.);
#5485 = ORIENTED_EDGE('',*,*,#5486,.T.);
#5486 = EDGE_CURVE('',#5409,#5487,#5489,.T.);
#5487 = VERTEX_POINT('',#5488);
#5488 = CARTESIAN_POINT('',(0.97125,-1.312,8.7634765625));
#5489 = SURFACE_CURVE('',#5490,(#5494,#5501),.PCURVE_S1.);
#5490 = B_SPLINE_CURVE_WITH_KNOTS('',2,(#5491,#5492,#5493),
  .UNSPECIFIED.,.F.,.F.,(3,3),(0.,1.),.PIECEWISE_BEZIER_KNOTS.);
#5491 = CARTESIAN_POINT('',(1.112265625,-1.312,8.7259765625));
#5492 = CARTESIAN_POINT('',(1.03453125,-1.312,8.7259765625));
#5493 = CARTESIAN_POINT('',(0.97125,-1.312,8.7634765625));
#5494 = PCURVE('',#5447,#5495);
#5495 = DEFINITIONAL_REPRESENTATION('',(#5496),#5500);
#5496 = LINE('',#5497,#5498);
#5497 = CARTESIAN_POINT('',(0.,-1.2E-02));
#5498 = VECTOR('',#5499,1.);
#5499 = DIRECTION('',(1.,0.));
#5500 = ( GEOMETRIC_REPRESENTATION_CONTEXT(2) 
PARAMETRIC_REPRESENTATION_CONTEXT() REPRESENTATION_CONTEXT('2D SPACE',''
  ) );
#5501 = PCURVE('',#5182,#5502);
#5502 = DEFINITIONAL_REPRESENTATION('',(#5503),#5507);
#5503 = B_SPLINE_CURVE_WITH_KNOTS('',2,(#5504,#5505,#5506),
  .UNSPECIFIED.,.F.,.F.,(3,3),(0.,1.),.PIECEWISE_BEZIER_KNOTS.);
#5504 = CARTESIAN_POINT('',(0.30703125,-9.765625E-03));
#5505 = CARTESIAN_POINT('',(0.229296875,-9.765625E-03));
#5506 = CARTESIAN_POINT('',(0.166015625,2.7734375E-02));
#5507 = ( GEOMETRIC_REPRESENTATION_CONTEXT(2) 
PARAMETRIC_REPRESENTATION_CONTEXT() REPRESENTATION_CONTEXT('2D SPACE',''
  ) );
#5508 = ORIENTED_EDGE('',*,*,#5509,.F.);
#5509 = EDGE_CURVE('',#5510,#5487,#5512,.T.);
#5510 = VERTEX_POINT('',#5511);
#5511 = CARTESIAN_POINT('',(0.97125,-1.3,8.7634765625));
#5512 = SURFACE_CURVE('',#5513,(#5517,#5524),.PCURVE_S1.);
#5513 = LINE('',#5514,#5515);
#5514 = CARTESIAN_POINT('',(0.97125,-1.3,8.7634765625));
#5515 = VECTOR('',#5516,1.);
#5516 = DIRECTION('',(0.,-1.,0.));
#5517 = PCURVE('',#5447,#5518);
#5518 = DEFINITIONAL_REPRESENTATION('',(#5519),#5523);
#5519 = LINE('',#5520,#5521);
#5520 = CARTESIAN_POINT('',(1.,0.));
#5521 = VECTOR('',#5522,1.);
#5522 = DIRECTION('',(0.,-1.));
#5523 = ( GEOMETRIC_REPRESENTATION_CONTEXT(2) 
PARAMETRIC_REPRESENTATION_CONTEXT() REPRESENTATION_CONTEXT('2D SPACE',''
  ) );
#5524 = PCURVE('',#5525,#5532);
#5525 = SURFACE_OF_LINEAR_EXTRUSION('',#5526,#5530);
#5526 = B_SPLINE_CURVE_WITH_KNOTS('',2,(#5527,#5528,#5529),
  .UNSPECIFIED.,.F.,.F.,(3,3),(0.,1.),.PIECEWISE_BEZIER_KNOTS.);
#5527 = CARTESIAN_POINT('',(0.97125,-1.3,8.7634765625));
#5528 = CARTESIAN_POINT('',(0.90796875,-1.3,8.8009765625));
#5529 = CARTESIAN_POINT('',(0.8737890625,-1.3,8.8689453125));
#5530 = VECTOR('',#5531,1.);
#5531 = DIRECTION('',(-0.,1.,-0.));
#5532 = DEFINITIONAL_REPRESENTATION('',(#5533),#5537);
#5533 = LINE('',#5534,#5535);
#5534 = CARTESIAN_POINT('',(0.,0.));
#5535 = VECTOR('',#5536,1.);
#5536 = DIRECTION('',(0.,-1.));
#5537 = ( GEOMETRIC_REPRESENTATION_CONTEXT(2) 
PARAMETRIC_REPRESENTATION_CONTEXT() REPRESENTATION_CONTEXT('2D SPACE',''
  ) );
#5538 = ORIENTED_EDGE('',*,*,#5539,.F.);
#5539 = EDGE_CURVE('',#5432,#5510,#5540,.T.);
#5540 = SURFACE_CURVE('',#5541,(#5545,#5552),.PCURVE_S1.);
#5541 = B_SPLINE_CURVE_WITH_KNOTS('',2,(#5542,#5543,#5544),
  .UNSPECIFIED.,.F.,.F.,(3,3),(0.,1.),.PIECEWISE_BEZIER_KNOTS.);
#5542 = CARTESIAN_POINT('',(1.112265625,-1.3,8.7259765625));
#5543 = CARTESIAN_POINT('',(1.03453125,-1.3,8.7259765625));
#5544 = CARTESIAN_POINT('',(0.97125,-1.3,8.7634765625));
#5545 = PCURVE('',#5447,#5546);
#5546 = DEFINITIONAL_REPRESENTATION('',(#5547),#5551);
#5547 = LINE('',#5548,#5549);
#5548 = CARTESIAN_POINT('',(0.,0.));
#5549 = VECTOR('',#5550,1.);
#5550 = DIRECTION('',(1.,0.));
#5551 = ( GEOMETRIC_REPRESENTATION_CONTEXT(2) 
PARAMETRIC_REPRESENTATION_CONTEXT() REPRESENTATION_CONTEXT('2D SPACE',''
  ) );
#5552 = PCURVE('',#5236,#5553);
#5553 = DEFINITIONAL_REPRESENTATION('',(#5554),#5558);
#5554 = B_SPLINE_CURVE_WITH_KNOTS('',2,(#5555,#5556,#5557),
  .UNSPECIFIED.,.F.,.F.,(3,3),(0.,1.),.PIECEWISE_BEZIER_KNOTS.);
#5555 = CARTESIAN_POINT('',(0.30703125,-9.765625E-03));
#5556 = CARTESIAN_POINT('',(0.229296875,-9.765625E-03));
#5557 = CARTESIAN_POINT('',(0.166015625,2.7734375E-02));
#5558 = ( GEOMETRIC_REPRESENTATION_CONTEXT(2) 
PARAMETRIC_REPRESENTATION_CONTEXT() REPRESENTATION_CONTEXT('2D SPACE',''
  ) );
#5559 = ADVANCED_FACE('',(#5560),#5525,.T.);
#5560 = FACE_BOUND('',#5561,.T.);
#5561 = EDGE_LOOP('',(#5562,#5563,#5586,#5616));
#5562 = ORIENTED_EDGE('',*,*,#5509,.T.);
#5563 = ORIENTED_EDGE('',*,*,#5564,.T.);
#5564 = EDGE_CURVE('',#5487,#5565,#5567,.T.);
#5565 = VERTEX_POINT('',#5566);
#5566 = CARTESIAN_POINT('',(0.8737890625,-1.312,8.8689453125));
#5567 = SURFACE_CURVE('',#5568,(#5572,#5579),.PCURVE_S1.);
#5568 = B_SPLINE_CURVE_WITH_KNOTS('',2,(#5569,#5570,#5571),
  .UNSPECIFIED.,.F.,.F.,(3,3),(0.,1.),.PIECEWISE_BEZIER_KNOTS.);
#5569 = CARTESIAN_POINT('',(0.97125,-1.312,8.7634765625));
#5570 = CARTESIAN_POINT('',(0.90796875,-1.312,8.8009765625));
#5571 = CARTESIAN_POINT('',(0.8737890625,-1.312,8.8689453125));
#5572 = PCURVE('',#5525,#5573);
#5573 = DEFINITIONAL_REPRESENTATION('',(#5574),#5578);
#5574 = LINE('',#5575,#5576);
#5575 = CARTESIAN_POINT('',(0.,-1.2E-02));
#5576 = VECTOR('',#5577,1.);
#5577 = DIRECTION('',(1.,0.));
#5578 = ( GEOMETRIC_REPRESENTATION_CONTEXT(2) 
PARAMETRIC_REPRESENTATION_CONTEXT() REPRESENTATION_CONTEXT('2D SPACE',''
  ) );
#5579 = PCURVE('',#5182,#5580);
#5580 = DEFINITIONAL_REPRESENTATION('',(#5581),#5585);
#5581 = B_SPLINE_CURVE_WITH_KNOTS('',2,(#5582,#5583,#5584),
  .UNSPECIFIED.,.F.,.F.,(3,3),(0.,1.),.PIECEWISE_BEZIER_KNOTS.);
#5582 = CARTESIAN_POINT('',(0.166015625,2.7734375E-02));
#5583 = CARTESIAN_POINT('',(0.102734375,6.5234375E-02));
#5584 = CARTESIAN_POINT('',(6.85546875E-02,0.133203125));
#5585 = ( GEOMETRIC_REPRESENTATION_CONTEXT(2) 
PARAMETRIC_REPRESENTATION_CONTEXT() REPRESENTATION_CONTEXT('2D SPACE',''
  ) );
#5586 = ORIENTED_EDGE('',*,*,#5587,.F.);
#5587 = EDGE_CURVE('',#5588,#5565,#5590,.T.);
#5588 = VERTEX_POINT('',#5589);
#5589 = CARTESIAN_POINT('',(0.8737890625,-1.3,8.8689453125));
#5590 = SURFACE_CURVE('',#5591,(#5595,#5602),.PCURVE_S1.);
#5591 = LINE('',#5592,#5593);
#5592 = CARTESIAN_POINT('',(0.8737890625,-1.3,8.8689453125));
#5593 = VECTOR('',#5594,1.);
#5594 = DIRECTION('',(0.,-1.,0.));
#5595 = PCURVE('',#5525,#5596);
#5596 = DEFINITIONAL_REPRESENTATION('',(#5597),#5601);
#5597 = LINE('',#5598,#5599);
#5598 = CARTESIAN_POINT('',(1.,0.));
#5599 = VECTOR('',#5600,1.);
#5600 = DIRECTION('',(0.,-1.));
#5601 = ( GEOMETRIC_REPRESENTATION_CONTEXT(2) 
PARAMETRIC_REPRESENTATION_CONTEXT() REPRESENTATION_CONTEXT('2D SPACE',''
  ) );
#5602 = PCURVE('',#5603,#5610);
#5603 = SURFACE_OF_LINEAR_EXTRUSION('',#5604,#5608);
#5604 = B_SPLINE_CURVE_WITH_KNOTS('',2,(#5605,#5606,#5607),
  .UNSPECIFIED.,.F.,.F.,(3,3),(0.,1.),.PIECEWISE_BEZIER_KNOTS.);
#5605 = CARTESIAN_POINT('',(0.8737890625,-1.3,8.8689453125));
#5606 = CARTESIAN_POINT('',(0.839609375,-1.3,8.9369140625));
#5607 = CARTESIAN_POINT('',(0.839609375,-1.3,9.0220703125));
#5608 = VECTOR('',#5609,1.);
#5609 = DIRECTION('',(-0.,1.,-0.));
#5610 = DEFINITIONAL_REPRESENTATION('',(#5611),#5615);
#5611 = LINE('',#5612,#5613);
#5612 = CARTESIAN_POINT('',(0.,0.));
#5613 = VECTOR('',#5614,1.);
#5614 = DIRECTION('',(0.,-1.));
#5615 = ( GEOMETRIC_REPRESENTATION_CONTEXT(2) 
PARAMETRIC_REPRESENTATION_CONTEXT() REPRESENTATION_CONTEXT('2D SPACE',''
  ) );
#5616 = ORIENTED_EDGE('',*,*,#5617,.F.);
#5617 = EDGE_CURVE('',#5510,#5588,#5618,.T.);
#5618 = SURFACE_CURVE('',#5619,(#5623,#5630),.PCURVE_S1.);
#5619 = B_SPLINE_CURVE_WITH_KNOTS('',2,(#5620,#5621,#5622),
  .UNSPECIFIED.,.F.,.F.,(3,3),(0.,1.),.PIECEWISE_BEZIER_KNOTS.);
#5620 = CARTESIAN_POINT('',(0.97125,-1.3,8.7634765625));
#5621 = CARTESIAN_POINT('',(0.90796875,-1.3,8.8009765625));
#5622 = CARTESIAN_POINT('',(0.8737890625,-1.3,8.8689453125));
#5623 = PCURVE('',#5525,#5624);
#5624 = DEFINITIONAL_REPRESENTATION('',(#5625),#5629);
#5625 = LINE('',#5626,#5627);
#5626 = CARTESIAN_POINT('',(0.,0.));
#5627 = VECTOR('',#5628,1.);
#5628 = DIRECTION('',(1.,0.));
#5629 = ( GEOMETRIC_REPRESENTATION_CONTEXT(2) 
PARAMETRIC_REPRESENTATION_CONTEXT() REPRESENTATION_CONTEXT('2D SPACE',''
  ) );
#5630 = PCURVE('',#5236,#5631);
#5631 = DEFINITIONAL_REPRESENTATION('',(#5632),#5636);
#5632 = B_SPLINE_CURVE_WITH_KNOTS('',2,(#5633,#5634,#5635),
  .UNSPECIFIED.,.F.,.F.,(3,3),(0.,1.),.PIECEWISE_BEZIER_KNOTS.);
#5633 = CARTESIAN_POINT('',(0.166015625,2.7734375E-02));
#5634 = CARTESIAN_POINT('',(0.102734375,6.5234375E-02));
#5635 = CARTESIAN_POINT('',(6.85546875E-02,0.133203125));
#5636 = ( GEOMETRIC_REPRESENTATION_CONTEXT(2) 
PARAMETRIC_REPRESENTATION_CONTEXT() REPRESENTATION_CONTEXT('2D SPACE',''
  ) );
#5637 = ADVANCED_FACE('',(#5638),#5603,.T.);
#5638 = FACE_BOUND('',#5639,.T.);
#5639 = EDGE_LOOP('',(#5640,#5641,#5664,#5694));
#5640 = ORIENTED_EDGE('',*,*,#5587,.T.);
#5641 = ORIENTED_EDGE('',*,*,#5642,.T.);
#5642 = EDGE_CURVE('',#5565,#5643,#5645,.T.);
#5643 = VERTEX_POINT('',#5644);
#5644 = CARTESIAN_POINT('',(0.839609375,-1.312,9.0220703125));
#5645 = SURFACE_CURVE('',#5646,(#5650,#5657),.PCURVE_S1.);
#5646 = B_SPLINE_CURVE_WITH_KNOTS('',2,(#5647,#5648,#5649),
  .UNSPECIFIED.,.F.,.F.,(3,3),(0.,1.),.PIECEWISE_BEZIER_KNOTS.);
#5647 = CARTESIAN_POINT('',(0.8737890625,-1.312,8.8689453125));
#5648 = CARTESIAN_POINT('',(0.839609375,-1.312,8.9369140625));
#5649 = CARTESIAN_POINT('',(0.839609375,-1.312,9.0220703125));
#5650 = PCURVE('',#5603,#5651);
#5651 = DEFINITIONAL_REPRESENTATION('',(#5652),#5656);
#5652 = LINE('',#5653,#5654);
#5653 = CARTESIAN_POINT('',(0.,-1.2E-02));
#5654 = VECTOR('',#5655,1.);
#5655 = DIRECTION('',(1.,0.));
#5656 = ( GEOMETRIC_REPRESENTATION_CONTEXT(2) 
PARAMETRIC_REPRESENTATION_CONTEXT() REPRESENTATION_CONTEXT('2D SPACE',''
  ) );
#5657 = PCURVE('',#5182,#5658);
#5658 = DEFINITIONAL_REPRESENTATION('',(#5659),#5663);
#5659 = B_SPLINE_CURVE_WITH_KNOTS('',2,(#5660,#5661,#5662),
  .UNSPECIFIED.,.F.,.F.,(3,3),(0.,1.),.PIECEWISE_BEZIER_KNOTS.);
#5660 = CARTESIAN_POINT('',(6.85546875E-02,0.133203125));
#5661 = CARTESIAN_POINT('',(3.4375E-02,0.201171875));
#5662 = CARTESIAN_POINT('',(3.4375E-02,0.286328125));
#5663 = ( GEOMETRIC_REPRESENTATION_CONTEXT(2) 
PARAMETRIC_REPRESENTATION_CONTEXT() REPRESENTATION_CONTEXT('2D SPACE',''
  ) );
#5664 = ORIENTED_EDGE('',*,*,#5665,.F.);
#5665 = EDGE_CURVE('',#5666,#5643,#5668,.T.);
#5666 = VERTEX_POINT('',#5667);
#5667 = CARTESIAN_POINT('',(0.839609375,-1.3,9.0220703125));
#5668 = SURFACE_CURVE('',#5669,(#5673,#5680),.PCURVE_S1.);
#5669 = LINE('',#5670,#5671);
#5670 = CARTESIAN_POINT('',(0.839609375,-1.3,9.0220703125));
#5671 = VECTOR('',#5672,1.);
#5672 = DIRECTION('',(0.,-1.,0.));
#5673 = PCURVE('',#5603,#5674);
#5674 = DEFINITIONAL_REPRESENTATION('',(#5675),#5679);
#5675 = LINE('',#5676,#5677);
#5676 = CARTESIAN_POINT('',(1.,0.));
#5677 = VECTOR('',#5678,1.);
#5678 = DIRECTION('',(0.,-1.));
#5679 = ( GEOMETRIC_REPRESENTATION_CONTEXT(2) 
PARAMETRIC_REPRESENTATION_CONTEXT() REPRESENTATION_CONTEXT('2D SPACE',''
  ) );
#5680 = PCURVE('',#5681,#5688);
#5681 = SURFACE_OF_LINEAR_EXTRUSION('',#5682,#5686);
#5682 = B_SPLINE_CURVE_WITH_KNOTS('',2,(#5683,#5684,#5685),
  .UNSPECIFIED.,.F.,.F.,(3,3),(0.,1.),.PIECEWISE_BEZIER_KNOTS.);
#5683 = CARTESIAN_POINT('',(0.839609375,-1.3,9.0220703125));
#5684 = CARTESIAN_POINT('',(0.839609375,-1.3,9.1068359375));
#5685 = CARTESIAN_POINT('',(0.873984375,-1.3,9.1763671875));
#5686 = VECTOR('',#5687,1.);
#5687 = DIRECTION('',(-0.,1.,-0.));
#5688 = DEFINITIONAL_REPRESENTATION('',(#5689),#5693);
#5689 = LINE('',#5690,#5691);
#5690 = CARTESIAN_POINT('',(0.,0.));
#5691 = VECTOR('',#5692,1.);
#5692 = DIRECTION('',(0.,-1.));
#5693 = ( GEOMETRIC_REPRESENTATION_CONTEXT(2) 
PARAMETRIC_REPRESENTATION_CONTEXT() REPRESENTATION_CONTEXT('2D SPACE',''
  ) );
#5694 = ORIENTED_EDGE('',*,*,#5695,.F.);
#5695 = EDGE_CURVE('',#5588,#5666,#5696,.T.);
#5696 = SURFACE_CURVE('',#5697,(#5701,#5708),.PCURVE_S1.);
#5697 = B_SPLINE_CURVE_WITH_KNOTS('',2,(#5698,#5699,#5700),
  .UNSPECIFIED.,.F.,.F.,(3,3),(0.,1.),.PIECEWISE_BEZIER_KNOTS.);
#5698 = CARTESIAN_POINT('',(0.8737890625,-1.3,8.8689453125));
#5699 = CARTESIAN_POINT('',(0.839609375,-1.3,8.9369140625));
#5700 = CARTESIAN_POINT('',(0.839609375,-1.3,9.0220703125));
#5701 = PCURVE('',#5603,#5702);
#5702 = DEFINITIONAL_REPRESENTATION('',(#5703),#5707);
#5703 = LINE('',#5704,#5705);
#5704 = CARTESIAN_POINT('',(0.,0.));
#5705 = VECTOR('',#5706,1.);
#5706 = DIRECTION('',(1.,0.));
#5707 = ( GEOMETRIC_REPRESENTATION_CONTEXT(2) 
PARAMETRIC_REPRESENTATION_CONTEXT() REPRESENTATION_CONTEXT('2D SPACE',''
  ) );
#5708 = PCURVE('',#5236,#5709);
#5709 = DEFINITIONAL_REPRESENTATION('',(#5710),#5714);
#5710 = B_SPLINE_CURVE_WITH_KNOTS('',2,(#5711,#5712,#5713),
  .UNSPECIFIED.,.F.,.F.,(3,3),(0.,1.),.PIECEWISE_BEZIER_KNOTS.);
#5711 = CARTESIAN_POINT('',(6.85546875E-02,0.133203125));
#5712 = CARTESIAN_POINT('',(3.4375E-02,0.201171875));
#5713 = CARTESIAN_POINT('',(3.4375E-02,0.286328125));
#5714 = ( GEOMETRIC_REPRESENTATION_CONTEXT(2) 
PARAMETRIC_REPRESENTATION_CONTEXT() REPRESENTATION_CONTEXT('2D SPACE',''
  ) );
#5715 = ADVANCED_FACE('',(#5716),#5681,.T.);
#5716 = FACE_BOUND('',#5717,.T.);
#5717 = EDGE_LOOP('',(#5718,#5719,#5742,#5772));
#5718 = ORIENTED_EDGE('',*,*,#5665,.T.);
#5719 = ORIENTED_EDGE('',*,*,#5720,.T.);
#5720 = EDGE_CURVE('',#5643,#5721,#5723,.T.);
#5721 = VERTEX_POINT('',#5722);
#5722 = CARTESIAN_POINT('',(0.873984375,-1.312,9.1763671875));
#5723 = SURFACE_CURVE('',#5724,(#5728,#5735),.PCURVE_S1.);
#5724 = B_SPLINE_CURVE_WITH_KNOTS('',2,(#5725,#5726,#5727),
  .UNSPECIFIED.,.F.,.F.,(3,3),(0.,1.),.PIECEWISE_BEZIER_KNOTS.);
#5725 = CARTESIAN_POINT('',(0.839609375,-1.312,9.0220703125));
#5726 = CARTESIAN_POINT('',(0.839609375,-1.312,9.1068359375));
#5727 = CARTESIAN_POINT('',(0.873984375,-1.312,9.1763671875));
#5728 = PCURVE('',#5681,#5729);
#5729 = DEFINITIONAL_REPRESENTATION('',(#5730),#5734);
#5730 = LINE('',#5731,#5732);
#5731 = CARTESIAN_POINT('',(0.,-1.2E-02));
#5732 = VECTOR('',#5733,1.);
#5733 = DIRECTION('',(1.,0.));
#5734 = ( GEOMETRIC_REPRESENTATION_CONTEXT(2) 
PARAMETRIC_REPRESENTATION_CONTEXT() REPRESENTATION_CONTEXT('2D SPACE',''
  ) );
#5735 = PCURVE('',#5182,#5736);
#5736 = DEFINITIONAL_REPRESENTATION('',(#5737),#5741);
#5737 = B_SPLINE_CURVE_WITH_KNOTS('',2,(#5738,#5739,#5740),
  .UNSPECIFIED.,.F.,.F.,(3,3),(0.,1.),.PIECEWISE_BEZIER_KNOTS.);
#5738 = CARTESIAN_POINT('',(3.4375E-02,0.286328125));
#5739 = CARTESIAN_POINT('',(3.4375E-02,0.37109375));
#5740 = CARTESIAN_POINT('',(6.875E-02,0.440625));
#5741 = ( GEOMETRIC_REPRESENTATION_CONTEXT(2) 
PARAMETRIC_REPRESENTATION_CONTEXT() REPRESENTATION_CONTEXT('2D SPACE',''
  ) );
#5742 = ORIENTED_EDGE('',*,*,#5743,.F.);
#5743 = EDGE_CURVE('',#5744,#5721,#5746,.T.);
#5744 = VERTEX_POINT('',#5745);
#5745 = CARTESIAN_POINT('',(0.873984375,-1.3,9.1763671875));
#5746 = SURFACE_CURVE('',#5747,(#5751,#5758),.PCURVE_S1.);
#5747 = LINE('',#5748,#5749);
#5748 = CARTESIAN_POINT('',(0.873984375,-1.3,9.1763671875));
#5749 = VECTOR('',#5750,1.);
#5750 = DIRECTION('',(0.,-1.,0.));
#5751 = PCURVE('',#5681,#5752);
#5752 = DEFINITIONAL_REPRESENTATION('',(#5753),#5757);
#5753 = LINE('',#5754,#5755);
#5754 = CARTESIAN_POINT('',(1.,0.));
#5755 = VECTOR('',#5756,1.);
#5756 = DIRECTION('',(0.,-1.));
#5757 = ( GEOMETRIC_REPRESENTATION_CONTEXT(2) 
PARAMETRIC_REPRESENTATION_CONTEXT() REPRESENTATION_CONTEXT('2D SPACE',''
  ) );
#5758 = PCURVE('',#5759,#5766);
#5759 = SURFACE_OF_LINEAR_EXTRUSION('',#5760,#5764);
#5760 = B_SPLINE_CURVE_WITH_KNOTS('',2,(#5761,#5762,#5763),
  .UNSPECIFIED.,.F.,.F.,(3,3),(0.,1.),.PIECEWISE_BEZIER_KNOTS.);
#5761 = CARTESIAN_POINT('',(0.873984375,-1.3,9.1763671875));
#5762 = CARTESIAN_POINT('',(0.908359375,-1.3,9.2458984375));
#5763 = CARTESIAN_POINT('',(0.9718359375,-1.3,9.2822265625));
#5764 = VECTOR('',#5765,1.);
#5765 = DIRECTION('',(-0.,1.,-0.));
#5766 = DEFINITIONAL_REPRESENTATION('',(#5767),#5771);
#5767 = LINE('',#5768,#5769);
#5768 = CARTESIAN_POINT('',(0.,0.));
#5769 = VECTOR('',#5770,1.);
#5770 = DIRECTION('',(0.,-1.));
#5771 = ( GEOMETRIC_REPRESENTATION_CONTEXT(2) 
PARAMETRIC_REPRESENTATION_CONTEXT() REPRESENTATION_CONTEXT('2D SPACE',''
  ) );
#5772 = ORIENTED_EDGE('',*,*,#5773,.F.);
#5773 = EDGE_CURVE('',#5666,#5744,#5774,.T.);
#5774 = SURFACE_CURVE('',#5775,(#5779,#5786),.PCURVE_S1.);
#5775 = B_SPLINE_CURVE_WITH_KNOTS('',2,(#5776,#5777,#5778),
  .UNSPECIFIED.,.F.,.F.,(3,3),(0.,1.),.PIECEWISE_BEZIER_KNOTS.);
#5776 = CARTESIAN_POINT('',(0.839609375,-1.3,9.0220703125));
#5777 = CARTESIAN_POINT('',(0.839609375,-1.3,9.1068359375));
#5778 = CARTESIAN_POINT('',(0.873984375,-1.3,9.1763671875));
#5779 = PCURVE('',#5681,#5780);
#5780 = DEFINITIONAL_REPRESENTATION('',(#5781),#5785);
#5781 = LINE('',#5782,#5783);
#5782 = CARTESIAN_POINT('',(0.,0.));
#5783 = VECTOR('',#5784,1.);
#5784 = DIRECTION('',(1.,0.));
#5785 = ( GEOMETRIC_REPRESENTATION_CONTEXT(2) 
PARAMETRIC_REPRESENTATION_CONTEXT() REPRESENTATION_CONTEXT('2D SPACE',''
  ) );
#5786 = PCURVE('',#5236,#5787);
#5787 = DEFINITIONAL_REPRESENTATION('',(#5788),#5792);
#5788 = B_SPLINE_CURVE_WITH_KNOTS('',2,(#5789,#5790,#5791),
  .UNSPECIFIED.,.F.,.F.,(3,3),(0.,1.),.PIECEWISE_BEZIER_KNOTS.);
#5789 = CARTESIAN_POINT('',(3.4375E-02,0.286328125));
#5790 = CARTESIAN_POINT('',(3.4375E-02,0.37109375));
#5791 = CARTESIAN_POINT('',(6.875E-02,0.440625));
#5792 = ( GEOMETRIC_REPRESENTATION_CONTEXT(2) 
PARAMETRIC_REPRESENTATION_CONTEXT() REPRESENTATION_CONTEXT('2D SPACE',''
  ) );
#5793 = ADVANCED_FACE('',(#5794),#5759,.T.);
#5794 = FACE_BOUND('',#5795,.T.);
#5795 = EDGE_LOOP('',(#5796,#5797,#5820,#5850));
#5796 = ORIENTED_EDGE('',*,*,#5743,.T.);
#5797 = ORIENTED_EDGE('',*,*,#5798,.T.);
#5798 = EDGE_CURVE('',#5721,#5799,#5801,.T.);
#5799 = VERTEX_POINT('',#5800);
#5800 = CARTESIAN_POINT('',(0.9718359375,-1.312,9.2822265625));
#5801 = SURFACE_CURVE('',#5802,(#5806,#5813),.PCURVE_S1.);
#5802 = B_SPLINE_CURVE_WITH_KNOTS('',2,(#5803,#5804,#5805),
  .UNSPECIFIED.,.F.,.F.,(3,3),(0.,1.),.PIECEWISE_BEZIER_KNOTS.);
#5803 = CARTESIAN_POINT('',(0.873984375,-1.312,9.1763671875));
#5804 = CARTESIAN_POINT('',(0.908359375,-1.312,9.2458984375));
#5805 = CARTESIAN_POINT('',(0.9718359375,-1.312,9.2822265625));
#5806 = PCURVE('',#5759,#5807);
#5807 = DEFINITIONAL_REPRESENTATION('',(#5808),#5812);
#5808 = LINE('',#5809,#5810);
#5809 = CARTESIAN_POINT('',(0.,-1.2E-02));
#5810 = VECTOR('',#5811,1.);
#5811 = DIRECTION('',(1.,0.));
#5812 = ( GEOMETRIC_REPRESENTATION_CONTEXT(2) 
PARAMETRIC_REPRESENTATION_CONTEXT() REPRESENTATION_CONTEXT('2D SPACE',''
  ) );
#5813 = PCURVE('',#5182,#5814);
#5814 = DEFINITIONAL_REPRESENTATION('',(#5815),#5819);
#5815 = B_SPLINE_CURVE_WITH_KNOTS('',2,(#5816,#5817,#5818),
  .UNSPECIFIED.,.F.,.F.,(3,3),(0.,1.),.PIECEWISE_BEZIER_KNOTS.);
#5816 = CARTESIAN_POINT('',(6.875E-02,0.440625));
#5817 = CARTESIAN_POINT('',(0.103125,0.51015625));
#5818 = CARTESIAN_POINT('',(0.1666015625,0.546484375));
#5819 = ( GEOMETRIC_REPRESENTATION_CONTEXT(2) 
PARAMETRIC_REPRESENTATION_CONTEXT() REPRESENTATION_CONTEXT('2D SPACE',''
  ) );
#5820 = ORIENTED_EDGE('',*,*,#5821,.F.);
#5821 = EDGE_CURVE('',#5822,#5799,#5824,.T.);
#5822 = VERTEX_POINT('',#5823);
#5823 = CARTESIAN_POINT('',(0.9718359375,-1.3,9.2822265625));
#5824 = SURFACE_CURVE('',#5825,(#5829,#5836),.PCURVE_S1.);
#5825 = LINE('',#5826,#5827);
#5826 = CARTESIAN_POINT('',(0.9718359375,-1.3,9.2822265625));
#5827 = VECTOR('',#5828,1.);
#5828 = DIRECTION('',(0.,-1.,0.));
#5829 = PCURVE('',#5759,#5830);
#5830 = DEFINITIONAL_REPRESENTATION('',(#5831),#5835);
#5831 = LINE('',#5832,#5833);
#5832 = CARTESIAN_POINT('',(1.,0.));
#5833 = VECTOR('',#5834,1.);
#5834 = DIRECTION('',(0.,-1.));
#5835 = ( GEOMETRIC_REPRESENTATION_CONTEXT(2) 
PARAMETRIC_REPRESENTATION_CONTEXT() REPRESENTATION_CONTEXT('2D SPACE',''
  ) );
#5836 = PCURVE('',#5837,#5844);
#5837 = SURFACE_OF_LINEAR_EXTRUSION('',#5838,#5842);
#5838 = B_SPLINE_CURVE_WITH_KNOTS('',2,(#5839,#5840,#5841),
  .UNSPECIFIED.,.F.,.F.,(3,3),(0.,1.),.PIECEWISE_BEZIER_KNOTS.);
#5839 = CARTESIAN_POINT('',(0.9718359375,-1.3,9.2822265625));
#5840 = CARTESIAN_POINT('',(1.0353125,-1.3,9.3185546875));
#5841 = CARTESIAN_POINT('',(1.113828125,-1.3,9.3185546875));
#5842 = VECTOR('',#5843,1.);
#5843 = DIRECTION('',(-0.,1.,-0.));
#5844 = DEFINITIONAL_REPRESENTATION('',(#5845),#5849);
#5845 = LINE('',#5846,#5847);
#5846 = CARTESIAN_POINT('',(0.,0.));
#5847 = VECTOR('',#5848,1.);
#5848 = DIRECTION('',(0.,-1.));
#5849 = ( GEOMETRIC_REPRESENTATION_CONTEXT(2) 
PARAMETRIC_REPRESENTATION_CONTEXT() REPRESENTATION_CONTEXT('2D SPACE',''
  ) );
#5850 = ORIENTED_EDGE('',*,*,#5851,.F.);
#5851 = EDGE_CURVE('',#5744,#5822,#5852,.T.);
#5852 = SURFACE_CURVE('',#5853,(#5857,#5864),.PCURVE_S1.);
#5853 = B_SPLINE_CURVE_WITH_KNOTS('',2,(#5854,#5855,#5856),
  .UNSPECIFIED.,.F.,.F.,(3,3),(0.,1.),.PIECEWISE_BEZIER_KNOTS.);
#5854 = CARTESIAN_POINT('',(0.873984375,-1.3,9.1763671875));
#5855 = CARTESIAN_POINT('',(0.908359375,-1.3,9.2458984375));
#5856 = CARTESIAN_POINT('',(0.9718359375,-1.3,9.2822265625));
#5857 = PCURVE('',#5759,#5858);
#5858 = DEFINITIONAL_REPRESENTATION('',(#5859),#5863);
#5859 = LINE('',#5860,#5861);
#5860 = CARTESIAN_POINT('',(0.,0.));
#5861 = VECTOR('',#5862,1.);
#5862 = DIRECTION('',(1.,0.));
#5863 = ( GEOMETRIC_REPRESENTATION_CONTEXT(2) 
PARAMETRIC_REPRESENTATION_CONTEXT() REPRESENTATION_CONTEXT('2D SPACE',''
  ) );
#5864 = PCURVE('',#5236,#5865);
#5865 = DEFINITIONAL_REPRESENTATION('',(#5866),#5870);
#5866 = B_SPLINE_CURVE_WITH_KNOTS('',2,(#5867,#5868,#5869),
  .UNSPECIFIED.,.F.,.F.,(3,3),(0.,1.),.PIECEWISE_BEZIER_KNOTS.);
#5867 = CARTESIAN_POINT('',(6.875E-02,0.440625));
#5868 = CARTESIAN_POINT('',(0.103125,0.51015625));
#5869 = CARTESIAN_POINT('',(0.1666015625,0.546484375));
#5870 = ( GEOMETRIC_REPRESENTATION_CONTEXT(2) 
PARAMETRIC_REPRESENTATION_CONTEXT() REPRESENTATION_CONTEXT('2D SPACE',''
  ) );
#5871 = ADVANCED_FACE('',(#5872),#5837,.T.);
#5872 = FACE_BOUND('',#5873,.T.);
#5873 = EDGE_LOOP('',(#5874,#5875,#5898,#5928));
#5874 = ORIENTED_EDGE('',*,*,#5821,.T.);
#5875 = ORIENTED_EDGE('',*,*,#5876,.T.);
#5876 = EDGE_CURVE('',#5799,#5877,#5879,.T.);
#5877 = VERTEX_POINT('',#5878);
#5878 = CARTESIAN_POINT('',(1.113828125,-1.312,9.3185546875));
#5879 = SURFACE_CURVE('',#5880,(#5884,#5891),.PCURVE_S1.);
#5880 = B_SPLINE_CURVE_WITH_KNOTS('',2,(#5881,#5882,#5883),
  .UNSPECIFIED.,.F.,.F.,(3,3),(0.,1.),.PIECEWISE_BEZIER_KNOTS.);
#5881 = CARTESIAN_POINT('',(0.9718359375,-1.312,9.2822265625));
#5882 = CARTESIAN_POINT('',(1.0353125,-1.312,9.3185546875));
#5883 = CARTESIAN_POINT('',(1.113828125,-1.312,9.3185546875));
#5884 = PCURVE('',#5837,#5885);
#5885 = DEFINITIONAL_REPRESENTATION('',(#5886),#5890);
#5886 = LINE('',#5887,#5888);
#5887 = CARTESIAN_POINT('',(0.,-1.2E-02));
#5888 = VECTOR('',#5889,1.);
#5889 = DIRECTION('',(1.,0.));
#5890 = ( GEOMETRIC_REPRESENTATION_CONTEXT(2) 
PARAMETRIC_REPRESENTATION_CONTEXT() REPRESENTATION_CONTEXT('2D SPACE',''
  ) );
#5891 = PCURVE('',#5182,#5892);
#5892 = DEFINITIONAL_REPRESENTATION('',(#5893),#5897);
#5893 = B_SPLINE_CURVE_WITH_KNOTS('',2,(#5894,#5895,#5896),
  .UNSPECIFIED.,.F.,.F.,(3,3),(0.,1.),.PIECEWISE_BEZIER_KNOTS.);
#5894 = CARTESIAN_POINT('',(0.1666015625,0.546484375));
#5895 = CARTESIAN_POINT('',(0.230078125,0.5828125));
#5896 = CARTESIAN_POINT('',(0.30859375,0.5828125));
#5897 = ( GEOMETRIC_REPRESENTATION_CONTEXT(2) 
PARAMETRIC_REPRESENTATION_CONTEXT() REPRESENTATION_CONTEXT('2D SPACE',''
  ) );
#5898 = ORIENTED_EDGE('',*,*,#5899,.F.);
#5899 = EDGE_CURVE('',#5900,#5877,#5902,.T.);
#5900 = VERTEX_POINT('',#5901);
#5901 = CARTESIAN_POINT('',(1.113828125,-1.3,9.3185546875));
#5902 = SURFACE_CURVE('',#5903,(#5907,#5914),.PCURVE_S1.);
#5903 = LINE('',#5904,#5905);
#5904 = CARTESIAN_POINT('',(1.113828125,-1.3,9.3185546875));
#5905 = VECTOR('',#5906,1.);
#5906 = DIRECTION('',(0.,-1.,0.));
#5907 = PCURVE('',#5837,#5908);
#5908 = DEFINITIONAL_REPRESENTATION('',(#5909),#5913);
#5909 = LINE('',#5910,#5911);
#5910 = CARTESIAN_POINT('',(1.,0.));
#5911 = VECTOR('',#5912,1.);
#5912 = DIRECTION('',(0.,-1.));
#5913 = ( GEOMETRIC_REPRESENTATION_CONTEXT(2) 
PARAMETRIC_REPRESENTATION_CONTEXT() REPRESENTATION_CONTEXT('2D SPACE',''
  ) );
#5914 = PCURVE('',#5915,#5922);
#5915 = SURFACE_OF_LINEAR_EXTRUSION('',#5916,#5920);
#5916 = B_SPLINE_CURVE_WITH_KNOTS('',2,(#5917,#5918,#5919),
  .UNSPECIFIED.,.F.,.F.,(3,3),(0.,1.),.PIECEWISE_BEZIER_KNOTS.);
#5917 = CARTESIAN_POINT('',(1.113828125,-1.3,9.3185546875));
#5918 = CARTESIAN_POINT('',(1.193125,-1.3,9.3185546875));
#5919 = CARTESIAN_POINT('',(1.256796875,-1.3,9.280859375));
#5920 = VECTOR('',#5921,1.);
#5921 = DIRECTION('',(-0.,1.,-0.));
#5922 = DEFINITIONAL_REPRESENTATION('',(#5923),#5927);
#5923 = LINE('',#5924,#5925);
#5924 = CARTESIAN_POINT('',(0.,0.));
#5925 = VECTOR('',#5926,1.);
#5926 = DIRECTION('',(0.,-1.));
#5927 = ( GEOMETRIC_REPRESENTATION_CONTEXT(2) 
PARAMETRIC_REPRESENTATION_CONTEXT() REPRESENTATION_CONTEXT('2D SPACE',''
  ) );
#5928 = ORIENTED_EDGE('',*,*,#5929,.F.);
#5929 = EDGE_CURVE('',#5822,#5900,#5930,.T.);
#5930 = SURFACE_CURVE('',#5931,(#5935,#5942),.PCURVE_S1.);
#5931 = B_SPLINE_CURVE_WITH_KNOTS('',2,(#5932,#5933,#5934),
  .UNSPECIFIED.,.F.,.F.,(3,3),(0.,1.),.PIECEWISE_BEZIER_KNOTS.);
#5932 = CARTESIAN_POINT('',(0.9718359375,-1.3,9.2822265625));
#5933 = CARTESIAN_POINT('',(1.0353125,-1.3,9.3185546875));
#5934 = CARTESIAN_POINT('',(1.113828125,-1.3,9.3185546875));
#5935 = PCURVE('',#5837,#5936);
#5936 = DEFINITIONAL_REPRESENTATION('',(#5937),#5941);
#5937 = LINE('',#5938,#5939);
#5938 = CARTESIAN_POINT('',(0.,0.));
#5939 = VECTOR('',#5940,1.);
#5940 = DIRECTION('',(1.,0.));
#5941 = ( GEOMETRIC_REPRESENTATION_CONTEXT(2) 
PARAMETRIC_REPRESENTATION_CONTEXT() REPRESENTATION_CONTEXT('2D SPACE',''
  ) );
#5942 = PCURVE('',#5236,#5943);
#5943 = DEFINITIONAL_REPRESENTATION('',(#5944),#5948);
#5944 = B_SPLINE_CURVE_WITH_KNOTS('',2,(#5945,#5946,#5947),
  .UNSPECIFIED.,.F.,.F.,(3,3),(0.,1.),.PIECEWISE_BEZIER_KNOTS.);
#5945 = CARTESIAN_POINT('',(0.1666015625,0.546484375));
#5946 = CARTESIAN_POINT('',(0.230078125,0.5828125));
#5947 = CARTESIAN_POINT('',(0.30859375,0.5828125));
#5948 = ( GEOMETRIC_REPRESENTATION_CONTEXT(2) 
PARAMETRIC_REPRESENTATION_CONTEXT() REPRESENTATION_CONTEXT('2D SPACE',''
  ) );
#5949 = ADVANCED_FACE('',(#5950),#5915,.T.);
#5950 = FACE_BOUND('',#5951,.T.);
#5951 = EDGE_LOOP('',(#5952,#5953,#5976,#6006));
#5952 = ORIENTED_EDGE('',*,*,#5899,.T.);
#5953 = ORIENTED_EDGE('',*,*,#5954,.T.);
#5954 = EDGE_CURVE('',#5877,#5955,#5957,.T.);
#5955 = VERTEX_POINT('',#5956);
#5956 = CARTESIAN_POINT('',(1.256796875,-1.312,9.280859375));
#5957 = SURFACE_CURVE('',#5958,(#5962,#5969),.PCURVE_S1.);
#5958 = B_SPLINE_CURVE_WITH_KNOTS('',2,(#5959,#5960,#5961),
  .UNSPECIFIED.,.F.,.F.,(3,3),(0.,1.),.PIECEWISE_BEZIER_KNOTS.);
#5959 = CARTESIAN_POINT('',(1.113828125,-1.312,9.3185546875));
#5960 = CARTESIAN_POINT('',(1.193125,-1.312,9.3185546875));
#5961 = CARTESIAN_POINT('',(1.256796875,-1.312,9.280859375));
#5962 = PCURVE('',#5915,#5963);
#5963 = DEFINITIONAL_REPRESENTATION('',(#5964),#5968);
#5964 = LINE('',#5965,#5966);
#5965 = CARTESIAN_POINT('',(0.,-1.2E-02));
#5966 = VECTOR('',#5967,1.);
#5967 = DIRECTION('',(1.,0.));
#5968 = ( GEOMETRIC_REPRESENTATION_CONTEXT(2) 
PARAMETRIC_REPRESENTATION_CONTEXT() REPRESENTATION_CONTEXT('2D SPACE',''
  ) );
#5969 = PCURVE('',#5182,#5970);
#5970 = DEFINITIONAL_REPRESENTATION('',(#5971),#5975);
#5971 = B_SPLINE_CURVE_WITH_KNOTS('',2,(#5972,#5973,#5974),
  .UNSPECIFIED.,.F.,.F.,(3,3),(0.,1.),.PIECEWISE_BEZIER_KNOTS.);
#5972 = CARTESIAN_POINT('',(0.30859375,0.5828125));
#5973 = CARTESIAN_POINT('',(0.387890625,0.5828125));
#5974 = CARTESIAN_POINT('',(0.4515625,0.5451171875));
#5975 = ( GEOMETRIC_REPRESENTATION_CONTEXT(2) 
PARAMETRIC_REPRESENTATION_CONTEXT() REPRESENTATION_CONTEXT('2D SPACE',''
  ) );
#5976 = ORIENTED_EDGE('',*,*,#5977,.F.);
#5977 = EDGE_CURVE('',#5978,#5955,#5980,.T.);
#5978 = VERTEX_POINT('',#5979);
#5979 = CARTESIAN_POINT('',(1.256796875,-1.3,9.280859375));
#5980 = SURFACE_CURVE('',#5981,(#5985,#5992),.PCURVE_S1.);
#5981 = LINE('',#5982,#5983);
#5982 = CARTESIAN_POINT('',(1.256796875,-1.3,9.280859375));
#5983 = VECTOR('',#5984,1.);
#5984 = DIRECTION('',(0.,-1.,0.));
#5985 = PCURVE('',#5915,#5986);
#5986 = DEFINITIONAL_REPRESENTATION('',(#5987),#5991);
#5987 = LINE('',#5988,#5989);
#5988 = CARTESIAN_POINT('',(1.,0.));
#5989 = VECTOR('',#5990,1.);
#5990 = DIRECTION('',(0.,-1.));
#5991 = ( GEOMETRIC_REPRESENTATION_CONTEXT(2) 
PARAMETRIC_REPRESENTATION_CONTEXT() REPRESENTATION_CONTEXT('2D SPACE',''
  ) );
#5992 = PCURVE('',#5993,#6000);
#5993 = SURFACE_OF_LINEAR_EXTRUSION('',#5994,#5998);
#5994 = B_SPLINE_CURVE_WITH_KNOTS('',2,(#5995,#5996,#5997),
  .UNSPECIFIED.,.F.,.F.,(3,3),(0.,1.),.PIECEWISE_BEZIER_KNOTS.);
#5995 = CARTESIAN_POINT('',(1.256796875,-1.3,9.280859375));
#5996 = CARTESIAN_POINT('',(1.32046875,-1.3,9.2431640625));
#5997 = CARTESIAN_POINT('',(1.3538671875,-1.3,9.175390625));
#5998 = VECTOR('',#5999,1.);
#5999 = DIRECTION('',(-0.,1.,-0.));
#6000 = DEFINITIONAL_REPRESENTATION('',(#6001),#6005);
#6001 = LINE('',#6002,#6003);
#6002 = CARTESIAN_POINT('',(0.,0.));
#6003 = VECTOR('',#6004,1.);
#6004 = DIRECTION('',(0.,-1.));
#6005 = ( GEOMETRIC_REPRESENTATION_CONTEXT(2) 
PARAMETRIC_REPRESENTATION_CONTEXT() REPRESENTATION_CONTEXT('2D SPACE',''
  ) );
#6006 = ORIENTED_EDGE('',*,*,#6007,.F.);
#6007 = EDGE_CURVE('',#5900,#5978,#6008,.T.);
#6008 = SURFACE_CURVE('',#6009,(#6013,#6020),.PCURVE_S1.);
#6009 = B_SPLINE_CURVE_WITH_KNOTS('',2,(#6010,#6011,#6012),
  .UNSPECIFIED.,.F.,.F.,(3,3),(0.,1.),.PIECEWISE_BEZIER_KNOTS.);
#6010 = CARTESIAN_POINT('',(1.113828125,-1.3,9.3185546875));
#6011 = CARTESIAN_POINT('',(1.193125,-1.3,9.3185546875));
#6012 = CARTESIAN_POINT('',(1.256796875,-1.3,9.280859375));
#6013 = PCURVE('',#5915,#6014);
#6014 = DEFINITIONAL_REPRESENTATION('',(#6015),#6019);
#6015 = LINE('',#6016,#6017);
#6016 = CARTESIAN_POINT('',(0.,0.));
#6017 = VECTOR('',#6018,1.);
#6018 = DIRECTION('',(1.,0.));
#6019 = ( GEOMETRIC_REPRESENTATION_CONTEXT(2) 
PARAMETRIC_REPRESENTATION_CONTEXT() REPRESENTATION_CONTEXT('2D SPACE',''
  ) );
#6020 = PCURVE('',#5236,#6021);
#6021 = DEFINITIONAL_REPRESENTATION('',(#6022),#6026);
#6022 = B_SPLINE_CURVE_WITH_KNOTS('',2,(#6023,#6024,#6025),
  .UNSPECIFIED.,.F.,.F.,(3,3),(0.,1.),.PIECEWISE_BEZIER_KNOTS.);
#6023 = CARTESIAN_POINT('',(0.30859375,0.5828125));
#6024 = CARTESIAN_POINT('',(0.387890625,0.5828125));
#6025 = CARTESIAN_POINT('',(0.4515625,0.5451171875));
#6026 = ( GEOMETRIC_REPRESENTATION_CONTEXT(2) 
PARAMETRIC_REPRESENTATION_CONTEXT() REPRESENTATION_CONTEXT('2D SPACE',''
  ) );
#6027 = ADVANCED_FACE('',(#6028),#5993,.T.);
#6028 = FACE_BOUND('',#6029,.T.);
#6029 = EDGE_LOOP('',(#6030,#6031,#6054,#6084));
#6030 = ORIENTED_EDGE('',*,*,#5977,.T.);
#6031 = ORIENTED_EDGE('',*,*,#6032,.T.);
#6032 = EDGE_CURVE('',#5955,#6033,#6035,.T.);
#6033 = VERTEX_POINT('',#6034);
#6034 = CARTESIAN_POINT('',(1.3538671875,-1.312,9.175390625));
#6035 = SURFACE_CURVE('',#6036,(#6040,#6047),.PCURVE_S1.);
#6036 = B_SPLINE_CURVE_WITH_KNOTS('',2,(#6037,#6038,#6039),
  .UNSPECIFIED.,.F.,.F.,(3,3),(0.,1.),.PIECEWISE_BEZIER_KNOTS.);
#6037 = CARTESIAN_POINT('',(1.256796875,-1.312,9.280859375));
#6038 = CARTESIAN_POINT('',(1.32046875,-1.312,9.2431640625));
#6039 = CARTESIAN_POINT('',(1.3538671875,-1.312,9.175390625));
#6040 = PCURVE('',#5993,#6041);
#6041 = DEFINITIONAL_REPRESENTATION('',(#6042),#6046);
#6042 = LINE('',#6043,#6044);
#6043 = CARTESIAN_POINT('',(0.,-1.2E-02));
#6044 = VECTOR('',#6045,1.);
#6045 = DIRECTION('',(1.,0.));
#6046 = ( GEOMETRIC_REPRESENTATION_CONTEXT(2) 
PARAMETRIC_REPRESENTATION_CONTEXT() REPRESENTATION_CONTEXT('2D SPACE',''
  ) );
#6047 = PCURVE('',#5182,#6048);
#6048 = DEFINITIONAL_REPRESENTATION('',(#6049),#6053);
#6049 = B_SPLINE_CURVE_WITH_KNOTS('',2,(#6050,#6051,#6052),
  .UNSPECIFIED.,.F.,.F.,(3,3),(0.,1.),.PIECEWISE_BEZIER_KNOTS.);
#6050 = CARTESIAN_POINT('',(0.4515625,0.5451171875));
#6051 = CARTESIAN_POINT('',(0.515234375,0.507421875));
#6052 = CARTESIAN_POINT('',(0.5486328125,0.4396484375));
#6053 = ( GEOMETRIC_REPRESENTATION_CONTEXT(2) 
PARAMETRIC_REPRESENTATION_CONTEXT() REPRESENTATION_CONTEXT('2D SPACE',''
  ) );
#6054 = ORIENTED_EDGE('',*,*,#6055,.F.);
#6055 = EDGE_CURVE('',#6056,#6033,#6058,.T.);
#6056 = VERTEX_POINT('',#6057);
#6057 = CARTESIAN_POINT('',(1.3538671875,-1.3,9.175390625));
#6058 = SURFACE_CURVE('',#6059,(#6063,#6070),.PCURVE_S1.);
#6059 = LINE('',#6060,#6061);
#6060 = CARTESIAN_POINT('',(1.3538671875,-1.3,9.175390625));
#6061 = VECTOR('',#6062,1.);
#6062 = DIRECTION('',(0.,-1.,0.));
#6063 = PCURVE('',#5993,#6064);
#6064 = DEFINITIONAL_REPRESENTATION('',(#6065),#6069);
#6065 = LINE('',#6066,#6067);
#6066 = CARTESIAN_POINT('',(1.,0.));
#6067 = VECTOR('',#6068,1.);
#6068 = DIRECTION('',(0.,-1.));
#6069 = ( GEOMETRIC_REPRESENTATION_CONTEXT(2) 
PARAMETRIC_REPRESENTATION_CONTEXT() REPRESENTATION_CONTEXT('2D SPACE',''
  ) );
#6070 = PCURVE('',#6071,#6078);
#6071 = SURFACE_OF_LINEAR_EXTRUSION('',#6072,#6076);
#6072 = B_SPLINE_CURVE_WITH_KNOTS('',2,(#6073,#6074,#6075),
  .UNSPECIFIED.,.F.,.F.,(3,3),(0.,1.),.PIECEWISE_BEZIER_KNOTS.);
#6073 = CARTESIAN_POINT('',(1.3538671875,-1.3,9.175390625));
#6074 = CARTESIAN_POINT('',(1.387265625,-1.3,9.1076171875));
#6075 = CARTESIAN_POINT('',(1.387265625,-1.3,9.0224609375));
#6076 = VECTOR('',#6077,1.);
#6077 = DIRECTION('',(-0.,1.,-0.));
#6078 = DEFINITIONAL_REPRESENTATION('',(#6079),#6083);
#6079 = LINE('',#6080,#6081);
#6080 = CARTESIAN_POINT('',(0.,0.));
#6081 = VECTOR('',#6082,1.);
#6082 = DIRECTION('',(0.,-1.));
#6083 = ( GEOMETRIC_REPRESENTATION_CONTEXT(2) 
PARAMETRIC_REPRESENTATION_CONTEXT() REPRESENTATION_CONTEXT('2D SPACE',''
  ) );
#6084 = ORIENTED_EDGE('',*,*,#6085,.F.);
#6085 = EDGE_CURVE('',#5978,#6056,#6086,.T.);
#6086 = SURFACE_CURVE('',#6087,(#6091,#6098),.PCURVE_S1.);
#6087 = B_SPLINE_CURVE_WITH_KNOTS('',2,(#6088,#6089,#6090),
  .UNSPECIFIED.,.F.,.F.,(3,3),(0.,1.),.PIECEWISE_BEZIER_KNOTS.);
#6088 = CARTESIAN_POINT('',(1.256796875,-1.3,9.280859375));
#6089 = CARTESIAN_POINT('',(1.32046875,-1.3,9.2431640625));
#6090 = CARTESIAN_POINT('',(1.3538671875,-1.3,9.175390625));
#6091 = PCURVE('',#5993,#6092);
#6092 = DEFINITIONAL_REPRESENTATION('',(#6093),#6097);
#6093 = LINE('',#6094,#6095);
#6094 = CARTESIAN_POINT('',(0.,0.));
#6095 = VECTOR('',#6096,1.);
#6096 = DIRECTION('',(1.,0.));
#6097 = ( GEOMETRIC_REPRESENTATION_CONTEXT(2) 
PARAMETRIC_REPRESENTATION_CONTEXT() REPRESENTATION_CONTEXT('2D SPACE',''
  ) );
#6098 = PCURVE('',#5236,#6099);
#6099 = DEFINITIONAL_REPRESENTATION('',(#6100),#6104);
#6100 = B_SPLINE_CURVE_WITH_KNOTS('',2,(#6101,#6102,#6103),
  .UNSPECIFIED.,.F.,.F.,(3,3),(0.,1.),.PIECEWISE_BEZIER_KNOTS.);
#6101 = CARTESIAN_POINT('',(0.4515625,0.5451171875));
#6102 = CARTESIAN_POINT('',(0.515234375,0.507421875));
#6103 = CARTESIAN_POINT('',(0.5486328125,0.4396484375));
#6104 = ( GEOMETRIC_REPRESENTATION_CONTEXT(2) 
PARAMETRIC_REPRESENTATION_CONTEXT() REPRESENTATION_CONTEXT('2D SPACE',''
  ) );
#6105 = ADVANCED_FACE('',(#6106),#6071,.T.);
#6106 = FACE_BOUND('',#6107,.T.);
#6107 = EDGE_LOOP('',(#6108,#6109,#6132,#6162));
#6108 = ORIENTED_EDGE('',*,*,#6055,.T.);
#6109 = ORIENTED_EDGE('',*,*,#6110,.T.);
#6110 = EDGE_CURVE('',#6033,#6111,#6113,.T.);
#6111 = VERTEX_POINT('',#6112);
#6112 = CARTESIAN_POINT('',(1.387265625,-1.312,9.0224609375));
#6113 = SURFACE_CURVE('',#6114,(#6118,#6125),.PCURVE_S1.);
#6114 = B_SPLINE_CURVE_WITH_KNOTS('',2,(#6115,#6116,#6117),
  .UNSPECIFIED.,.F.,.F.,(3,3),(0.,1.),.PIECEWISE_BEZIER_KNOTS.);
#6115 = CARTESIAN_POINT('',(1.3538671875,-1.312,9.175390625));
#6116 = CARTESIAN_POINT('',(1.387265625,-1.312,9.1076171875));
#6117 = CARTESIAN_POINT('',(1.387265625,-1.312,9.0224609375));
#6118 = PCURVE('',#6071,#6119);
#6119 = DEFINITIONAL_REPRESENTATION('',(#6120),#6124);
#6120 = LINE('',#6121,#6122);
#6121 = CARTESIAN_POINT('',(0.,-1.2E-02));
#6122 = VECTOR('',#6123,1.);
#6123 = DIRECTION('',(1.,0.));
#6124 = ( GEOMETRIC_REPRESENTATION_CONTEXT(2) 
PARAMETRIC_REPRESENTATION_CONTEXT() REPRESENTATION_CONTEXT('2D SPACE',''
  ) );
#6125 = PCURVE('',#5182,#6126);
#6126 = DEFINITIONAL_REPRESENTATION('',(#6127),#6131);
#6127 = B_SPLINE_CURVE_WITH_KNOTS('',2,(#6128,#6129,#6130),
  .UNSPECIFIED.,.F.,.F.,(3,3),(0.,1.),.PIECEWISE_BEZIER_KNOTS.);
#6128 = CARTESIAN_POINT('',(0.5486328125,0.4396484375));
#6129 = CARTESIAN_POINT('',(0.58203125,0.371875));
#6130 = CARTESIAN_POINT('',(0.58203125,0.28671875));
#6131 = ( GEOMETRIC_REPRESENTATION_CONTEXT(2) 
PARAMETRIC_REPRESENTATION_CONTEXT() REPRESENTATION_CONTEXT('2D SPACE',''
  ) );
#6132 = ORIENTED_EDGE('',*,*,#6133,.F.);
#6133 = EDGE_CURVE('',#6134,#6111,#6136,.T.);
#6134 = VERTEX_POINT('',#6135);
#6135 = CARTESIAN_POINT('',(1.387265625,-1.3,9.0224609375));
#6136 = SURFACE_CURVE('',#6137,(#6141,#6148),.PCURVE_S1.);
#6137 = LINE('',#6138,#6139);
#6138 = CARTESIAN_POINT('',(1.387265625,-1.3,9.0224609375));
#6139 = VECTOR('',#6140,1.);
#6140 = DIRECTION('',(0.,-1.,0.));
#6141 = PCURVE('',#6071,#6142);
#6142 = DEFINITIONAL_REPRESENTATION('',(#6143),#6147);
#6143 = LINE('',#6144,#6145);
#6144 = CARTESIAN_POINT('',(1.,0.));
#6145 = VECTOR('',#6146,1.);
#6146 = DIRECTION('',(0.,-1.));
#6147 = ( GEOMETRIC_REPRESENTATION_CONTEXT(2) 
PARAMETRIC_REPRESENTATION_CONTEXT() REPRESENTATION_CONTEXT('2D SPACE',''
  ) );
#6148 = PCURVE('',#6149,#6156);
#6149 = SURFACE_OF_LINEAR_EXTRUSION('',#6150,#6154);
#6150 = B_SPLINE_CURVE_WITH_KNOTS('',2,(#6151,#6152,#6153),
  .UNSPECIFIED.,.F.,.F.,(3,3),(0.,1.),.PIECEWISE_BEZIER_KNOTS.);
#6151 = CARTESIAN_POINT('',(1.387265625,-1.3,9.0224609375));
#6152 = CARTESIAN_POINT('',(1.387265625,-1.3,8.9517578125));
#6153 = CARTESIAN_POINT('',(1.36578125,-1.3,8.8953125));
#6154 = VECTOR('',#6155,1.);
#6155 = DIRECTION('',(-0.,1.,-0.));
#6156 = DEFINITIONAL_REPRESENTATION('',(#6157),#6161);
#6157 = LINE('',#6158,#6159);
#6158 = CARTESIAN_POINT('',(0.,0.));
#6159 = VECTOR('',#6160,1.);
#6160 = DIRECTION('',(0.,-1.));
#6161 = ( GEOMETRIC_REPRESENTATION_CONTEXT(2) 
PARAMETRIC_REPRESENTATION_CONTEXT() REPRESENTATION_CONTEXT('2D SPACE',''
  ) );
#6162 = ORIENTED_EDGE('',*,*,#6163,.F.);
#6163 = EDGE_CURVE('',#6056,#6134,#6164,.T.);
#6164 = SURFACE_CURVE('',#6165,(#6169,#6176),.PCURVE_S1.);
#6165 = B_SPLINE_CURVE_WITH_KNOTS('',2,(#6166,#6167,#6168),
  .UNSPECIFIED.,.F.,.F.,(3,3),(0.,1.),.PIECEWISE_BEZIER_KNOTS.);
#6166 = CARTESIAN_POINT('',(1.3538671875,-1.3,9.175390625));
#6167 = CARTESIAN_POINT('',(1.387265625,-1.3,9.1076171875));
#6168 = CARTESIAN_POINT('',(1.387265625,-1.3,9.0224609375));
#6169 = PCURVE('',#6071,#6170);
#6170 = DEFINITIONAL_REPRESENTATION('',(#6171),#6175);
#6171 = LINE('',#6172,#6173);
#6172 = CARTESIAN_POINT('',(0.,0.));
#6173 = VECTOR('',#6174,1.);
#6174 = DIRECTION('',(1.,0.));
#6175 = ( GEOMETRIC_REPRESENTATION_CONTEXT(2) 
PARAMETRIC_REPRESENTATION_CONTEXT() REPRESENTATION_CONTEXT('2D SPACE',''
  ) );
#6176 = PCURVE('',#5236,#6177);
#6177 = DEFINITIONAL_REPRESENTATION('',(#6178),#6182);
#6178 = B_SPLINE_CURVE_WITH_KNOTS('',2,(#6179,#6180,#6181),
  .UNSPECIFIED.,.F.,.F.,(3,3),(0.,1.),.PIECEWISE_BEZIER_KNOTS.);
#6179 = CARTESIAN_POINT('',(0.5486328125,0.4396484375));
#6180 = CARTESIAN_POINT('',(0.58203125,0.371875));
#6181 = CARTESIAN_POINT('',(0.58203125,0.28671875));
#6182 = ( GEOMETRIC_REPRESENTATION_CONTEXT(2) 
PARAMETRIC_REPRESENTATION_CONTEXT() REPRESENTATION_CONTEXT('2D SPACE',''
  ) );
#6183 = ADVANCED_FACE('',(#6184),#6149,.T.);
#6184 = FACE_BOUND('',#6185,.T.);
#6185 = EDGE_LOOP('',(#6186,#6187,#6210,#6233));
#6186 = ORIENTED_EDGE('',*,*,#6133,.T.);
#6187 = ORIENTED_EDGE('',*,*,#6188,.T.);
#6188 = EDGE_CURVE('',#6111,#6189,#6191,.T.);
#6189 = VERTEX_POINT('',#6190);
#6190 = CARTESIAN_POINT('',(1.36578125,-1.312,8.8953125));
#6191 = SURFACE_CURVE('',#6192,(#6196,#6203),.PCURVE_S1.);
#6192 = B_SPLINE_CURVE_WITH_KNOTS('',2,(#6193,#6194,#6195),
  .UNSPECIFIED.,.F.,.F.,(3,3),(0.,1.),.PIECEWISE_BEZIER_KNOTS.);
#6193 = CARTESIAN_POINT('',(1.387265625,-1.312,9.0224609375));
#6194 = CARTESIAN_POINT('',(1.387265625,-1.312,8.9517578125));
#6195 = CARTESIAN_POINT('',(1.36578125,-1.312,8.8953125));
#6196 = PCURVE('',#6149,#6197);
#6197 = DEFINITIONAL_REPRESENTATION('',(#6198),#6202);
#6198 = LINE('',#6199,#6200);
#6199 = CARTESIAN_POINT('',(0.,-1.2E-02));
#6200 = VECTOR('',#6201,1.);
#6201 = DIRECTION('',(1.,0.));
#6202 = ( GEOMETRIC_REPRESENTATION_CONTEXT(2) 
PARAMETRIC_REPRESENTATION_CONTEXT() REPRESENTATION_CONTEXT('2D SPACE',''
  ) );
#6203 = PCURVE('',#5182,#6204);
#6204 = DEFINITIONAL_REPRESENTATION('',(#6205),#6209);
#6205 = B_SPLINE_CURVE_WITH_KNOTS('',2,(#6206,#6207,#6208),
  .UNSPECIFIED.,.F.,.F.,(3,3),(0.,1.),.PIECEWISE_BEZIER_KNOTS.);
#6206 = CARTESIAN_POINT('',(0.58203125,0.28671875));
#6207 = CARTESIAN_POINT('',(0.58203125,0.216015625));
#6208 = CARTESIAN_POINT('',(0.560546875,0.1595703125));
#6209 = ( GEOMETRIC_REPRESENTATION_CONTEXT(2) 
PARAMETRIC_REPRESENTATION_CONTEXT() REPRESENTATION_CONTEXT('2D SPACE',''
  ) );
#6210 = ORIENTED_EDGE('',*,*,#6211,.F.);
#6211 = EDGE_CURVE('',#6212,#6189,#6214,.T.);
#6212 = VERTEX_POINT('',#6213);
#6213 = CARTESIAN_POINT('',(1.36578125,-1.3,8.8953125));
#6214 = SURFACE_CURVE('',#6215,(#6219,#6226),.PCURVE_S1.);
#6215 = LINE('',#6216,#6217);
#6216 = CARTESIAN_POINT('',(1.36578125,-1.3,8.8953125));
#6217 = VECTOR('',#6218,1.);
#6218 = DIRECTION('',(0.,-1.,0.));
#6219 = PCURVE('',#6149,#6220);
#6220 = DEFINITIONAL_REPRESENTATION('',(#6221),#6225);
#6221 = LINE('',#6222,#6223);
#6222 = CARTESIAN_POINT('',(1.,0.));
#6223 = VECTOR('',#6224,1.);
#6224 = DIRECTION('',(0.,-1.));
#6225 = ( GEOMETRIC_REPRESENTATION_CONTEXT(2) 
PARAMETRIC_REPRESENTATION_CONTEXT() REPRESENTATION_CONTEXT('2D SPACE',''
  ) );
#6226 = PCURVE('',#5152,#6227);
#6227 = DEFINITIONAL_REPRESENTATION('',(#6228),#6232);
#6228 = LINE('',#6229,#6230);
#6229 = CARTESIAN_POINT('',(0.,0.));
#6230 = VECTOR('',#6231,1.);
#6231 = DIRECTION('',(0.,-1.));
#6232 = ( GEOMETRIC_REPRESENTATION_CONTEXT(2) 
PARAMETRIC_REPRESENTATION_CONTEXT() REPRESENTATION_CONTEXT('2D SPACE',''
  ) );
#6233 = ORIENTED_EDGE('',*,*,#6234,.F.);
#6234 = EDGE_CURVE('',#6134,#6212,#6235,.T.);
#6235 = SURFACE_CURVE('',#6236,(#6240,#6247),.PCURVE_S1.);
#6236 = B_SPLINE_CURVE_WITH_KNOTS('',2,(#6237,#6238,#6239),
  .UNSPECIFIED.,.F.,.F.,(3,3),(0.,1.),.PIECEWISE_BEZIER_KNOTS.);
#6237 = CARTESIAN_POINT('',(1.387265625,-1.3,9.0224609375));
#6238 = CARTESIAN_POINT('',(1.387265625,-1.3,8.9517578125));
#6239 = CARTESIAN_POINT('',(1.36578125,-1.3,8.8953125));
#6240 = PCURVE('',#6149,#6241);
#6241 = DEFINITIONAL_REPRESENTATION('',(#6242),#6246);
#6242 = LINE('',#6243,#6244);
#6243 = CARTESIAN_POINT('',(0.,0.));
#6244 = VECTOR('',#6245,1.);
#6245 = DIRECTION('',(1.,0.));
#6246 = ( GEOMETRIC_REPRESENTATION_CONTEXT(2) 
PARAMETRIC_REPRESENTATION_CONTEXT() REPRESENTATION_CONTEXT('2D SPACE',''
  ) );
#6247 = PCURVE('',#5236,#6248);
#6248 = DEFINITIONAL_REPRESENTATION('',(#6249),#6253);
#6249 = B_SPLINE_CURVE_WITH_KNOTS('',2,(#6250,#6251,#6252),
  .UNSPECIFIED.,.F.,.F.,(3,3),(0.,1.),.PIECEWISE_BEZIER_KNOTS.);
#6250 = CARTESIAN_POINT('',(0.58203125,0.28671875));
#6251 = CARTESIAN_POINT('',(0.58203125,0.216015625));
#6252 = CARTESIAN_POINT('',(0.560546875,0.1595703125));
#6253 = ( GEOMETRIC_REPRESENTATION_CONTEXT(2) 
PARAMETRIC_REPRESENTATION_CONTEXT() REPRESENTATION_CONTEXT('2D SPACE',''
  ) );
#6254 = ADVANCED_FACE('',(#6255),#5152,.T.);
#6255 = FACE_BOUND('',#6256,.T.);
#6256 = EDGE_LOOP('',(#6257,#6258,#6279,#6280));
#6257 = ORIENTED_EDGE('',*,*,#6211,.T.);
#6258 = ORIENTED_EDGE('',*,*,#6259,.T.);
#6259 = EDGE_CURVE('',#6189,#5130,#6260,.T.);
#6260 = SURFACE_CURVE('',#6261,(#6265,#6272),.PCURVE_S1.);
#6261 = B_SPLINE_CURVE_WITH_KNOTS('',2,(#6262,#6263,#6264),
  .UNSPECIFIED.,.F.,.F.,(3,3),(0.,1.),.PIECEWISE_BEZIER_KNOTS.);
#6262 = CARTESIAN_POINT('',(1.36578125,-1.312,8.8953125));
#6263 = CARTESIAN_POINT('',(1.344296875,-1.312,8.8388671875));
#6264 = CARTESIAN_POINT('',(1.3009375,-1.312,8.7970703125));
#6265 = PCURVE('',#5152,#6266);
#6266 = DEFINITIONAL_REPRESENTATION('',(#6267),#6271);
#6267 = LINE('',#6268,#6269);
#6268 = CARTESIAN_POINT('',(0.,-1.2E-02));
#6269 = VECTOR('',#6270,1.);
#6270 = DIRECTION('',(1.,0.));
#6271 = ( GEOMETRIC_REPRESENTATION_CONTEXT(2) 
PARAMETRIC_REPRESENTATION_CONTEXT() REPRESENTATION_CONTEXT('2D SPACE',''
  ) );
#6272 = PCURVE('',#5182,#6273);
#6273 = DEFINITIONAL_REPRESENTATION('',(#6274),#6278);
#6274 = B_SPLINE_CURVE_WITH_KNOTS('',2,(#6275,#6276,#6277),
  .UNSPECIFIED.,.F.,.F.,(3,3),(0.,1.),.PIECEWISE_BEZIER_KNOTS.);
#6275 = CARTESIAN_POINT('',(0.560546875,0.1595703125));
#6276 = CARTESIAN_POINT('',(0.5390625,0.103125));
#6277 = CARTESIAN_POINT('',(0.495703125,6.1328125E-02));
#6278 = ( GEOMETRIC_REPRESENTATION_CONTEXT(2) 
PARAMETRIC_REPRESENTATION_CONTEXT() REPRESENTATION_CONTEXT('2D SPACE',''
  ) );
#6279 = ORIENTED_EDGE('',*,*,#5127,.F.);
#6280 = ORIENTED_EDGE('',*,*,#6281,.F.);
#6281 = EDGE_CURVE('',#6212,#5128,#6282,.T.);
#6282 = SURFACE_CURVE('',#6283,(#6287,#6294),.PCURVE_S1.);
#6283 = B_SPLINE_CURVE_WITH_KNOTS('',2,(#6284,#6285,#6286),
  .UNSPECIFIED.,.F.,.F.,(3,3),(0.,1.),.PIECEWISE_BEZIER_KNOTS.);
#6284 = CARTESIAN_POINT('',(1.36578125,-1.3,8.8953125));
#6285 = CARTESIAN_POINT('',(1.344296875,-1.3,8.8388671875));
#6286 = CARTESIAN_POINT('',(1.3009375,-1.3,8.7970703125));
#6287 = PCURVE('',#5152,#6288);
#6288 = DEFINITIONAL_REPRESENTATION('',(#6289),#6293);
#6289 = LINE('',#6290,#6291);
#6290 = CARTESIAN_POINT('',(0.,0.));
#6291 = VECTOR('',#6292,1.);
#6292 = DIRECTION('',(1.,0.));
#6293 = ( GEOMETRIC_REPRESENTATION_CONTEXT(2) 
PARAMETRIC_REPRESENTATION_CONTEXT() REPRESENTATION_CONTEXT('2D SPACE',''
  ) );
#6294 = PCURVE('',#5236,#6295);
#6295 = DEFINITIONAL_REPRESENTATION('',(#6296),#6300);
#6296 = B_SPLINE_CURVE_WITH_KNOTS('',2,(#6297,#6298,#6299),
  .UNSPECIFIED.,.F.,.F.,(3,3),(0.,1.),.PIECEWISE_BEZIER_KNOTS.);
#6297 = CARTESIAN_POINT('',(0.560546875,0.1595703125));
#6298 = CARTESIAN_POINT('',(0.5390625,0.103125));
#6299 = CARTESIAN_POINT('',(0.495703125,6.1328125E-02));
#6300 = ( GEOMETRIC_REPRESENTATION_CONTEXT(2) 
PARAMETRIC_REPRESENTATION_CONTEXT() REPRESENTATION_CONTEXT('2D SPACE',''
  ) );
#6301 = ADVANCED_FACE('',(#6302),#6316,.T.);
#6302 = FACE_BOUND('',#6303,.T.);
#6303 = EDGE_LOOP('',(#6304,#6341,#6364,#6394));
#6304 = ORIENTED_EDGE('',*,*,#6305,.T.);
#6305 = EDGE_CURVE('',#6306,#6308,#6310,.T.);
#6306 = VERTEX_POINT('',#6307);
#6307 = CARTESIAN_POINT('',(1.11578125,-1.3,8.8388671875));
#6308 = VERTEX_POINT('',#6309);
#6309 = CARTESIAN_POINT('',(1.11578125,-1.312,8.8388671875));
#6310 = SURFACE_CURVE('',#6311,(#6315,#6327),.PCURVE_S1.);
#6311 = LINE('',#6312,#6313);
#6312 = CARTESIAN_POINT('',(1.11578125,-1.3,8.8388671875));
#6313 = VECTOR('',#6314,1.);
#6314 = DIRECTION('',(0.,-1.,0.));
#6315 = PCURVE('',#6316,#6321);
#6316 = PLANE('',#6317);
#6317 = AXIS2_PLACEMENT_3D('',#6318,#6319,#6320);
#6318 = CARTESIAN_POINT('',(1.11578125,-1.3,8.8388671875));
#6319 = DIRECTION('',(-0.948683298051,0.,0.316227766017));
#6320 = DIRECTION('',(0.316227766017,0.,0.948683298051));
#6321 = DEFINITIONAL_REPRESENTATION('',(#6322),#6326);
#6322 = LINE('',#6323,#6324);
#6323 = CARTESIAN_POINT('',(0.,0.));
#6324 = VECTOR('',#6325,1.);
#6325 = DIRECTION('',(0.,-1.));
#6326 = ( GEOMETRIC_REPRESENTATION_CONTEXT(2) 
PARAMETRIC_REPRESENTATION_CONTEXT() REPRESENTATION_CONTEXT('2D SPACE',''
  ) );
#6327 = PCURVE('',#6328,#6335);
#6328 = SURFACE_OF_LINEAR_EXTRUSION('',#6329,#6333);
#6329 = B_SPLINE_CURVE_WITH_KNOTS('',2,(#6330,#6331,#6332),
  .UNSPECIFIED.,.F.,.F.,(3,3),(0.,1.),.PIECEWISE_BEZIER_KNOTS.);
#6330 = CARTESIAN_POINT('',(1.19078125,-1.3,8.8060546875));
#6331 = CARTESIAN_POINT('',(1.155234375,-1.3,8.8291015625));
#6332 = CARTESIAN_POINT('',(1.11578125,-1.3,8.8388671875));
#6333 = VECTOR('',#6334,1.);
#6334 = DIRECTION('',(-0.,1.,-0.));
#6335 = DEFINITIONAL_REPRESENTATION('',(#6336),#6340);
#6336 = LINE('',#6337,#6338);
#6337 = CARTESIAN_POINT('',(1.,0.));
#6338 = VECTOR('',#6339,1.);
#6339 = DIRECTION('',(0.,-1.));
#6340 = ( GEOMETRIC_REPRESENTATION_CONTEXT(2) 
PARAMETRIC_REPRESENTATION_CONTEXT() REPRESENTATION_CONTEXT('2D SPACE',''
  ) );
#6341 = ORIENTED_EDGE('',*,*,#6342,.T.);
#6342 = EDGE_CURVE('',#6308,#6343,#6345,.T.);
#6343 = VERTEX_POINT('',#6344);
#6344 = CARTESIAN_POINT('',(1.134140625,-1.312,8.8939453125));
#6345 = SURFACE_CURVE('',#6346,(#6350,#6357),.PCURVE_S1.);
#6346 = LINE('',#6347,#6348);
#6347 = CARTESIAN_POINT('',(1.11578125,-1.312,8.8388671875));
#6348 = VECTOR('',#6349,1.);
#6349 = DIRECTION('',(0.316227766017,0.,0.948683298051));
#6350 = PCURVE('',#6316,#6351);
#6351 = DEFINITIONAL_REPRESENTATION('',(#6352),#6356);
#6352 = LINE('',#6353,#6354);
#6353 = CARTESIAN_POINT('',(0.,-1.2E-02));
#6354 = VECTOR('',#6355,1.);
#6355 = DIRECTION('',(1.,0.));
#6356 = ( GEOMETRIC_REPRESENTATION_CONTEXT(2) 
PARAMETRIC_REPRESENTATION_CONTEXT() REPRESENTATION_CONTEXT('2D SPACE',''
  ) );
#6357 = PCURVE('',#5182,#6358);
#6358 = DEFINITIONAL_REPRESENTATION('',(#6359),#6363);
#6359 = LINE('',#6360,#6361);
#6360 = CARTESIAN_POINT('',(0.310546875,0.103125));
#6361 = VECTOR('',#6362,1.);
#6362 = DIRECTION('',(0.316227766017,0.948683298051));
#6363 = ( GEOMETRIC_REPRESENTATION_CONTEXT(2) 
PARAMETRIC_REPRESENTATION_CONTEXT() REPRESENTATION_CONTEXT('2D SPACE',''
  ) );
#6364 = ORIENTED_EDGE('',*,*,#6365,.F.);
#6365 = EDGE_CURVE('',#6366,#6343,#6368,.T.);
#6366 = VERTEX_POINT('',#6367);
#6367 = CARTESIAN_POINT('',(1.134140625,-1.3,8.8939453125));
#6368 = SURFACE_CURVE('',#6369,(#6373,#6380),.PCURVE_S1.);
#6369 = LINE('',#6370,#6371);
#6370 = CARTESIAN_POINT('',(1.134140625,-1.3,8.8939453125));
#6371 = VECTOR('',#6372,1.);
#6372 = DIRECTION('',(0.,-1.,0.));
#6373 = PCURVE('',#6316,#6374);
#6374 = DEFINITIONAL_REPRESENTATION('',(#6375),#6379);
#6375 = LINE('',#6376,#6377);
#6376 = CARTESIAN_POINT('',(5.805744141715E-02,0.));
#6377 = VECTOR('',#6378,1.);
#6378 = DIRECTION('',(0.,-1.));
#6379 = ( GEOMETRIC_REPRESENTATION_CONTEXT(2) 
PARAMETRIC_REPRESENTATION_CONTEXT() REPRESENTATION_CONTEXT('2D SPACE',''
  ) );
#6380 = PCURVE('',#6381,#6388);
#6381 = SURFACE_OF_LINEAR_EXTRUSION('',#6382,#6386);
#6382 = B_SPLINE_CURVE_WITH_KNOTS('',2,(#6383,#6384,#6385),
  .UNSPECIFIED.,.F.,.F.,(3,3),(0.,1.),.PIECEWISE_BEZIER_KNOTS.);
#6383 = CARTESIAN_POINT('',(1.134140625,-1.3,8.8939453125));
#6384 = CARTESIAN_POINT('',(1.199765625,-1.3,8.8755859375));
#6385 = CARTESIAN_POINT('',(1.24234375,-1.3,8.8392578125));
#6386 = VECTOR('',#6387,1.);
#6387 = DIRECTION('',(-0.,1.,-0.));
#6388 = DEFINITIONAL_REPRESENTATION('',(#6389),#6393);
#6389 = LINE('',#6390,#6391);
#6390 = CARTESIAN_POINT('',(0.,0.));
#6391 = VECTOR('',#6392,1.);
#6392 = DIRECTION('',(0.,-1.));
#6393 = ( GEOMETRIC_REPRESENTATION_CONTEXT(2) 
PARAMETRIC_REPRESENTATION_CONTEXT() REPRESENTATION_CONTEXT('2D SPACE',''
  ) );
#6394 = ORIENTED_EDGE('',*,*,#6395,.F.);
#6395 = EDGE_CURVE('',#6306,#6366,#6396,.T.);
#6396 = SURFACE_CURVE('',#6397,(#6401,#6408),.PCURVE_S1.);
#6397 = LINE('',#6398,#6399);
#6398 = CARTESIAN_POINT('',(1.11578125,-1.3,8.8388671875));
#6399 = VECTOR('',#6400,1.);
#6400 = DIRECTION('',(0.316227766017,0.,0.948683298051));
#6401 = PCURVE('',#6316,#6402);
#6402 = DEFINITIONAL_REPRESENTATION('',(#6403),#6407);
#6403 = LINE('',#6404,#6405);
#6404 = CARTESIAN_POINT('',(0.,0.));
#6405 = VECTOR('',#6406,1.);
#6406 = DIRECTION('',(1.,0.));
#6407 = ( GEOMETRIC_REPRESENTATION_CONTEXT(2) 
PARAMETRIC_REPRESENTATION_CONTEXT() REPRESENTATION_CONTEXT('2D SPACE',''
  ) );
#6408 = PCURVE('',#5236,#6409);
#6409 = DEFINITIONAL_REPRESENTATION('',(#6410),#6414);
#6410 = LINE('',#6411,#6412);
#6411 = CARTESIAN_POINT('',(0.310546875,0.103125));
#6412 = VECTOR('',#6413,1.);
#6413 = DIRECTION('',(0.316227766017,0.948683298051));
#6414 = ( GEOMETRIC_REPRESENTATION_CONTEXT(2) 
PARAMETRIC_REPRESENTATION_CONTEXT() REPRESENTATION_CONTEXT('2D SPACE',''
  ) );
#6415 = ADVANCED_FACE('',(#6416),#6381,.T.);
#6416 = FACE_BOUND('',#6417,.T.);
#6417 = EDGE_LOOP('',(#6418,#6419,#6442,#6472));
#6418 = ORIENTED_EDGE('',*,*,#6365,.T.);
#6419 = ORIENTED_EDGE('',*,*,#6420,.T.);
#6420 = EDGE_CURVE('',#6343,#6421,#6423,.T.);
#6421 = VERTEX_POINT('',#6422);
#6422 = CARTESIAN_POINT('',(1.24234375,-1.312,8.8392578125));
#6423 = SURFACE_CURVE('',#6424,(#6428,#6435),.PCURVE_S1.);
#6424 = B_SPLINE_CURVE_WITH_KNOTS('',2,(#6425,#6426,#6427),
  .UNSPECIFIED.,.F.,.F.,(3,3),(0.,1.),.PIECEWISE_BEZIER_KNOTS.);
#6425 = CARTESIAN_POINT('',(1.134140625,-1.312,8.8939453125));
#6426 = CARTESIAN_POINT('',(1.199765625,-1.312,8.8755859375));
#6427 = CARTESIAN_POINT('',(1.24234375,-1.312,8.8392578125));
#6428 = PCURVE('',#6381,#6429);
#6429 = DEFINITIONAL_REPRESENTATION('',(#6430),#6434);
#6430 = LINE('',#6431,#6432);
#6431 = CARTESIAN_POINT('',(0.,-1.2E-02));
#6432 = VECTOR('',#6433,1.);
#6433 = DIRECTION('',(1.,0.));
#6434 = ( GEOMETRIC_REPRESENTATION_CONTEXT(2) 
PARAMETRIC_REPRESENTATION_CONTEXT() REPRESENTATION_CONTEXT('2D SPACE',''
  ) );
#6435 = PCURVE('',#5182,#6436);
#6436 = DEFINITIONAL_REPRESENTATION('',(#6437),#6441);
#6437 = B_SPLINE_CURVE_WITH_KNOTS('',2,(#6438,#6439,#6440),
  .UNSPECIFIED.,.F.,.F.,(3,3),(0.,1.),.PIECEWISE_BEZIER_KNOTS.);
#6438 = CARTESIAN_POINT('',(0.32890625,0.158203125));
#6439 = CARTESIAN_POINT('',(0.39453125,0.13984375));
#6440 = CARTESIAN_POINT('',(0.437109375,0.103515625));
#6441 = ( GEOMETRIC_REPRESENTATION_CONTEXT(2) 
PARAMETRIC_REPRESENTATION_CONTEXT() REPRESENTATION_CONTEXT('2D SPACE',''
  ) );
#6442 = ORIENTED_EDGE('',*,*,#6443,.F.);
#6443 = EDGE_CURVE('',#6444,#6421,#6446,.T.);
#6444 = VERTEX_POINT('',#6445);
#6445 = CARTESIAN_POINT('',(1.24234375,-1.3,8.8392578125));
#6446 = SURFACE_CURVE('',#6447,(#6451,#6458),.PCURVE_S1.);
#6447 = LINE('',#6448,#6449);
#6448 = CARTESIAN_POINT('',(1.24234375,-1.3,8.8392578125));
#6449 = VECTOR('',#6450,1.);
#6450 = DIRECTION('',(0.,-1.,0.));
#6451 = PCURVE('',#6381,#6452);
#6452 = DEFINITIONAL_REPRESENTATION('',(#6453),#6457);
#6453 = LINE('',#6454,#6455);
#6454 = CARTESIAN_POINT('',(1.,0.));
#6455 = VECTOR('',#6456,1.);
#6456 = DIRECTION('',(0.,-1.));
#6457 = ( GEOMETRIC_REPRESENTATION_CONTEXT(2) 
PARAMETRIC_REPRESENTATION_CONTEXT() REPRESENTATION_CONTEXT('2D SPACE',''
  ) );
#6458 = PCURVE('',#6459,#6466);
#6459 = SURFACE_OF_LINEAR_EXTRUSION('',#6460,#6464);
#6460 = B_SPLINE_CURVE_WITH_KNOTS('',2,(#6461,#6462,#6463),
  .UNSPECIFIED.,.F.,.F.,(3,3),(0.,1.),.PIECEWISE_BEZIER_KNOTS.);
#6461 = CARTESIAN_POINT('',(1.24234375,-1.3,8.8392578125));
#6462 = CARTESIAN_POINT('',(1.309140625,-1.3,8.9001953125));
#6463 = CARTESIAN_POINT('',(1.309140625,-1.3,9.0224609375));
#6464 = VECTOR('',#6465,1.);
#6465 = DIRECTION('',(-0.,1.,-0.));
#6466 = DEFINITIONAL_REPRESENTATION('',(#6467),#6471);
#6467 = LINE('',#6468,#6469);
#6468 = CARTESIAN_POINT('',(0.,0.));
#6469 = VECTOR('',#6470,1.);
#6470 = DIRECTION('',(0.,-1.));
#6471 = ( GEOMETRIC_REPRESENTATION_CONTEXT(2) 
PARAMETRIC_REPRESENTATION_CONTEXT() REPRESENTATION_CONTEXT('2D SPACE',''
  ) );
#6472 = ORIENTED_EDGE('',*,*,#6473,.F.);
#6473 = EDGE_CURVE('',#6366,#6444,#6474,.T.);
#6474 = SURFACE_CURVE('',#6475,(#6479,#6486),.PCURVE_S1.);
#6475 = B_SPLINE_CURVE_WITH_KNOTS('',2,(#6476,#6477,#6478),
  .UNSPECIFIED.,.F.,.F.,(3,3),(0.,1.),.PIECEWISE_BEZIER_KNOTS.);
#6476 = CARTESIAN_POINT('',(1.134140625,-1.3,8.8939453125));
#6477 = CARTESIAN_POINT('',(1.199765625,-1.3,8.8755859375));
#6478 = CARTESIAN_POINT('',(1.24234375,-1.3,8.8392578125));
#6479 = PCURVE('',#6381,#6480);
#6480 = DEFINITIONAL_REPRESENTATION('',(#6481),#6485);
#6481 = LINE('',#6482,#6483);
#6482 = CARTESIAN_POINT('',(0.,0.));
#6483 = VECTOR('',#6484,1.);
#6484 = DIRECTION('',(1.,0.));
#6485 = ( GEOMETRIC_REPRESENTATION_CONTEXT(2) 
PARAMETRIC_REPRESENTATION_CONTEXT() REPRESENTATION_CONTEXT('2D SPACE',''
  ) );
#6486 = PCURVE('',#5236,#6487);
#6487 = DEFINITIONAL_REPRESENTATION('',(#6488),#6492);
#6488 = B_SPLINE_CURVE_WITH_KNOTS('',2,(#6489,#6490,#6491),
  .UNSPECIFIED.,.F.,.F.,(3,3),(0.,1.),.PIECEWISE_BEZIER_KNOTS.);
#6489 = CARTESIAN_POINT('',(0.32890625,0.158203125));
#6490 = CARTESIAN_POINT('',(0.39453125,0.13984375));
#6491 = CARTESIAN_POINT('',(0.437109375,0.103515625));
#6492 = ( GEOMETRIC_REPRESENTATION_CONTEXT(2) 
PARAMETRIC_REPRESENTATION_CONTEXT() REPRESENTATION_CONTEXT('2D SPACE',''
  ) );
#6493 = ADVANCED_FACE('',(#6494),#6459,.T.);
#6494 = FACE_BOUND('',#6495,.T.);
#6495 = EDGE_LOOP('',(#6496,#6497,#6520,#6550));
#6496 = ORIENTED_EDGE('',*,*,#6443,.T.);
#6497 = ORIENTED_EDGE('',*,*,#6498,.T.);
#6498 = EDGE_CURVE('',#6421,#6499,#6501,.T.);
#6499 = VERTEX_POINT('',#6500);
#6500 = CARTESIAN_POINT('',(1.309140625,-1.312,9.0224609375));
#6501 = SURFACE_CURVE('',#6502,(#6506,#6513),.PCURVE_S1.);
#6502 = B_SPLINE_CURVE_WITH_KNOTS('',2,(#6503,#6504,#6505),
  .UNSPECIFIED.,.F.,.F.,(3,3),(0.,1.),.PIECEWISE_BEZIER_KNOTS.);
#6503 = CARTESIAN_POINT('',(1.24234375,-1.312,8.8392578125));
#6504 = CARTESIAN_POINT('',(1.309140625,-1.312,8.9001953125));
#6505 = CARTESIAN_POINT('',(1.309140625,-1.312,9.0224609375));
#6506 = PCURVE('',#6459,#6507);
#6507 = DEFINITIONAL_REPRESENTATION('',(#6508),#6512);
#6508 = LINE('',#6509,#6510);
#6509 = CARTESIAN_POINT('',(0.,-1.2E-02));
#6510 = VECTOR('',#6511,1.);
#6511 = DIRECTION('',(1.,0.));
#6512 = ( GEOMETRIC_REPRESENTATION_CONTEXT(2) 
PARAMETRIC_REPRESENTATION_CONTEXT() REPRESENTATION_CONTEXT('2D SPACE',''
  ) );
#6513 = PCURVE('',#5182,#6514);
#6514 = DEFINITIONAL_REPRESENTATION('',(#6515),#6519);
#6515 = B_SPLINE_CURVE_WITH_KNOTS('',2,(#6516,#6517,#6518),
  .UNSPECIFIED.,.F.,.F.,(3,3),(0.,1.),.PIECEWISE_BEZIER_KNOTS.);
#6516 = CARTESIAN_POINT('',(0.437109375,0.103515625));
#6517 = CARTESIAN_POINT('',(0.50390625,0.164453125));
#6518 = CARTESIAN_POINT('',(0.50390625,0.28671875));
#6519 = ( GEOMETRIC_REPRESENTATION_CONTEXT(2) 
PARAMETRIC_REPRESENTATION_CONTEXT() REPRESENTATION_CONTEXT('2D SPACE',''
  ) );
#6520 = ORIENTED_EDGE('',*,*,#6521,.F.);
#6521 = EDGE_CURVE('',#6522,#6499,#6524,.T.);
#6522 = VERTEX_POINT('',#6523);
#6523 = CARTESIAN_POINT('',(1.309140625,-1.3,9.0224609375));
#6524 = SURFACE_CURVE('',#6525,(#6529,#6536),.PCURVE_S1.);
#6525 = LINE('',#6526,#6527);
#6526 = CARTESIAN_POINT('',(1.309140625,-1.3,9.0224609375));
#6527 = VECTOR('',#6528,1.);
#6528 = DIRECTION('',(0.,-1.,0.));
#6529 = PCURVE('',#6459,#6530);
#6530 = DEFINITIONAL_REPRESENTATION('',(#6531),#6535);
#6531 = LINE('',#6532,#6533);
#6532 = CARTESIAN_POINT('',(1.,0.));
#6533 = VECTOR('',#6534,1.);
#6534 = DIRECTION('',(0.,-1.));
#6535 = ( GEOMETRIC_REPRESENTATION_CONTEXT(2) 
PARAMETRIC_REPRESENTATION_CONTEXT() REPRESENTATION_CONTEXT('2D SPACE',''
  ) );
#6536 = PCURVE('',#6537,#6544);
#6537 = SURFACE_OF_LINEAR_EXTRUSION('',#6538,#6542);
#6538 = B_SPLINE_CURVE_WITH_KNOTS('',2,(#6539,#6540,#6541),
  .UNSPECIFIED.,.F.,.F.,(3,3),(0.,1.),.PIECEWISE_BEZIER_KNOTS.);
#6539 = CARTESIAN_POINT('',(1.309140625,-1.3,9.0224609375));
#6540 = CARTESIAN_POINT('',(1.309140625,-1.3,9.0919921875));
#6541 = CARTESIAN_POINT('',(1.2855078125,-1.3,9.1439453125));
#6542 = VECTOR('',#6543,1.);
#6543 = DIRECTION('',(-0.,1.,-0.));
#6544 = DEFINITIONAL_REPRESENTATION('',(#6545),#6549);
#6545 = LINE('',#6546,#6547);
#6546 = CARTESIAN_POINT('',(0.,0.));
#6547 = VECTOR('',#6548,1.);
#6548 = DIRECTION('',(0.,-1.));
#6549 = ( GEOMETRIC_REPRESENTATION_CONTEXT(2) 
PARAMETRIC_REPRESENTATION_CONTEXT() REPRESENTATION_CONTEXT('2D SPACE',''
  ) );
#6550 = ORIENTED_EDGE('',*,*,#6551,.F.);
#6551 = EDGE_CURVE('',#6444,#6522,#6552,.T.);
#6552 = SURFACE_CURVE('',#6553,(#6557,#6564),.PCURVE_S1.);
#6553 = B_SPLINE_CURVE_WITH_KNOTS('',2,(#6554,#6555,#6556),
  .UNSPECIFIED.,.F.,.F.,(3,3),(0.,1.),.PIECEWISE_BEZIER_KNOTS.);
#6554 = CARTESIAN_POINT('',(1.24234375,-1.3,8.8392578125));
#6555 = CARTESIAN_POINT('',(1.309140625,-1.3,8.9001953125));
#6556 = CARTESIAN_POINT('',(1.309140625,-1.3,9.0224609375));
#6557 = PCURVE('',#6459,#6558);
#6558 = DEFINITIONAL_REPRESENTATION('',(#6559),#6563);
#6559 = LINE('',#6560,#6561);
#6560 = CARTESIAN_POINT('',(0.,0.));
#6561 = VECTOR('',#6562,1.);
#6562 = DIRECTION('',(1.,0.));
#6563 = ( GEOMETRIC_REPRESENTATION_CONTEXT(2) 
PARAMETRIC_REPRESENTATION_CONTEXT() REPRESENTATION_CONTEXT('2D SPACE',''
  ) );
#6564 = PCURVE('',#5236,#6565);
#6565 = DEFINITIONAL_REPRESENTATION('',(#6566),#6570);
#6566 = B_SPLINE_CURVE_WITH_KNOTS('',2,(#6567,#6568,#6569),
  .UNSPECIFIED.,.F.,.F.,(3,3),(0.,1.),.PIECEWISE_BEZIER_KNOTS.);
#6567 = CARTESIAN_POINT('',(0.437109375,0.103515625));
#6568 = CARTESIAN_POINT('',(0.50390625,0.164453125));
#6569 = CARTESIAN_POINT('',(0.50390625,0.28671875));
#6570 = ( GEOMETRIC_REPRESENTATION_CONTEXT(2) 
PARAMETRIC_REPRESENTATION_CONTEXT() REPRESENTATION_CONTEXT('2D SPACE',''
  ) );
#6571 = ADVANCED_FACE('',(#6572),#6537,.T.);
#6572 = FACE_BOUND('',#6573,.T.);
#6573 = EDGE_LOOP('',(#6574,#6575,#6598,#6628));
#6574 = ORIENTED_EDGE('',*,*,#6521,.T.);
#6575 = ORIENTED_EDGE('',*,*,#6576,.T.);
#6576 = EDGE_CURVE('',#6499,#6577,#6579,.T.);
#6577 = VERTEX_POINT('',#6578);
#6578 = CARTESIAN_POINT('',(1.2855078125,-1.312,9.1439453125));
#6579 = SURFACE_CURVE('',#6580,(#6584,#6591),.PCURVE_S1.);
#6580 = B_SPLINE_CURVE_WITH_KNOTS('',2,(#6581,#6582,#6583),
  .UNSPECIFIED.,.F.,.F.,(3,3),(0.,1.),.PIECEWISE_BEZIER_KNOTS.);
#6581 = CARTESIAN_POINT('',(1.309140625,-1.312,9.0224609375));
#6582 = CARTESIAN_POINT('',(1.309140625,-1.312,9.0919921875));
#6583 = CARTESIAN_POINT('',(1.2855078125,-1.312,9.1439453125));
#6584 = PCURVE('',#6537,#6585);
#6585 = DEFINITIONAL_REPRESENTATION('',(#6586),#6590);
#6586 = LINE('',#6587,#6588);
#6587 = CARTESIAN_POINT('',(0.,-1.2E-02));
#6588 = VECTOR('',#6589,1.);
#6589 = DIRECTION('',(1.,0.));
#6590 = ( GEOMETRIC_REPRESENTATION_CONTEXT(2) 
PARAMETRIC_REPRESENTATION_CONTEXT() REPRESENTATION_CONTEXT('2D SPACE',''
  ) );
#6591 = PCURVE('',#5182,#6592);
#6592 = DEFINITIONAL_REPRESENTATION('',(#6593),#6597);
#6593 = B_SPLINE_CURVE_WITH_KNOTS('',2,(#6594,#6595,#6596),
  .UNSPECIFIED.,.F.,.F.,(3,3),(0.,1.),.PIECEWISE_BEZIER_KNOTS.);
#6594 = CARTESIAN_POINT('',(0.50390625,0.28671875));
#6595 = CARTESIAN_POINT('',(0.50390625,0.35625));
#6596 = CARTESIAN_POINT('',(0.4802734375,0.408203125));
#6597 = ( GEOMETRIC_REPRESENTATION_CONTEXT(2) 
PARAMETRIC_REPRESENTATION_CONTEXT() REPRESENTATION_CONTEXT('2D SPACE',''
  ) );
#6598 = ORIENTED_EDGE('',*,*,#6599,.F.);
#6599 = EDGE_CURVE('',#6600,#6577,#6602,.T.);
#6600 = VERTEX_POINT('',#6601);
#6601 = CARTESIAN_POINT('',(1.2855078125,-1.3,9.1439453125));
#6602 = SURFACE_CURVE('',#6603,(#6607,#6614),.PCURVE_S1.);
#6603 = LINE('',#6604,#6605);
#6604 = CARTESIAN_POINT('',(1.2855078125,-1.3,9.1439453125));
#6605 = VECTOR('',#6606,1.);
#6606 = DIRECTION('',(0.,-1.,0.));
#6607 = PCURVE('',#6537,#6608);
#6608 = DEFINITIONAL_REPRESENTATION('',(#6609),#6613);
#6609 = LINE('',#6610,#6611);
#6610 = CARTESIAN_POINT('',(1.,0.));
#6611 = VECTOR('',#6612,1.);
#6612 = DIRECTION('',(0.,-1.));
#6613 = ( GEOMETRIC_REPRESENTATION_CONTEXT(2) 
PARAMETRIC_REPRESENTATION_CONTEXT() REPRESENTATION_CONTEXT('2D SPACE',''
  ) );
#6614 = PCURVE('',#6615,#6622);
#6615 = SURFACE_OF_LINEAR_EXTRUSION('',#6616,#6620);
#6616 = B_SPLINE_CURVE_WITH_KNOTS('',2,(#6617,#6618,#6619),
  .UNSPECIFIED.,.F.,.F.,(3,3),(0.,1.),.PIECEWISE_BEZIER_KNOTS.);
#6617 = CARTESIAN_POINT('',(1.2855078125,-1.3,9.1439453125));
#6618 = CARTESIAN_POINT('',(1.261875,-1.3,9.1958984375));
#6619 = CARTESIAN_POINT('',(1.2163671875,-1.3,9.224609375));
#6620 = VECTOR('',#6621,1.);
#6621 = DIRECTION('',(-0.,1.,-0.));
#6622 = DEFINITIONAL_REPRESENTATION('',(#6623),#6627);
#6623 = LINE('',#6624,#6625);
#6624 = CARTESIAN_POINT('',(0.,0.));
#6625 = VECTOR('',#6626,1.);
#6626 = DIRECTION('',(0.,-1.));
#6627 = ( GEOMETRIC_REPRESENTATION_CONTEXT(2) 
PARAMETRIC_REPRESENTATION_CONTEXT() REPRESENTATION_CONTEXT('2D SPACE',''
  ) );
#6628 = ORIENTED_EDGE('',*,*,#6629,.F.);
#6629 = EDGE_CURVE('',#6522,#6600,#6630,.T.);
#6630 = SURFACE_CURVE('',#6631,(#6635,#6642),.PCURVE_S1.);
#6631 = B_SPLINE_CURVE_WITH_KNOTS('',2,(#6632,#6633,#6634),
  .UNSPECIFIED.,.F.,.F.,(3,3),(0.,1.),.PIECEWISE_BEZIER_KNOTS.);
#6632 = CARTESIAN_POINT('',(1.309140625,-1.3,9.0224609375));
#6633 = CARTESIAN_POINT('',(1.309140625,-1.3,9.0919921875));
#6634 = CARTESIAN_POINT('',(1.2855078125,-1.3,9.1439453125));
#6635 = PCURVE('',#6537,#6636);
#6636 = DEFINITIONAL_REPRESENTATION('',(#6637),#6641);
#6637 = LINE('',#6638,#6639);
#6638 = CARTESIAN_POINT('',(0.,0.));
#6639 = VECTOR('',#6640,1.);
#6640 = DIRECTION('',(1.,0.));
#6641 = ( GEOMETRIC_REPRESENTATION_CONTEXT(2) 
PARAMETRIC_REPRESENTATION_CONTEXT() REPRESENTATION_CONTEXT('2D SPACE',''
  ) );
#6642 = PCURVE('',#5236,#6643);
#6643 = DEFINITIONAL_REPRESENTATION('',(#6644),#6648);
#6644 = B_SPLINE_CURVE_WITH_KNOTS('',2,(#6645,#6646,#6647),
  .UNSPECIFIED.,.F.,.F.,(3,3),(0.,1.),.PIECEWISE_BEZIER_KNOTS.);
#6645 = CARTESIAN_POINT('',(0.50390625,0.28671875));
#6646 = CARTESIAN_POINT('',(0.50390625,0.35625));
#6647 = CARTESIAN_POINT('',(0.4802734375,0.408203125));
#6648 = ( GEOMETRIC_REPRESENTATION_CONTEXT(2) 
PARAMETRIC_REPRESENTATION_CONTEXT() REPRESENTATION_CONTEXT('2D SPACE',''
  ) );
#6649 = ADVANCED_FACE('',(#6650),#6615,.T.);
#6650 = FACE_BOUND('',#6651,.T.);
#6651 = EDGE_LOOP('',(#6652,#6653,#6676,#6706));
#6652 = ORIENTED_EDGE('',*,*,#6599,.T.);
#6653 = ORIENTED_EDGE('',*,*,#6654,.T.);
#6654 = EDGE_CURVE('',#6577,#6655,#6657,.T.);
#6655 = VERTEX_POINT('',#6656);
#6656 = CARTESIAN_POINT('',(1.2163671875,-1.312,9.224609375));
#6657 = SURFACE_CURVE('',#6658,(#6662,#6669),.PCURVE_S1.);
#6658 = B_SPLINE_CURVE_WITH_KNOTS('',2,(#6659,#6660,#6661),
  .UNSPECIFIED.,.F.,.F.,(3,3),(0.,1.),.PIECEWISE_BEZIER_KNOTS.);
#6659 = CARTESIAN_POINT('',(1.2855078125,-1.312,9.1439453125));
#6660 = CARTESIAN_POINT('',(1.261875,-1.312,9.1958984375));
#6661 = CARTESIAN_POINT('',(1.2163671875,-1.312,9.224609375));
#6662 = PCURVE('',#6615,#6663);
#6663 = DEFINITIONAL_REPRESENTATION('',(#6664),#6668);
#6664 = LINE('',#6665,#6666);
#6665 = CARTESIAN_POINT('',(0.,-1.2E-02));
#6666 = VECTOR('',#6667,1.);
#6667 = DIRECTION('',(1.,0.));
#6668 = ( GEOMETRIC_REPRESENTATION_CONTEXT(2) 
PARAMETRIC_REPRESENTATION_CONTEXT() REPRESENTATION_CONTEXT('2D SPACE',''
  ) );
#6669 = PCURVE('',#5182,#6670);
#6670 = DEFINITIONAL_REPRESENTATION('',(#6671),#6675);
#6671 = B_SPLINE_CURVE_WITH_KNOTS('',2,(#6672,#6673,#6674),
  .UNSPECIFIED.,.F.,.F.,(3,3),(0.,1.),.PIECEWISE_BEZIER_KNOTS.);
#6672 = CARTESIAN_POINT('',(0.4802734375,0.408203125));
#6673 = CARTESIAN_POINT('',(0.456640625,0.46015625));
#6674 = CARTESIAN_POINT('',(0.4111328125,0.4888671875));
#6675 = ( GEOMETRIC_REPRESENTATION_CONTEXT(2) 
PARAMETRIC_REPRESENTATION_CONTEXT() REPRESENTATION_CONTEXT('2D SPACE',''
  ) );
#6676 = ORIENTED_EDGE('',*,*,#6677,.F.);
#6677 = EDGE_CURVE('',#6678,#6655,#6680,.T.);
#6678 = VERTEX_POINT('',#6679);
#6679 = CARTESIAN_POINT('',(1.2163671875,-1.3,9.224609375));
#6680 = SURFACE_CURVE('',#6681,(#6685,#6692),.PCURVE_S1.);
#6681 = LINE('',#6682,#6683);
#6682 = CARTESIAN_POINT('',(1.2163671875,-1.3,9.224609375));
#6683 = VECTOR('',#6684,1.);
#6684 = DIRECTION('',(0.,-1.,0.));
#6685 = PCURVE('',#6615,#6686);
#6686 = DEFINITIONAL_REPRESENTATION('',(#6687),#6691);
#6687 = LINE('',#6688,#6689);
#6688 = CARTESIAN_POINT('',(1.,0.));
#6689 = VECTOR('',#6690,1.);
#6690 = DIRECTION('',(0.,-1.));
#6691 = ( GEOMETRIC_REPRESENTATION_CONTEXT(2) 
PARAMETRIC_REPRESENTATION_CONTEXT() REPRESENTATION_CONTEXT('2D SPACE',''
  ) );
#6692 = PCURVE('',#6693,#6700);
#6693 = SURFACE_OF_LINEAR_EXTRUSION('',#6694,#6698);
#6694 = B_SPLINE_CURVE_WITH_KNOTS('',2,(#6695,#6696,#6697),
  .UNSPECIFIED.,.F.,.F.,(3,3),(0.,1.),.PIECEWISE_BEZIER_KNOTS.);
#6695 = CARTESIAN_POINT('',(1.2163671875,-1.3,9.224609375));
#6696 = CARTESIAN_POINT('',(1.170859375,-1.3,9.2533203125));
#6697 = CARTESIAN_POINT('',(1.11421875,-1.3,9.2533203125));
#6698 = VECTOR('',#6699,1.);
#6699 = DIRECTION('',(-0.,1.,-0.));
#6700 = DEFINITIONAL_REPRESENTATION('',(#6701),#6705);
#6701 = LINE('',#6702,#6703);
#6702 = CARTESIAN_POINT('',(0.,0.));
#6703 = VECTOR('',#6704,1.);
#6704 = DIRECTION('',(0.,-1.));
#6705 = ( GEOMETRIC_REPRESENTATION_CONTEXT(2) 
PARAMETRIC_REPRESENTATION_CONTEXT() REPRESENTATION_CONTEXT('2D SPACE',''
  ) );
#6706 = ORIENTED_EDGE('',*,*,#6707,.F.);
#6707 = EDGE_CURVE('',#6600,#6678,#6708,.T.);
#6708 = SURFACE_CURVE('',#6709,(#6713,#6720),.PCURVE_S1.);
#6709 = B_SPLINE_CURVE_WITH_KNOTS('',2,(#6710,#6711,#6712),
  .UNSPECIFIED.,.F.,.F.,(3,3),(0.,1.),.PIECEWISE_BEZIER_KNOTS.);
#6710 = CARTESIAN_POINT('',(1.2855078125,-1.3,9.1439453125));
#6711 = CARTESIAN_POINT('',(1.261875,-1.3,9.1958984375));
#6712 = CARTESIAN_POINT('',(1.2163671875,-1.3,9.224609375));
#6713 = PCURVE('',#6615,#6714);
#6714 = DEFINITIONAL_REPRESENTATION('',(#6715),#6719);
#6715 = LINE('',#6716,#6717);
#6716 = CARTESIAN_POINT('',(0.,0.));
#6717 = VECTOR('',#6718,1.);
#6718 = DIRECTION('',(1.,0.));
#6719 = ( GEOMETRIC_REPRESENTATION_CONTEXT(2) 
PARAMETRIC_REPRESENTATION_CONTEXT() REPRESENTATION_CONTEXT('2D SPACE',''
  ) );
#6720 = PCURVE('',#5236,#6721);
#6721 = DEFINITIONAL_REPRESENTATION('',(#6722),#6726);
#6722 = B_SPLINE_CURVE_WITH_KNOTS('',2,(#6723,#6724,#6725),
  .UNSPECIFIED.,.F.,.F.,(3,3),(0.,1.),.PIECEWISE_BEZIER_KNOTS.);
#6723 = CARTESIAN_POINT('',(0.4802734375,0.408203125));
#6724 = CARTESIAN_POINT('',(0.456640625,0.46015625));
#6725 = CARTESIAN_POINT('',(0.4111328125,0.4888671875));
#6726 = ( GEOMETRIC_REPRESENTATION_CONTEXT(2) 
PARAMETRIC_REPRESENTATION_CONTEXT() REPRESENTATION_CONTEXT('2D SPACE',''
  ) );
#6727 = ADVANCED_FACE('',(#6728),#6693,.T.);
#6728 = FACE_BOUND('',#6729,.T.);
#6729 = EDGE_LOOP('',(#6730,#6731,#6754,#6784));
#6730 = ORIENTED_EDGE('',*,*,#6677,.T.);
#6731 = ORIENTED_EDGE('',*,*,#6732,.T.);
#6732 = EDGE_CURVE('',#6655,#6733,#6735,.T.);
#6733 = VERTEX_POINT('',#6734);
#6734 = CARTESIAN_POINT('',(1.11421875,-1.312,9.2533203125));
#6735 = SURFACE_CURVE('',#6736,(#6740,#6747),.PCURVE_S1.);
#6736 = B_SPLINE_CURVE_WITH_KNOTS('',2,(#6737,#6738,#6739),
  .UNSPECIFIED.,.F.,.F.,(3,3),(0.,1.),.PIECEWISE_BEZIER_KNOTS.);
#6737 = CARTESIAN_POINT('',(1.2163671875,-1.312,9.224609375));
#6738 = CARTESIAN_POINT('',(1.170859375,-1.312,9.2533203125));
#6739 = CARTESIAN_POINT('',(1.11421875,-1.312,9.2533203125));
#6740 = PCURVE('',#6693,#6741);
#6741 = DEFINITIONAL_REPRESENTATION('',(#6742),#6746);
#6742 = LINE('',#6743,#6744);
#6743 = CARTESIAN_POINT('',(0.,-1.2E-02));
#6744 = VECTOR('',#6745,1.);
#6745 = DIRECTION('',(1.,0.));
#6746 = ( GEOMETRIC_REPRESENTATION_CONTEXT(2) 
PARAMETRIC_REPRESENTATION_CONTEXT() REPRESENTATION_CONTEXT('2D SPACE',''
  ) );
#6747 = PCURVE('',#5182,#6748);
#6748 = DEFINITIONAL_REPRESENTATION('',(#6749),#6753);
#6749 = B_SPLINE_CURVE_WITH_KNOTS('',2,(#6750,#6751,#6752),
  .UNSPECIFIED.,.F.,.F.,(3,3),(0.,1.),.PIECEWISE_BEZIER_KNOTS.);
#6750 = CARTESIAN_POINT('',(0.4111328125,0.4888671875));
#6751 = CARTESIAN_POINT('',(0.365625,0.517578125));
#6752 = CARTESIAN_POINT('',(0.308984375,0.517578125));
#6753 = ( GEOMETRIC_REPRESENTATION_CONTEXT(2) 
PARAMETRIC_REPRESENTATION_CONTEXT() REPRESENTATION_CONTEXT('2D SPACE',''
  ) );
#6754 = ORIENTED_EDGE('',*,*,#6755,.F.);
#6755 = EDGE_CURVE('',#6756,#6733,#6758,.T.);
#6756 = VERTEX_POINT('',#6757);
#6757 = CARTESIAN_POINT('',(1.11421875,-1.3,9.2533203125));
#6758 = SURFACE_CURVE('',#6759,(#6763,#6770),.PCURVE_S1.);
#6759 = LINE('',#6760,#6761);
#6760 = CARTESIAN_POINT('',(1.11421875,-1.3,9.2533203125));
#6761 = VECTOR('',#6762,1.);
#6762 = DIRECTION('',(0.,-1.,0.));
#6763 = PCURVE('',#6693,#6764);
#6764 = DEFINITIONAL_REPRESENTATION('',(#6765),#6769);
#6765 = LINE('',#6766,#6767);
#6766 = CARTESIAN_POINT('',(1.,0.));
#6767 = VECTOR('',#6768,1.);
#6768 = DIRECTION('',(0.,-1.));
#6769 = ( GEOMETRIC_REPRESENTATION_CONTEXT(2) 
PARAMETRIC_REPRESENTATION_CONTEXT() REPRESENTATION_CONTEXT('2D SPACE',''
  ) );
#6770 = PCURVE('',#6771,#6778);
#6771 = SURFACE_OF_LINEAR_EXTRUSION('',#6772,#6776);
#6772 = B_SPLINE_CURVE_WITH_KNOTS('',2,(#6773,#6774,#6775),
  .UNSPECIFIED.,.F.,.F.,(3,3),(0.,1.),.PIECEWISE_BEZIER_KNOTS.);
#6773 = CARTESIAN_POINT('',(1.11421875,-1.3,9.2533203125));
#6774 = CARTESIAN_POINT('',(1.029453125,-1.3,9.2533203125));
#6775 = CARTESIAN_POINT('',(0.97359375,-1.3,9.1953125));
#6776 = VECTOR('',#6777,1.);
#6777 = DIRECTION('',(-0.,1.,-0.));
#6778 = DEFINITIONAL_REPRESENTATION('',(#6779),#6783);
#6779 = LINE('',#6780,#6781);
#6780 = CARTESIAN_POINT('',(0.,0.));
#6781 = VECTOR('',#6782,1.);
#6782 = DIRECTION('',(0.,-1.));
#6783 = ( GEOMETRIC_REPRESENTATION_CONTEXT(2) 
PARAMETRIC_REPRESENTATION_CONTEXT() REPRESENTATION_CONTEXT('2D SPACE',''
  ) );
#6784 = ORIENTED_EDGE('',*,*,#6785,.F.);
#6785 = EDGE_CURVE('',#6678,#6756,#6786,.T.);
#6786 = SURFACE_CURVE('',#6787,(#6791,#6798),.PCURVE_S1.);
#6787 = B_SPLINE_CURVE_WITH_KNOTS('',2,(#6788,#6789,#6790),
  .UNSPECIFIED.,.F.,.F.,(3,3),(0.,1.),.PIECEWISE_BEZIER_KNOTS.);
#6788 = CARTESIAN_POINT('',(1.2163671875,-1.3,9.224609375));
#6789 = CARTESIAN_POINT('',(1.170859375,-1.3,9.2533203125));
#6790 = CARTESIAN_POINT('',(1.11421875,-1.3,9.2533203125));
#6791 = PCURVE('',#6693,#6792);
#6792 = DEFINITIONAL_REPRESENTATION('',(#6793),#6797);
#6793 = LINE('',#6794,#6795);
#6794 = CARTESIAN_POINT('',(0.,0.));
#6795 = VECTOR('',#6796,1.);
#6796 = DIRECTION('',(1.,0.));
#6797 = ( GEOMETRIC_REPRESENTATION_CONTEXT(2) 
PARAMETRIC_REPRESENTATION_CONTEXT() REPRESENTATION_CONTEXT('2D SPACE',''
  ) );
#6798 = PCURVE('',#5236,#6799);
#6799 = DEFINITIONAL_REPRESENTATION('',(#6800),#6804);
#6800 = B_SPLINE_CURVE_WITH_KNOTS('',2,(#6801,#6802,#6803),
  .UNSPECIFIED.,.F.,.F.,(3,3),(0.,1.),.PIECEWISE_BEZIER_KNOTS.);
#6801 = CARTESIAN_POINT('',(0.4111328125,0.4888671875));
#6802 = CARTESIAN_POINT('',(0.365625,0.517578125));
#6803 = CARTESIAN_POINT('',(0.308984375,0.517578125));
#6804 = ( GEOMETRIC_REPRESENTATION_CONTEXT(2) 
PARAMETRIC_REPRESENTATION_CONTEXT() REPRESENTATION_CONTEXT('2D SPACE',''
  ) );
#6805 = ADVANCED_FACE('',(#6806),#6771,.T.);
#6806 = FACE_BOUND('',#6807,.T.);
#6807 = EDGE_LOOP('',(#6808,#6809,#6832,#6862));
#6808 = ORIENTED_EDGE('',*,*,#6755,.T.);
#6809 = ORIENTED_EDGE('',*,*,#6810,.T.);
#6810 = EDGE_CURVE('',#6733,#6811,#6813,.T.);
#6811 = VERTEX_POINT('',#6812);
#6812 = CARTESIAN_POINT('',(0.97359375,-1.312,9.1953125));
#6813 = SURFACE_CURVE('',#6814,(#6818,#6825),.PCURVE_S1.);
#6814 = B_SPLINE_CURVE_WITH_KNOTS('',2,(#6815,#6816,#6817),
  .UNSPECIFIED.,.F.,.F.,(3,3),(0.,1.),.PIECEWISE_BEZIER_KNOTS.);
#6815 = CARTESIAN_POINT('',(1.11421875,-1.312,9.2533203125));
#6816 = CARTESIAN_POINT('',(1.029453125,-1.312,9.2533203125));
#6817 = CARTESIAN_POINT('',(0.97359375,-1.312,9.1953125));
#6818 = PCURVE('',#6771,#6819);
#6819 = DEFINITIONAL_REPRESENTATION('',(#6820),#6824);
#6820 = LINE('',#6821,#6822);
#6821 = CARTESIAN_POINT('',(0.,-1.2E-02));
#6822 = VECTOR('',#6823,1.);
#6823 = DIRECTION('',(1.,0.));
#6824 = ( GEOMETRIC_REPRESENTATION_CONTEXT(2) 
PARAMETRIC_REPRESENTATION_CONTEXT() REPRESENTATION_CONTEXT('2D SPACE',''
  ) );
#6825 = PCURVE('',#5182,#6826);
#6826 = DEFINITIONAL_REPRESENTATION('',(#6827),#6831);
#6827 = B_SPLINE_CURVE_WITH_KNOTS('',2,(#6828,#6829,#6830),
  .UNSPECIFIED.,.F.,.F.,(3,3),(0.,1.),.PIECEWISE_BEZIER_KNOTS.);
#6828 = CARTESIAN_POINT('',(0.308984375,0.517578125));
#6829 = CARTESIAN_POINT('',(0.22421875,0.517578125));
#6830 = CARTESIAN_POINT('',(0.168359375,0.4595703125));
#6831 = ( GEOMETRIC_REPRESENTATION_CONTEXT(2) 
PARAMETRIC_REPRESENTATION_CONTEXT() REPRESENTATION_CONTEXT('2D SPACE',''
  ) );
#6832 = ORIENTED_EDGE('',*,*,#6833,.F.);
#6833 = EDGE_CURVE('',#6834,#6811,#6836,.T.);
#6834 = VERTEX_POINT('',#6835);
#6835 = CARTESIAN_POINT('',(0.97359375,-1.3,9.1953125));
#6836 = SURFACE_CURVE('',#6837,(#6841,#6848),.PCURVE_S1.);
#6837 = LINE('',#6838,#6839);
#6838 = CARTESIAN_POINT('',(0.97359375,-1.3,9.1953125));
#6839 = VECTOR('',#6840,1.);
#6840 = DIRECTION('',(0.,-1.,0.));
#6841 = PCURVE('',#6771,#6842);
#6842 = DEFINITIONAL_REPRESENTATION('',(#6843),#6847);
#6843 = LINE('',#6844,#6845);
#6844 = CARTESIAN_POINT('',(1.,0.));
#6845 = VECTOR('',#6846,1.);
#6846 = DIRECTION('',(0.,-1.));
#6847 = ( GEOMETRIC_REPRESENTATION_CONTEXT(2) 
PARAMETRIC_REPRESENTATION_CONTEXT() REPRESENTATION_CONTEXT('2D SPACE',''
  ) );
#6848 = PCURVE('',#6849,#6856);
#6849 = SURFACE_OF_LINEAR_EXTRUSION('',#6850,#6854);
#6850 = B_SPLINE_CURVE_WITH_KNOTS('',2,(#6851,#6852,#6853),
  .UNSPECIFIED.,.F.,.F.,(3,3),(0.,1.),.PIECEWISE_BEZIER_KNOTS.);
#6851 = CARTESIAN_POINT('',(0.97359375,-1.3,9.1953125));
#6852 = CARTESIAN_POINT('',(0.917734375,-1.3,9.1373046875));
#6853 = CARTESIAN_POINT('',(0.917734375,-1.3,9.0220703125));
#6854 = VECTOR('',#6855,1.);
#6855 = DIRECTION('',(-0.,1.,-0.));
#6856 = DEFINITIONAL_REPRESENTATION('',(#6857),#6861);
#6857 = LINE('',#6858,#6859);
#6858 = CARTESIAN_POINT('',(0.,0.));
#6859 = VECTOR('',#6860,1.);
#6860 = DIRECTION('',(0.,-1.));
#6861 = ( GEOMETRIC_REPRESENTATION_CONTEXT(2) 
PARAMETRIC_REPRESENTATION_CONTEXT() REPRESENTATION_CONTEXT('2D SPACE',''
  ) );
#6862 = ORIENTED_EDGE('',*,*,#6863,.F.);
#6863 = EDGE_CURVE('',#6756,#6834,#6864,.T.);
#6864 = SURFACE_CURVE('',#6865,(#6869,#6876),.PCURVE_S1.);
#6865 = B_SPLINE_CURVE_WITH_KNOTS('',2,(#6866,#6867,#6868),
  .UNSPECIFIED.,.F.,.F.,(3,3),(0.,1.),.PIECEWISE_BEZIER_KNOTS.);
#6866 = CARTESIAN_POINT('',(1.11421875,-1.3,9.2533203125));
#6867 = CARTESIAN_POINT('',(1.029453125,-1.3,9.2533203125));
#6868 = CARTESIAN_POINT('',(0.97359375,-1.3,9.1953125));
#6869 = PCURVE('',#6771,#6870);
#6870 = DEFINITIONAL_REPRESENTATION('',(#6871),#6875);
#6871 = LINE('',#6872,#6873);
#6872 = CARTESIAN_POINT('',(0.,0.));
#6873 = VECTOR('',#6874,1.);
#6874 = DIRECTION('',(1.,0.));
#6875 = ( GEOMETRIC_REPRESENTATION_CONTEXT(2) 
PARAMETRIC_REPRESENTATION_CONTEXT() REPRESENTATION_CONTEXT('2D SPACE',''
  ) );
#6876 = PCURVE('',#5236,#6877);
#6877 = DEFINITIONAL_REPRESENTATION('',(#6878),#6882);
#6878 = B_SPLINE_CURVE_WITH_KNOTS('',2,(#6879,#6880,#6881),
  .UNSPECIFIED.,.F.,.F.,(3,3),(0.,1.),.PIECEWISE_BEZIER_KNOTS.);
#6879 = CARTESIAN_POINT('',(0.308984375,0.517578125));
#6880 = CARTESIAN_POINT('',(0.22421875,0.517578125));
#6881 = CARTESIAN_POINT('',(0.168359375,0.4595703125));
#6882 = ( GEOMETRIC_REPRESENTATION_CONTEXT(2) 
PARAMETRIC_REPRESENTATION_CONTEXT() REPRESENTATION_CONTEXT('2D SPACE',''
  ) );
#6883 = ADVANCED_FACE('',(#6884),#6849,.T.);
#6884 = FACE_BOUND('',#6885,.T.);
#6885 = EDGE_LOOP('',(#6886,#6887,#6910,#6940));
#6886 = ORIENTED_EDGE('',*,*,#6833,.T.);
#6887 = ORIENTED_EDGE('',*,*,#6888,.T.);
#6888 = EDGE_CURVE('',#6811,#6889,#6891,.T.);
#6889 = VERTEX_POINT('',#6890);
#6890 = CARTESIAN_POINT('',(0.917734375,-1.312,9.0220703125));
#6891 = SURFACE_CURVE('',#6892,(#6896,#6903),.PCURVE_S1.);
#6892 = B_SPLINE_CURVE_WITH_KNOTS('',2,(#6893,#6894,#6895),
  .UNSPECIFIED.,.F.,.F.,(3,3),(0.,1.),.PIECEWISE_BEZIER_KNOTS.);
#6893 = CARTESIAN_POINT('',(0.97359375,-1.312,9.1953125));
#6894 = CARTESIAN_POINT('',(0.917734375,-1.312,9.1373046875));
#6895 = CARTESIAN_POINT('',(0.917734375,-1.312,9.0220703125));
#6896 = PCURVE('',#6849,#6897);
#6897 = DEFINITIONAL_REPRESENTATION('',(#6898),#6902);
#6898 = LINE('',#6899,#6900);
#6899 = CARTESIAN_POINT('',(0.,-1.2E-02));
#6900 = VECTOR('',#6901,1.);
#6901 = DIRECTION('',(1.,0.));
#6902 = ( GEOMETRIC_REPRESENTATION_CONTEXT(2) 
PARAMETRIC_REPRESENTATION_CONTEXT() REPRESENTATION_CONTEXT('2D SPACE',''
  ) );
#6903 = PCURVE('',#5182,#6904);
#6904 = DEFINITIONAL_REPRESENTATION('',(#6905),#6909);
#6905 = B_SPLINE_CURVE_WITH_KNOTS('',2,(#6906,#6907,#6908),
  .UNSPECIFIED.,.F.,.F.,(3,3),(0.,1.),.PIECEWISE_BEZIER_KNOTS.);
#6906 = CARTESIAN_POINT('',(0.168359375,0.4595703125));
#6907 = CARTESIAN_POINT('',(0.1125,0.4015625));
#6908 = CARTESIAN_POINT('',(0.1125,0.286328125));
#6909 = ( GEOMETRIC_REPRESENTATION_CONTEXT(2) 
PARAMETRIC_REPRESENTATION_CONTEXT() REPRESENTATION_CONTEXT('2D SPACE',''
  ) );
#6910 = ORIENTED_EDGE('',*,*,#6911,.F.);
#6911 = EDGE_CURVE('',#6912,#6889,#6914,.T.);
#6912 = VERTEX_POINT('',#6913);
#6913 = CARTESIAN_POINT('',(0.917734375,-1.3,9.0220703125));
#6914 = SURFACE_CURVE('',#6915,(#6919,#6926),.PCURVE_S1.);
#6915 = LINE('',#6916,#6917);
#6916 = CARTESIAN_POINT('',(0.917734375,-1.3,9.0220703125));
#6917 = VECTOR('',#6918,1.);
#6918 = DIRECTION('',(0.,-1.,0.));
#6919 = PCURVE('',#6849,#6920);
#6920 = DEFINITIONAL_REPRESENTATION('',(#6921),#6925);
#6921 = LINE('',#6922,#6923);
#6922 = CARTESIAN_POINT('',(1.,0.));
#6923 = VECTOR('',#6924,1.);
#6924 = DIRECTION('',(0.,-1.));
#6925 = ( GEOMETRIC_REPRESENTATION_CONTEXT(2) 
PARAMETRIC_REPRESENTATION_CONTEXT() REPRESENTATION_CONTEXT('2D SPACE',''
  ) );
#6926 = PCURVE('',#6927,#6934);
#6927 = SURFACE_OF_LINEAR_EXTRUSION('',#6928,#6932);
#6928 = B_SPLINE_CURVE_WITH_KNOTS('',2,(#6929,#6930,#6931),
  .UNSPECIFIED.,.F.,.F.,(3,3),(0.,1.),.PIECEWISE_BEZIER_KNOTS.);
#6929 = CARTESIAN_POINT('',(0.917734375,-1.3,9.0220703125));
#6930 = CARTESIAN_POINT('',(0.917734375,-1.3,8.9103515625));
#6931 = CARTESIAN_POINT('',(0.9730078125,-1.3,8.8505859375));
#6932 = VECTOR('',#6933,1.);
#6933 = DIRECTION('',(-0.,1.,-0.));
#6934 = DEFINITIONAL_REPRESENTATION('',(#6935),#6939);
#6935 = LINE('',#6936,#6937);
#6936 = CARTESIAN_POINT('',(0.,0.));
#6937 = VECTOR('',#6938,1.);
#6938 = DIRECTION('',(0.,-1.));
#6939 = ( GEOMETRIC_REPRESENTATION_CONTEXT(2) 
PARAMETRIC_REPRESENTATION_CONTEXT() REPRESENTATION_CONTEXT('2D SPACE',''
  ) );
#6940 = ORIENTED_EDGE('',*,*,#6941,.F.);
#6941 = EDGE_CURVE('',#6834,#6912,#6942,.T.);
#6942 = SURFACE_CURVE('',#6943,(#6947,#6954),.PCURVE_S1.);
#6943 = B_SPLINE_CURVE_WITH_KNOTS('',2,(#6944,#6945,#6946),
  .UNSPECIFIED.,.F.,.F.,(3,3),(0.,1.),.PIECEWISE_BEZIER_KNOTS.);
#6944 = CARTESIAN_POINT('',(0.97359375,-1.3,9.1953125));
#6945 = CARTESIAN_POINT('',(0.917734375,-1.3,9.1373046875));
#6946 = CARTESIAN_POINT('',(0.917734375,-1.3,9.0220703125));
#6947 = PCURVE('',#6849,#6948);
#6948 = DEFINITIONAL_REPRESENTATION('',(#6949),#6953);
#6949 = LINE('',#6950,#6951);
#6950 = CARTESIAN_POINT('',(0.,0.));
#6951 = VECTOR('',#6952,1.);
#6952 = DIRECTION('',(1.,0.));
#6953 = ( GEOMETRIC_REPRESENTATION_CONTEXT(2) 
PARAMETRIC_REPRESENTATION_CONTEXT() REPRESENTATION_CONTEXT('2D SPACE',''
  ) );
#6954 = PCURVE('',#5236,#6955);
#6955 = DEFINITIONAL_REPRESENTATION('',(#6956),#6960);
#6956 = B_SPLINE_CURVE_WITH_KNOTS('',2,(#6957,#6958,#6959),
  .UNSPECIFIED.,.F.,.F.,(3,3),(0.,1.),.PIECEWISE_BEZIER_KNOTS.);
#6957 = CARTESIAN_POINT('',(0.168359375,0.4595703125));
#6958 = CARTESIAN_POINT('',(0.1125,0.4015625));
#6959 = CARTESIAN_POINT('',(0.1125,0.286328125));
#6960 = ( GEOMETRIC_REPRESENTATION_CONTEXT(2) 
PARAMETRIC_REPRESENTATION_CONTEXT() REPRESENTATION_CONTEXT('2D SPACE',''
  ) );
#6961 = ADVANCED_FACE('',(#6962),#6927,.T.);
#6962 = FACE_BOUND('',#6963,.T.);
#6963 = EDGE_LOOP('',(#6964,#6965,#6988,#7018));
#6964 = ORIENTED_EDGE('',*,*,#6911,.T.);
#6965 = ORIENTED_EDGE('',*,*,#6966,.T.);
#6966 = EDGE_CURVE('',#6889,#6967,#6969,.T.);
#6967 = VERTEX_POINT('',#6968);
#6968 = CARTESIAN_POINT('',(0.9730078125,-1.312,8.8505859375));
#6969 = SURFACE_CURVE('',#6970,(#6974,#6981),.PCURVE_S1.);
#6970 = B_SPLINE_CURVE_WITH_KNOTS('',2,(#6971,#6972,#6973),
  .UNSPECIFIED.,.F.,.F.,(3,3),(0.,1.),.PIECEWISE_BEZIER_KNOTS.);
#6971 = CARTESIAN_POINT('',(0.917734375,-1.312,9.0220703125));
#6972 = CARTESIAN_POINT('',(0.917734375,-1.312,8.9103515625));
#6973 = CARTESIAN_POINT('',(0.9730078125,-1.312,8.8505859375));
#6974 = PCURVE('',#6927,#6975);
#6975 = DEFINITIONAL_REPRESENTATION('',(#6976),#6980);
#6976 = LINE('',#6977,#6978);
#6977 = CARTESIAN_POINT('',(0.,-1.2E-02));
#6978 = VECTOR('',#6979,1.);
#6979 = DIRECTION('',(1.,0.));
#6980 = ( GEOMETRIC_REPRESENTATION_CONTEXT(2) 
PARAMETRIC_REPRESENTATION_CONTEXT() REPRESENTATION_CONTEXT('2D SPACE',''
  ) );
#6981 = PCURVE('',#5182,#6982);
#6982 = DEFINITIONAL_REPRESENTATION('',(#6983),#6987);
#6983 = B_SPLINE_CURVE_WITH_KNOTS('',2,(#6984,#6985,#6986),
  .UNSPECIFIED.,.F.,.F.,(3,3),(0.,1.),.PIECEWISE_BEZIER_KNOTS.);
#6984 = CARTESIAN_POINT('',(0.1125,0.286328125));
#6985 = CARTESIAN_POINT('',(0.1125,0.174609375));
#6986 = CARTESIAN_POINT('',(0.1677734375,0.11484375));
#6987 = ( GEOMETRIC_REPRESENTATION_CONTEXT(2) 
PARAMETRIC_REPRESENTATION_CONTEXT() REPRESENTATION_CONTEXT('2D SPACE',''
  ) );
#6988 = ORIENTED_EDGE('',*,*,#6989,.F.);
#6989 = EDGE_CURVE('',#6990,#6967,#6992,.T.);
#6990 = VERTEX_POINT('',#6991);
#6991 = CARTESIAN_POINT('',(0.9730078125,-1.3,8.8505859375));
#6992 = SURFACE_CURVE('',#6993,(#6997,#7004),.PCURVE_S1.);
#6993 = LINE('',#6994,#6995);
#6994 = CARTESIAN_POINT('',(0.9730078125,-1.3,8.8505859375));
#6995 = VECTOR('',#6996,1.);
#6996 = DIRECTION('',(0.,-1.,0.));
#6997 = PCURVE('',#6927,#6998);
#6998 = DEFINITIONAL_REPRESENTATION('',(#6999),#7003);
#6999 = LINE('',#7000,#7001);
#7000 = CARTESIAN_POINT('',(1.,0.));
#7001 = VECTOR('',#7002,1.);
#7002 = DIRECTION('',(0.,-1.));
#7003 = ( GEOMETRIC_REPRESENTATION_CONTEXT(2) 
PARAMETRIC_REPRESENTATION_CONTEXT() REPRESENTATION_CONTEXT('2D SPACE',''
  ) );
#7004 = PCURVE('',#7005,#7012);
#7005 = SURFACE_OF_LINEAR_EXTRUSION('',#7006,#7010);
#7006 = B_SPLINE_CURVE_WITH_KNOTS('',2,(#7007,#7008,#7009),
  .UNSPECIFIED.,.F.,.F.,(3,3),(0.,1.),.PIECEWISE_BEZIER_KNOTS.);
#7007 = CARTESIAN_POINT('',(0.9730078125,-1.3,8.8505859375));
#7008 = CARTESIAN_POINT('',(1.02828125,-1.3,8.7908203125));
#7009 = CARTESIAN_POINT('',(1.11421875,-1.3,8.7908203125));
#7010 = VECTOR('',#7011,1.);
#7011 = DIRECTION('',(-0.,1.,-0.));
#7012 = DEFINITIONAL_REPRESENTATION('',(#7013),#7017);
#7013 = LINE('',#7014,#7015);
#7014 = CARTESIAN_POINT('',(0.,0.));
#7015 = VECTOR('',#7016,1.);
#7016 = DIRECTION('',(0.,-1.));
#7017 = ( GEOMETRIC_REPRESENTATION_CONTEXT(2) 
PARAMETRIC_REPRESENTATION_CONTEXT() REPRESENTATION_CONTEXT('2D SPACE',''
  ) );
#7018 = ORIENTED_EDGE('',*,*,#7019,.F.);
#7019 = EDGE_CURVE('',#6912,#6990,#7020,.T.);
#7020 = SURFACE_CURVE('',#7021,(#7025,#7032),.PCURVE_S1.);
#7021 = B_SPLINE_CURVE_WITH_KNOTS('',2,(#7022,#7023,#7024),
  .UNSPECIFIED.,.F.,.F.,(3,3),(0.,1.),.PIECEWISE_BEZIER_KNOTS.);
#7022 = CARTESIAN_POINT('',(0.917734375,-1.3,9.0220703125));
#7023 = CARTESIAN_POINT('',(0.917734375,-1.3,8.9103515625));
#7024 = CARTESIAN_POINT('',(0.9730078125,-1.3,8.8505859375));
#7025 = PCURVE('',#6927,#7026);
#7026 = DEFINITIONAL_REPRESENTATION('',(#7027),#7031);
#7027 = LINE('',#7028,#7029);
#7028 = CARTESIAN_POINT('',(0.,0.));
#7029 = VECTOR('',#7030,1.);
#7030 = DIRECTION('',(1.,0.));
#7031 = ( GEOMETRIC_REPRESENTATION_CONTEXT(2) 
PARAMETRIC_REPRESENTATION_CONTEXT() REPRESENTATION_CONTEXT('2D SPACE',''
  ) );
#7032 = PCURVE('',#5236,#7033);
#7033 = DEFINITIONAL_REPRESENTATION('',(#7034),#7038);
#7034 = B_SPLINE_CURVE_WITH_KNOTS('',2,(#7035,#7036,#7037),
  .UNSPECIFIED.,.F.,.F.,(3,3),(0.,1.),.PIECEWISE_BEZIER_KNOTS.);
#7035 = CARTESIAN_POINT('',(0.1125,0.286328125));
#7036 = CARTESIAN_POINT('',(0.1125,0.174609375));
#7037 = CARTESIAN_POINT('',(0.1677734375,0.11484375));
#7038 = ( GEOMETRIC_REPRESENTATION_CONTEXT(2) 
PARAMETRIC_REPRESENTATION_CONTEXT() REPRESENTATION_CONTEXT('2D SPACE',''
  ) );
#7039 = ADVANCED_FACE('',(#7040),#7005,.T.);
#7040 = FACE_BOUND('',#7041,.T.);
#7041 = EDGE_LOOP('',(#7042,#7043,#7066,#7096));
#7042 = ORIENTED_EDGE('',*,*,#6989,.T.);
#7043 = ORIENTED_EDGE('',*,*,#7044,.T.);
#7044 = EDGE_CURVE('',#6967,#7045,#7047,.T.);
#7045 = VERTEX_POINT('',#7046);
#7046 = CARTESIAN_POINT('',(1.11421875,-1.312,8.7908203125));
#7047 = SURFACE_CURVE('',#7048,(#7052,#7059),.PCURVE_S1.);
#7048 = B_SPLINE_CURVE_WITH_KNOTS('',2,(#7049,#7050,#7051),
  .UNSPECIFIED.,.F.,.F.,(3,3),(0.,1.),.PIECEWISE_BEZIER_KNOTS.);
#7049 = CARTESIAN_POINT('',(0.9730078125,-1.312,8.8505859375));
#7050 = CARTESIAN_POINT('',(1.02828125,-1.312,8.7908203125));
#7051 = CARTESIAN_POINT('',(1.11421875,-1.312,8.7908203125));
#7052 = PCURVE('',#7005,#7053);
#7053 = DEFINITIONAL_REPRESENTATION('',(#7054),#7058);
#7054 = LINE('',#7055,#7056);
#7055 = CARTESIAN_POINT('',(0.,-1.2E-02));
#7056 = VECTOR('',#7057,1.);
#7057 = DIRECTION('',(1.,0.));
#7058 = ( GEOMETRIC_REPRESENTATION_CONTEXT(2) 
PARAMETRIC_REPRESENTATION_CONTEXT() REPRESENTATION_CONTEXT('2D SPACE',''
  ) );
#7059 = PCURVE('',#5182,#7060);
#7060 = DEFINITIONAL_REPRESENTATION('',(#7061),#7065);
#7061 = B_SPLINE_CURVE_WITH_KNOTS('',2,(#7062,#7063,#7064),
  .UNSPECIFIED.,.F.,.F.,(3,3),(0.,1.),.PIECEWISE_BEZIER_KNOTS.);
#7062 = CARTESIAN_POINT('',(0.1677734375,0.11484375));
#7063 = CARTESIAN_POINT('',(0.223046875,5.5078125E-02));
#7064 = CARTESIAN_POINT('',(0.308984375,5.5078125E-02));
#7065 = ( GEOMETRIC_REPRESENTATION_CONTEXT(2) 
PARAMETRIC_REPRESENTATION_CONTEXT() REPRESENTATION_CONTEXT('2D SPACE',''
  ) );
#7066 = ORIENTED_EDGE('',*,*,#7067,.F.);
#7067 = EDGE_CURVE('',#7068,#7045,#7070,.T.);
#7068 = VERTEX_POINT('',#7069);
#7069 = CARTESIAN_POINT('',(1.11421875,-1.3,8.7908203125));
#7070 = SURFACE_CURVE('',#7071,(#7075,#7082),.PCURVE_S1.);
#7071 = LINE('',#7072,#7073);
#7072 = CARTESIAN_POINT('',(1.11421875,-1.3,8.7908203125));
#7073 = VECTOR('',#7074,1.);
#7074 = DIRECTION('',(0.,-1.,0.));
#7075 = PCURVE('',#7005,#7076);
#7076 = DEFINITIONAL_REPRESENTATION('',(#7077),#7081);
#7077 = LINE('',#7078,#7079);
#7078 = CARTESIAN_POINT('',(1.,0.));
#7079 = VECTOR('',#7080,1.);
#7080 = DIRECTION('',(0.,-1.));
#7081 = ( GEOMETRIC_REPRESENTATION_CONTEXT(2) 
PARAMETRIC_REPRESENTATION_CONTEXT() REPRESENTATION_CONTEXT('2D SPACE',''
  ) );
#7082 = PCURVE('',#7083,#7090);
#7083 = SURFACE_OF_LINEAR_EXTRUSION('',#7084,#7088);
#7084 = B_SPLINE_CURVE_WITH_KNOTS('',2,(#7085,#7086,#7087),
  .UNSPECIFIED.,.F.,.F.,(3,3),(0.,1.),.PIECEWISE_BEZIER_KNOTS.);
#7085 = CARTESIAN_POINT('',(1.11421875,-1.3,8.7908203125));
#7086 = CARTESIAN_POINT('',(1.15484375,-1.3,8.7908203125));
#7087 = CARTESIAN_POINT('',(1.19078125,-1.3,8.8060546875));
#7088 = VECTOR('',#7089,1.);
#7089 = DIRECTION('',(-0.,1.,-0.));
#7090 = DEFINITIONAL_REPRESENTATION('',(#7091),#7095);
#7091 = LINE('',#7092,#7093);
#7092 = CARTESIAN_POINT('',(0.,0.));
#7093 = VECTOR('',#7094,1.);
#7094 = DIRECTION('',(0.,-1.));
#7095 = ( GEOMETRIC_REPRESENTATION_CONTEXT(2) 
PARAMETRIC_REPRESENTATION_CONTEXT() REPRESENTATION_CONTEXT('2D SPACE',''
  ) );
#7096 = ORIENTED_EDGE('',*,*,#7097,.F.);
#7097 = EDGE_CURVE('',#6990,#7068,#7098,.T.);
#7098 = SURFACE_CURVE('',#7099,(#7103,#7110),.PCURVE_S1.);
#7099 = B_SPLINE_CURVE_WITH_KNOTS('',2,(#7100,#7101,#7102),
  .UNSPECIFIED.,.F.,.F.,(3,3),(0.,1.),.PIECEWISE_BEZIER_KNOTS.);
#7100 = CARTESIAN_POINT('',(0.9730078125,-1.3,8.8505859375));
#7101 = CARTESIAN_POINT('',(1.02828125,-1.3,8.7908203125));
#7102 = CARTESIAN_POINT('',(1.11421875,-1.3,8.7908203125));
#7103 = PCURVE('',#7005,#7104);
#7104 = DEFINITIONAL_REPRESENTATION('',(#7105),#7109);
#7105 = LINE('',#7106,#7107);
#7106 = CARTESIAN_POINT('',(0.,0.));
#7107 = VECTOR('',#7108,1.);
#7108 = DIRECTION('',(1.,0.));
#7109 = ( GEOMETRIC_REPRESENTATION_CONTEXT(2) 
PARAMETRIC_REPRESENTATION_CONTEXT() REPRESENTATION_CONTEXT('2D SPACE',''
  ) );
#7110 = PCURVE('',#5236,#7111);
#7111 = DEFINITIONAL_REPRESENTATION('',(#7112),#7116);
#7112 = B_SPLINE_CURVE_WITH_KNOTS('',2,(#7113,#7114,#7115),
  .UNSPECIFIED.,.F.,.F.,(3,3),(0.,1.),.PIECEWISE_BEZIER_KNOTS.);
#7113 = CARTESIAN_POINT('',(0.1677734375,0.11484375));
#7114 = CARTESIAN_POINT('',(0.223046875,5.5078125E-02));
#7115 = CARTESIAN_POINT('',(0.308984375,5.5078125E-02));
#7116 = ( GEOMETRIC_REPRESENTATION_CONTEXT(2) 
PARAMETRIC_REPRESENTATION_CONTEXT() REPRESENTATION_CONTEXT('2D SPACE',''
  ) );
#7117 = ADVANCED_FACE('',(#7118),#7083,.T.);
#7118 = FACE_BOUND('',#7119,.T.);
#7119 = EDGE_LOOP('',(#7120,#7121,#7144,#7167));
#7120 = ORIENTED_EDGE('',*,*,#7067,.T.);
#7121 = ORIENTED_EDGE('',*,*,#7122,.T.);
#7122 = EDGE_CURVE('',#7045,#7123,#7125,.T.);
#7123 = VERTEX_POINT('',#7124);
#7124 = CARTESIAN_POINT('',(1.19078125,-1.312,8.8060546875));
#7125 = SURFACE_CURVE('',#7126,(#7130,#7137),.PCURVE_S1.);
#7126 = B_SPLINE_CURVE_WITH_KNOTS('',2,(#7127,#7128,#7129),
  .UNSPECIFIED.,.F.,.F.,(3,3),(0.,1.),.PIECEWISE_BEZIER_KNOTS.);
#7127 = CARTESIAN_POINT('',(1.11421875,-1.312,8.7908203125));
#7128 = CARTESIAN_POINT('',(1.15484375,-1.312,8.7908203125));
#7129 = CARTESIAN_POINT('',(1.19078125,-1.312,8.8060546875));
#7130 = PCURVE('',#7083,#7131);
#7131 = DEFINITIONAL_REPRESENTATION('',(#7132),#7136);
#7132 = LINE('',#7133,#7134);
#7133 = CARTESIAN_POINT('',(0.,-1.2E-02));
#7134 = VECTOR('',#7135,1.);
#7135 = DIRECTION('',(1.,0.));
#7136 = ( GEOMETRIC_REPRESENTATION_CONTEXT(2) 
PARAMETRIC_REPRESENTATION_CONTEXT() REPRESENTATION_CONTEXT('2D SPACE',''
  ) );
#7137 = PCURVE('',#5182,#7138);
#7138 = DEFINITIONAL_REPRESENTATION('',(#7139),#7143);
#7139 = B_SPLINE_CURVE_WITH_KNOTS('',2,(#7140,#7141,#7142),
  .UNSPECIFIED.,.F.,.F.,(3,3),(0.,1.),.PIECEWISE_BEZIER_KNOTS.);
#7140 = CARTESIAN_POINT('',(0.308984375,5.5078125E-02));
#7141 = CARTESIAN_POINT('',(0.349609375,5.5078125E-02));
#7142 = CARTESIAN_POINT('',(0.385546875,7.03125E-02));
#7143 = ( GEOMETRIC_REPRESENTATION_CONTEXT(2) 
PARAMETRIC_REPRESENTATION_CONTEXT() REPRESENTATION_CONTEXT('2D SPACE',''
  ) );
#7144 = ORIENTED_EDGE('',*,*,#7145,.F.);
#7145 = EDGE_CURVE('',#7146,#7123,#7148,.T.);
#7146 = VERTEX_POINT('',#7147);
#7147 = CARTESIAN_POINT('',(1.19078125,-1.3,8.8060546875));
#7148 = SURFACE_CURVE('',#7149,(#7153,#7160),.PCURVE_S1.);
#7149 = LINE('',#7150,#7151);
#7150 = CARTESIAN_POINT('',(1.19078125,-1.3,8.8060546875));
#7151 = VECTOR('',#7152,1.);
#7152 = DIRECTION('',(0.,-1.,0.));
#7153 = PCURVE('',#7083,#7154);
#7154 = DEFINITIONAL_REPRESENTATION('',(#7155),#7159);
#7155 = LINE('',#7156,#7157);
#7156 = CARTESIAN_POINT('',(1.,0.));
#7157 = VECTOR('',#7158,1.);
#7158 = DIRECTION('',(0.,-1.));
#7159 = ( GEOMETRIC_REPRESENTATION_CONTEXT(2) 
PARAMETRIC_REPRESENTATION_CONTEXT() REPRESENTATION_CONTEXT('2D SPACE',''
  ) );
#7160 = PCURVE('',#6328,#7161);
#7161 = DEFINITIONAL_REPRESENTATION('',(#7162),#7166);
#7162 = LINE('',#7163,#7164);
#7163 = CARTESIAN_POINT('',(0.,0.));
#7164 = VECTOR('',#7165,1.);
#7165 = DIRECTION('',(0.,-1.));
#7166 = ( GEOMETRIC_REPRESENTATION_CONTEXT(2) 
PARAMETRIC_REPRESENTATION_CONTEXT() REPRESENTATION_CONTEXT('2D SPACE',''
  ) );
#7167 = ORIENTED_EDGE('',*,*,#7168,.F.);
#7168 = EDGE_CURVE('',#7068,#7146,#7169,.T.);
#7169 = SURFACE_CURVE('',#7170,(#7174,#7181),.PCURVE_S1.);
#7170 = B_SPLINE_CURVE_WITH_KNOTS('',2,(#7171,#7172,#7173),
  .UNSPECIFIED.,.F.,.F.,(3,3),(0.,1.),.PIECEWISE_BEZIER_KNOTS.);
#7171 = CARTESIAN_POINT('',(1.11421875,-1.3,8.7908203125));
#7172 = CARTESIAN_POINT('',(1.15484375,-1.3,8.7908203125));
#7173 = CARTESIAN_POINT('',(1.19078125,-1.3,8.8060546875));
#7174 = PCURVE('',#7083,#7175);
#7175 = DEFINITIONAL_REPRESENTATION('',(#7176),#7180);
#7176 = LINE('',#7177,#7178);
#7177 = CARTESIAN_POINT('',(0.,0.));
#7178 = VECTOR('',#7179,1.);
#7179 = DIRECTION('',(1.,0.));
#7180 = ( GEOMETRIC_REPRESENTATION_CONTEXT(2) 
PARAMETRIC_REPRESENTATION_CONTEXT() REPRESENTATION_CONTEXT('2D SPACE',''
  ) );
#7181 = PCURVE('',#5236,#7182);
#7182 = DEFINITIONAL_REPRESENTATION('',(#7183),#7187);
#7183 = B_SPLINE_CURVE_WITH_KNOTS('',2,(#7184,#7185,#7186),
  .UNSPECIFIED.,.F.,.F.,(3,3),(0.,1.),.PIECEWISE_BEZIER_KNOTS.);
#7184 = CARTESIAN_POINT('',(0.308984375,5.5078125E-02));
#7185 = CARTESIAN_POINT('',(0.349609375,5.5078125E-02));
#7186 = CARTESIAN_POINT('',(0.385546875,7.03125E-02));
#7187 = ( GEOMETRIC_REPRESENTATION_CONTEXT(2) 
PARAMETRIC_REPRESENTATION_CONTEXT() REPRESENTATION_CONTEXT('2D SPACE',''
  ) );
#7188 = ADVANCED_FACE('',(#7189),#6328,.T.);
#7189 = FACE_BOUND('',#7190,.T.);
#7190 = EDGE_LOOP('',(#7191,#7192,#7213,#7214));
#7191 = ORIENTED_EDGE('',*,*,#7145,.T.);
#7192 = ORIENTED_EDGE('',*,*,#7193,.T.);
#7193 = EDGE_CURVE('',#7123,#6308,#7194,.T.);
#7194 = SURFACE_CURVE('',#7195,(#7199,#7206),.PCURVE_S1.);
#7195 = B_SPLINE_CURVE_WITH_KNOTS('',2,(#7196,#7197,#7198),
  .UNSPECIFIED.,.F.,.F.,(3,3),(0.,1.),.PIECEWISE_BEZIER_KNOTS.);
#7196 = CARTESIAN_POINT('',(1.19078125,-1.312,8.8060546875));
#7197 = CARTESIAN_POINT('',(1.155234375,-1.312,8.8291015625));
#7198 = CARTESIAN_POINT('',(1.11578125,-1.312,8.8388671875));
#7199 = PCURVE('',#6328,#7200);
#7200 = DEFINITIONAL_REPRESENTATION('',(#7201),#7205);
#7201 = LINE('',#7202,#7203);
#7202 = CARTESIAN_POINT('',(0.,-1.2E-02));
#7203 = VECTOR('',#7204,1.);
#7204 = DIRECTION('',(1.,0.));
#7205 = ( GEOMETRIC_REPRESENTATION_CONTEXT(2) 
PARAMETRIC_REPRESENTATION_CONTEXT() REPRESENTATION_CONTEXT('2D SPACE',''
  ) );
#7206 = PCURVE('',#5182,#7207);
#7207 = DEFINITIONAL_REPRESENTATION('',(#7208),#7212);
#7208 = B_SPLINE_CURVE_WITH_KNOTS('',2,(#7209,#7210,#7211),
  .UNSPECIFIED.,.F.,.F.,(3,3),(0.,1.),.PIECEWISE_BEZIER_KNOTS.);
#7209 = CARTESIAN_POINT('',(0.385546875,7.03125E-02));
#7210 = CARTESIAN_POINT('',(0.35,9.3359375E-02));
#7211 = CARTESIAN_POINT('',(0.310546875,0.103125));
#7212 = ( GEOMETRIC_REPRESENTATION_CONTEXT(2) 
PARAMETRIC_REPRESENTATION_CONTEXT() REPRESENTATION_CONTEXT('2D SPACE',''
  ) );
#7213 = ORIENTED_EDGE('',*,*,#6305,.F.);
#7214 = ORIENTED_EDGE('',*,*,#7215,.F.);
#7215 = EDGE_CURVE('',#7146,#6306,#7216,.T.);
#7216 = SURFACE_CURVE('',#7217,(#7221,#7228),.PCURVE_S1.);
#7217 = B_SPLINE_CURVE_WITH_KNOTS('',2,(#7218,#7219,#7220),
  .UNSPECIFIED.,.F.,.F.,(3,3),(0.,1.),.PIECEWISE_BEZIER_KNOTS.);
#7218 = CARTESIAN_POINT('',(1.19078125,-1.3,8.8060546875));
#7219 = CARTESIAN_POINT('',(1.155234375,-1.3,8.8291015625));
#7220 = CARTESIAN_POINT('',(1.11578125,-1.3,8.8388671875));
#7221 = PCURVE('',#6328,#7222);
#7222 = DEFINITIONAL_REPRESENTATION('',(#7223),#7227);
#7223 = LINE('',#7224,#7225);
#7224 = CARTESIAN_POINT('',(0.,0.));
#7225 = VECTOR('',#7226,1.);
#7226 = DIRECTION('',(1.,0.));
#7227 = ( GEOMETRIC_REPRESENTATION_CONTEXT(2) 
PARAMETRIC_REPRESENTATION_CONTEXT() REPRESENTATION_CONTEXT('2D SPACE',''
  ) );
#7228 = PCURVE('',#5236,#7229);
#7229 = DEFINITIONAL_REPRESENTATION('',(#7230),#7234);
#7230 = B_SPLINE_CURVE_WITH_KNOTS('',2,(#7231,#7232,#7233),
  .UNSPECIFIED.,.F.,.F.,(3,3),(0.,1.),.PIECEWISE_BEZIER_KNOTS.);
#7231 = CARTESIAN_POINT('',(0.385546875,7.03125E-02));
#7232 = CARTESIAN_POINT('',(0.35,9.3359375E-02));
#7233 = CARTESIAN_POINT('',(0.310546875,0.103125));
#7234 = ( GEOMETRIC_REPRESENTATION_CONTEXT(2) 
PARAMETRIC_REPRESENTATION_CONTEXT() REPRESENTATION_CONTEXT('2D SPACE',''
  ) );
#7235 = ADVANCED_FACE('',(#7236,#7253),#5236,.F.);
#7236 = FACE_BOUND('',#7237,.T.);
#7237 = EDGE_LOOP('',(#7238,#7239,#7240,#7241,#7242,#7243,#7244,#7245,
    #7246,#7247,#7248,#7249,#7250,#7251,#7252));
#7238 = ORIENTED_EDGE('',*,*,#5222,.T.);
#7239 = ORIENTED_EDGE('',*,*,#5305,.T.);
#7240 = ORIENTED_EDGE('',*,*,#5383,.T.);
#7241 = ORIENTED_EDGE('',*,*,#5461,.T.);
#7242 = ORIENTED_EDGE('',*,*,#5539,.T.);
#7243 = ORIENTED_EDGE('',*,*,#5617,.T.);
#7244 = ORIENTED_EDGE('',*,*,#5695,.T.);
#7245 = ORIENTED_EDGE('',*,*,#5773,.T.);
#7246 = ORIENTED_EDGE('',*,*,#5851,.T.);
#7247 = ORIENTED_EDGE('',*,*,#5929,.T.);
#7248 = ORIENTED_EDGE('',*,*,#6007,.T.);
#7249 = ORIENTED_EDGE('',*,*,#6085,.T.);
#7250 = ORIENTED_EDGE('',*,*,#6163,.T.);
#7251 = ORIENTED_EDGE('',*,*,#6234,.T.);
#7252 = ORIENTED_EDGE('',*,*,#6281,.T.);
#7253 = FACE_BOUND('',#7254,.T.);
#7254 = EDGE_LOOP('',(#7255,#7256,#7257,#7258,#7259,#7260,#7261,#7262,
    #7263,#7264,#7265,#7266));
#7255 = ORIENTED_EDGE('',*,*,#6395,.T.);
#7256 = ORIENTED_EDGE('',*,*,#6473,.T.);
#7257 = ORIENTED_EDGE('',*,*,#6551,.T.);
#7258 = ORIENTED_EDGE('',*,*,#6629,.T.);
#7259 = ORIENTED_EDGE('',*,*,#6707,.T.);
#7260 = ORIENTED_EDGE('',*,*,#6785,.T.);
#7261 = ORIENTED_EDGE('',*,*,#6863,.T.);
#7262 = ORIENTED_EDGE('',*,*,#6941,.T.);
#7263 = ORIENTED_EDGE('',*,*,#7019,.T.);
#7264 = ORIENTED_EDGE('',*,*,#7097,.T.);
#7265 = ORIENTED_EDGE('',*,*,#7168,.T.);
#7266 = ORIENTED_EDGE('',*,*,#7215,.T.);
#7267 = ADVANCED_FACE('',(#7268,#7285),#5182,.T.);
#7268 = FACE_BOUND('',#7269,.F.);
#7269 = EDGE_LOOP('',(#7270,#7271,#7272,#7273,#7274,#7275,#7276,#7277,
    #7278,#7279,#7280,#7281,#7282,#7283,#7284));
#7270 = ORIENTED_EDGE('',*,*,#5166,.T.);
#7271 = ORIENTED_EDGE('',*,*,#5252,.T.);
#7272 = ORIENTED_EDGE('',*,*,#5330,.T.);
#7273 = ORIENTED_EDGE('',*,*,#5408,.T.);
#7274 = ORIENTED_EDGE('',*,*,#5486,.T.);
#7275 = ORIENTED_EDGE('',*,*,#5564,.T.);
#7276 = ORIENTED_EDGE('',*,*,#5642,.T.);
#7277 = ORIENTED_EDGE('',*,*,#5720,.T.);
#7278 = ORIENTED_EDGE('',*,*,#5798,.T.);
#7279 = ORIENTED_EDGE('',*,*,#5876,.T.);
#7280 = ORIENTED_EDGE('',*,*,#5954,.T.);
#7281 = ORIENTED_EDGE('',*,*,#6032,.T.);
#7282 = ORIENTED_EDGE('',*,*,#6110,.T.);
#7283 = ORIENTED_EDGE('',*,*,#6188,.T.);
#7284 = ORIENTED_EDGE('',*,*,#6259,.T.);
#7285 = FACE_BOUND('',#7286,.F.);
#7286 = EDGE_LOOP('',(#7287,#7288,#7289,#7290,#7291,#7292,#7293,#7294,
    #7295,#7296,#7297,#7298));
#7287 = ORIENTED_EDGE('',*,*,#6342,.T.);
#7288 = ORIENTED_EDGE('',*,*,#6420,.T.);
#7289 = ORIENTED_EDGE('',*,*,#6498,.T.);
#7290 = ORIENTED_EDGE('',*,*,#6576,.T.);
#7291 = ORIENTED_EDGE('',*,*,#6654,.T.);
#7292 = ORIENTED_EDGE('',*,*,#6732,.T.);
#7293 = ORIENTED_EDGE('',*,*,#6810,.T.);
#7294 = ORIENTED_EDGE('',*,*,#6888,.T.);
#7295 = ORIENTED_EDGE('',*,*,#6966,.T.);
#7296 = ORIENTED_EDGE('',*,*,#7044,.T.);
#7297 = ORIENTED_EDGE('',*,*,#7122,.T.);
#7298 = ORIENTED_EDGE('',*,*,#7193,.T.);
#7299 = MANIFOLD_SOLID_BREP('',#7300);
#7300 = CLOSED_SHELL('',(#7301,#7421,#7497,#7575,#7653,#7731,#7809,#7887
    ,#7965,#8041,#8112,#8159,#8269,#8347,#8425,#8503,#8581,#8659,#8730,
    #8777,#8801));
#7301 = ADVANCED_FACE('',(#7302),#7316,.T.);
#7302 = FACE_BOUND('',#7303,.T.);
#7303 = EDGE_LOOP('',(#7304,#7339,#7367,#7395));
#7304 = ORIENTED_EDGE('',*,*,#7305,.T.);
#7305 = EDGE_CURVE('',#7306,#7308,#7310,.T.);
#7306 = VERTEX_POINT('',#7307);
#7307 = CARTESIAN_POINT('',(1.565,-1.3,8.7357421875));
#7308 = VERTEX_POINT('',#7309);
#7309 = CARTESIAN_POINT('',(1.565,-1.312,8.7357421875));
#7310 = SURFACE_CURVE('',#7311,(#7315,#7327),.PCURVE_S1.);
#7311 = LINE('',#7312,#7313);
#7312 = CARTESIAN_POINT('',(1.565,-1.3,8.7357421875));
#7313 = VECTOR('',#7314,1.);
#7314 = DIRECTION('',(0.,-1.,0.));
#7315 = PCURVE('',#7316,#7321);
#7316 = PLANE('',#7317);
#7317 = AXIS2_PLACEMENT_3D('',#7318,#7319,#7320);
#7318 = CARTESIAN_POINT('',(1.565,-1.3,8.7357421875));
#7319 = DIRECTION('',(0.,0.,-1.));
#7320 = DIRECTION('',(-1.,0.,0.));
#7321 = DEFINITIONAL_REPRESENTATION('',(#7322),#7326);
#7322 = LINE('',#7323,#7324);
#7323 = CARTESIAN_POINT('',(0.,-0.));
#7324 = VECTOR('',#7325,1.);
#7325 = DIRECTION('',(0.,-1.));
#7326 = ( GEOMETRIC_REPRESENTATION_CONTEXT(2) 
PARAMETRIC_REPRESENTATION_CONTEXT() REPRESENTATION_CONTEXT('2D SPACE',''
  ) );
#7327 = PCURVE('',#7328,#7333);
#7328 = PLANE('',#7329);
#7329 = AXIS2_PLACEMENT_3D('',#7330,#7331,#7332);
#7330 = CARTESIAN_POINT('',(1.565,-1.3,8.9685546875));
#7331 = DIRECTION('',(1.,0.,0.));
#7332 = DIRECTION('',(0.,0.,-1.));
#7333 = DEFINITIONAL_REPRESENTATION('',(#7334),#7338);
#7334 = LINE('',#7335,#7336);
#7335 = CARTESIAN_POINT('',(0.2328125,0.));
#7336 = VECTOR('',#7337,1.);
#7337 = DIRECTION('',(0.,-1.));
#7338 = ( GEOMETRIC_REPRESENTATION_CONTEXT(2) 
PARAMETRIC_REPRESENTATION_CONTEXT() REPRESENTATION_CONTEXT('2D SPACE',''
  ) );
#7339 = ORIENTED_EDGE('',*,*,#7340,.T.);
#7340 = EDGE_CURVE('',#7308,#7341,#7343,.T.);
#7341 = VERTEX_POINT('',#7342);
#7342 = CARTESIAN_POINT('',(1.48921875,-1.312,8.7357421875));
#7343 = SURFACE_CURVE('',#7344,(#7348,#7355),.PCURVE_S1.);
#7344 = LINE('',#7345,#7346);
#7345 = CARTESIAN_POINT('',(1.565,-1.312,8.7357421875));
#7346 = VECTOR('',#7347,1.);
#7347 = DIRECTION('',(-1.,0.,0.));
#7348 = PCURVE('',#7316,#7349);
#7349 = DEFINITIONAL_REPRESENTATION('',(#7350),#7354);
#7350 = LINE('',#7351,#7352);
#7351 = CARTESIAN_POINT('',(-2.22044604925E-16,-1.2E-02));
#7352 = VECTOR('',#7353,1.);
#7353 = DIRECTION('',(1.,0.));
#7354 = ( GEOMETRIC_REPRESENTATION_CONTEXT(2) 
PARAMETRIC_REPRESENTATION_CONTEXT() REPRESENTATION_CONTEXT('2D SPACE',''
  ) );
#7355 = PCURVE('',#7356,#7361);
#7356 = PLANE('',#7357);
#7357 = AXIS2_PLACEMENT_3D('',#7358,#7359,#7360);
#7358 = CARTESIAN_POINT('',(1.4275,-1.312,8.7357421875));
#7359 = DIRECTION('',(0.,-1.,0.));
#7360 = DIRECTION('',(1.,0.,0.));
#7361 = DEFINITIONAL_REPRESENTATION('',(#7362),#7366);
#7362 = LINE('',#7363,#7364);
#7363 = CARTESIAN_POINT('',(0.1375,0.));
#7364 = VECTOR('',#7365,1.);
#7365 = DIRECTION('',(-1.,0.));
#7366 = ( GEOMETRIC_REPRESENTATION_CONTEXT(2) 
PARAMETRIC_REPRESENTATION_CONTEXT() REPRESENTATION_CONTEXT('2D SPACE',''
  ) );
#7367 = ORIENTED_EDGE('',*,*,#7368,.F.);
#7368 = EDGE_CURVE('',#7369,#7341,#7371,.T.);
#7369 = VERTEX_POINT('',#7370);
#7370 = CARTESIAN_POINT('',(1.48921875,-1.3,8.7357421875));
#7371 = SURFACE_CURVE('',#7372,(#7376,#7383),.PCURVE_S1.);
#7372 = LINE('',#7373,#7374);
#7373 = CARTESIAN_POINT('',(1.48921875,-1.3,8.7357421875));
#7374 = VECTOR('',#7375,1.);
#7375 = DIRECTION('',(0.,-1.,0.));
#7376 = PCURVE('',#7316,#7377);
#7377 = DEFINITIONAL_REPRESENTATION('',(#7378),#7382);
#7378 = LINE('',#7379,#7380);
#7379 = CARTESIAN_POINT('',(7.578125E-02,0.));
#7380 = VECTOR('',#7381,1.);
#7381 = DIRECTION('',(0.,-1.));
#7382 = ( GEOMETRIC_REPRESENTATION_CONTEXT(2) 
PARAMETRIC_REPRESENTATION_CONTEXT() REPRESENTATION_CONTEXT('2D SPACE',''
  ) );
#7383 = PCURVE('',#7384,#7389);
#7384 = PLANE('',#7385);
#7385 = AXIS2_PLACEMENT_3D('',#7386,#7387,#7388);
#7386 = CARTESIAN_POINT('',(1.48921875,-1.3,8.7357421875));
#7387 = DIRECTION('',(-1.,0.,0.));
#7388 = DIRECTION('',(0.,0.,1.));
#7389 = DEFINITIONAL_REPRESENTATION('',(#7390),#7394);
#7390 = LINE('',#7391,#7392);
#7391 = CARTESIAN_POINT('',(0.,0.));
#7392 = VECTOR('',#7393,1.);
#7393 = DIRECTION('',(0.,-1.));
#7394 = ( GEOMETRIC_REPRESENTATION_CONTEXT(2) 
PARAMETRIC_REPRESENTATION_CONTEXT() REPRESENTATION_CONTEXT('2D SPACE',''
  ) );
#7395 = ORIENTED_EDGE('',*,*,#7396,.F.);
#7396 = EDGE_CURVE('',#7306,#7369,#7397,.T.);
#7397 = SURFACE_CURVE('',#7398,(#7402,#7409),.PCURVE_S1.);
#7398 = LINE('',#7399,#7400);
#7399 = CARTESIAN_POINT('',(1.565,-1.3,8.7357421875));
#7400 = VECTOR('',#7401,1.);
#7401 = DIRECTION('',(-1.,0.,0.));
#7402 = PCURVE('',#7316,#7403);
#7403 = DEFINITIONAL_REPRESENTATION('',(#7404),#7408);
#7404 = LINE('',#7405,#7406);
#7405 = CARTESIAN_POINT('',(-2.22044604925E-16,-0.));
#7406 = VECTOR('',#7407,1.);
#7407 = DIRECTION('',(1.,0.));
#7408 = ( GEOMETRIC_REPRESENTATION_CONTEXT(2) 
PARAMETRIC_REPRESENTATION_CONTEXT() REPRESENTATION_CONTEXT('2D SPACE',''
  ) );
#7409 = PCURVE('',#7410,#7415);
#7410 = PLANE('',#7411);
#7411 = AXIS2_PLACEMENT_3D('',#7412,#7413,#7414);
#7412 = CARTESIAN_POINT('',(1.4275,-1.3,8.7357421875));
#7413 = DIRECTION('',(0.,-1.,0.));
#7414 = DIRECTION('',(1.,0.,0.));
#7415 = DEFINITIONAL_REPRESENTATION('',(#7416),#7420);
#7416 = LINE('',#7417,#7418);
#7417 = CARTESIAN_POINT('',(0.1375,0.));
#7418 = VECTOR('',#7419,1.);
#7419 = DIRECTION('',(-1.,0.));
#7420 = ( GEOMETRIC_REPRESENTATION_CONTEXT(2) 
PARAMETRIC_REPRESENTATION_CONTEXT() REPRESENTATION_CONTEXT('2D SPACE',''
  ) );
#7421 = ADVANCED_FACE('',(#7422),#7384,.T.);
#7422 = FACE_BOUND('',#7423,.T.);
#7423 = EDGE_LOOP('',(#7424,#7425,#7448,#7476));
#7424 = ORIENTED_EDGE('',*,*,#7368,.T.);
#7425 = ORIENTED_EDGE('',*,*,#7426,.T.);
#7426 = EDGE_CURVE('',#7341,#7427,#7429,.T.);
#7427 = VERTEX_POINT('',#7428);
#7428 = CARTESIAN_POINT('',(1.48921875,-1.312,9.3083984375));
#7429 = SURFACE_CURVE('',#7430,(#7434,#7441),.PCURVE_S1.);
#7430 = LINE('',#7431,#7432);
#7431 = CARTESIAN_POINT('',(1.48921875,-1.312,8.7357421875));
#7432 = VECTOR('',#7433,1.);
#7433 = DIRECTION('',(0.,0.,1.));
#7434 = PCURVE('',#7384,#7435);
#7435 = DEFINITIONAL_REPRESENTATION('',(#7436),#7440);
#7436 = LINE('',#7437,#7438);
#7437 = CARTESIAN_POINT('',(0.,-1.2E-02));
#7438 = VECTOR('',#7439,1.);
#7439 = DIRECTION('',(1.,0.));
#7440 = ( GEOMETRIC_REPRESENTATION_CONTEXT(2) 
PARAMETRIC_REPRESENTATION_CONTEXT() REPRESENTATION_CONTEXT('2D SPACE',''
  ) );
#7441 = PCURVE('',#7356,#7442);
#7442 = DEFINITIONAL_REPRESENTATION('',(#7443),#7447);
#7443 = LINE('',#7444,#7445);
#7444 = CARTESIAN_POINT('',(6.171875E-02,0.));
#7445 = VECTOR('',#7446,1.);
#7446 = DIRECTION('',(0.,1.));
#7447 = ( GEOMETRIC_REPRESENTATION_CONTEXT(2) 
PARAMETRIC_REPRESENTATION_CONTEXT() REPRESENTATION_CONTEXT('2D SPACE',''
  ) );
#7448 = ORIENTED_EDGE('',*,*,#7449,.F.);
#7449 = EDGE_CURVE('',#7450,#7427,#7452,.T.);
#7450 = VERTEX_POINT('',#7451);
#7451 = CARTESIAN_POINT('',(1.48921875,-1.3,9.3083984375));
#7452 = SURFACE_CURVE('',#7453,(#7457,#7464),.PCURVE_S1.);
#7453 = LINE('',#7454,#7455);
#7454 = CARTESIAN_POINT('',(1.48921875,-1.3,9.3083984375));
#7455 = VECTOR('',#7456,1.);
#7456 = DIRECTION('',(0.,-1.,0.));
#7457 = PCURVE('',#7384,#7458);
#7458 = DEFINITIONAL_REPRESENTATION('',(#7459),#7463);
#7459 = LINE('',#7460,#7461);
#7460 = CARTESIAN_POINT('',(0.57265625,0.));
#7461 = VECTOR('',#7462,1.);
#7462 = DIRECTION('',(0.,-1.));
#7463 = ( GEOMETRIC_REPRESENTATION_CONTEXT(2) 
PARAMETRIC_REPRESENTATION_CONTEXT() REPRESENTATION_CONTEXT('2D SPACE',''
  ) );
#7464 = PCURVE('',#7465,#7470);
#7465 = PLANE('',#7466);
#7466 = AXIS2_PLACEMENT_3D('',#7467,#7468,#7469);
#7467 = CARTESIAN_POINT('',(1.48921875,-1.3,9.3083984375));
#7468 = DIRECTION('',(0.,0.,1.));
#7469 = DIRECTION('',(1.,0.,0.));
#7470 = DEFINITIONAL_REPRESENTATION('',(#7471),#7475);
#7471 = LINE('',#7472,#7473);
#7472 = CARTESIAN_POINT('',(0.,0.));
#7473 = VECTOR('',#7474,1.);
#7474 = DIRECTION('',(0.,-1.));
#7475 = ( GEOMETRIC_REPRESENTATION_CONTEXT(2) 
PARAMETRIC_REPRESENTATION_CONTEXT() REPRESENTATION_CONTEXT('2D SPACE',''
  ) );
#7476 = ORIENTED_EDGE('',*,*,#7477,.F.);
#7477 = EDGE_CURVE('',#7369,#7450,#7478,.T.);
#7478 = SURFACE_CURVE('',#7479,(#7483,#7490),.PCURVE_S1.);
#7479 = LINE('',#7480,#7481);
#7480 = CARTESIAN_POINT('',(1.48921875,-1.3,8.7357421875));
#7481 = VECTOR('',#7482,1.);
#7482 = DIRECTION('',(0.,0.,1.));
#7483 = PCURVE('',#7384,#7484);
#7484 = DEFINITIONAL_REPRESENTATION('',(#7485),#7489);
#7485 = LINE('',#7486,#7487);
#7486 = CARTESIAN_POINT('',(0.,0.));
#7487 = VECTOR('',#7488,1.);
#7488 = DIRECTION('',(1.,0.));
#7489 = ( GEOMETRIC_REPRESENTATION_CONTEXT(2) 
PARAMETRIC_REPRESENTATION_CONTEXT() REPRESENTATION_CONTEXT('2D SPACE',''
  ) );
#7490 = PCURVE('',#7410,#7491);
#7491 = DEFINITIONAL_REPRESENTATION('',(#7492),#7496);
#7492 = LINE('',#7493,#7494);
#7493 = CARTESIAN_POINT('',(6.171875E-02,0.));
#7494 = VECTOR('',#7495,1.);
#7495 = DIRECTION('',(0.,1.));
#7496 = ( GEOMETRIC_REPRESENTATION_CONTEXT(2) 
PARAMETRIC_REPRESENTATION_CONTEXT() REPRESENTATION_CONTEXT('2D SPACE',''
  ) );
#7497 = ADVANCED_FACE('',(#7498),#7465,.T.);
#7498 = FACE_BOUND('',#7499,.T.);
#7499 = EDGE_LOOP('',(#7500,#7501,#7524,#7554));
#7500 = ORIENTED_EDGE('',*,*,#7449,.T.);
#7501 = ORIENTED_EDGE('',*,*,#7502,.T.);
#7502 = EDGE_CURVE('',#7427,#7503,#7505,.T.);
#7503 = VERTEX_POINT('',#7504);
#7504 = CARTESIAN_POINT('',(1.705234375,-1.312,9.3083984375));
#7505 = SURFACE_CURVE('',#7506,(#7510,#7517),.PCURVE_S1.);
#7506 = LINE('',#7507,#7508);
#7507 = CARTESIAN_POINT('',(1.48921875,-1.312,9.3083984375));
#7508 = VECTOR('',#7509,1.);
#7509 = DIRECTION('',(1.,0.,0.));
#7510 = PCURVE('',#7465,#7511);
#7511 = DEFINITIONAL_REPRESENTATION('',(#7512),#7516);
#7512 = LINE('',#7513,#7514);
#7513 = CARTESIAN_POINT('',(-2.22044604925E-16,-1.2E-02));
#7514 = VECTOR('',#7515,1.);
#7515 = DIRECTION('',(1.,0.));
#7516 = ( GEOMETRIC_REPRESENTATION_CONTEXT(2) 
PARAMETRIC_REPRESENTATION_CONTEXT() REPRESENTATION_CONTEXT('2D SPACE',''
  ) );
#7517 = PCURVE('',#7356,#7518);
#7518 = DEFINITIONAL_REPRESENTATION('',(#7519),#7523);
#7519 = LINE('',#7520,#7521);
#7520 = CARTESIAN_POINT('',(6.171875E-02,0.57265625));
#7521 = VECTOR('',#7522,1.);
#7522 = DIRECTION('',(1.,0.));
#7523 = ( GEOMETRIC_REPRESENTATION_CONTEXT(2) 
PARAMETRIC_REPRESENTATION_CONTEXT() REPRESENTATION_CONTEXT('2D SPACE',''
  ) );
#7524 = ORIENTED_EDGE('',*,*,#7525,.F.);
#7525 = EDGE_CURVE('',#7526,#7503,#7528,.T.);
#7526 = VERTEX_POINT('',#7527);
#7527 = CARTESIAN_POINT('',(1.705234375,-1.3,9.3083984375));
#7528 = SURFACE_CURVE('',#7529,(#7533,#7540),.PCURVE_S1.);
#7529 = LINE('',#7530,#7531);
#7530 = CARTESIAN_POINT('',(1.705234375,-1.3,9.3083984375));
#7531 = VECTOR('',#7532,1.);
#7532 = DIRECTION('',(0.,-1.,0.));
#7533 = PCURVE('',#7465,#7534);
#7534 = DEFINITIONAL_REPRESENTATION('',(#7535),#7539);
#7535 = LINE('',#7536,#7537);
#7536 = CARTESIAN_POINT('',(0.216015625,0.));
#7537 = VECTOR('',#7538,1.);
#7538 = DIRECTION('',(0.,-1.));
#7539 = ( GEOMETRIC_REPRESENTATION_CONTEXT(2) 
PARAMETRIC_REPRESENTATION_CONTEXT() REPRESENTATION_CONTEXT('2D SPACE',''
  ) );
#7540 = PCURVE('',#7541,#7548);
#7541 = SURFACE_OF_LINEAR_EXTRUSION('',#7542,#7546);
#7542 = B_SPLINE_CURVE_WITH_KNOTS('',2,(#7543,#7544,#7545),
  .UNSPECIFIED.,.F.,.F.,(3,3),(0.,1.),.PIECEWISE_BEZIER_KNOTS.);
#7543 = CARTESIAN_POINT('',(1.705234375,-1.3,9.3083984375));
#7544 = CARTESIAN_POINT('',(1.762265625,-1.3,9.3083984375));
#7545 = CARTESIAN_POINT('',(1.79234375,-1.3,9.3029296875));
#7546 = VECTOR('',#7547,1.);
#7547 = DIRECTION('',(-0.,1.,-0.));
#7548 = DEFINITIONAL_REPRESENTATION('',(#7549),#7553);
#7549 = LINE('',#7550,#7551);
#7550 = CARTESIAN_POINT('',(0.,0.));
#7551 = VECTOR('',#7552,1.);
#7552 = DIRECTION('',(0.,-1.));
#7553 = ( GEOMETRIC_REPRESENTATION_CONTEXT(2) 
PARAMETRIC_REPRESENTATION_CONTEXT() REPRESENTATION_CONTEXT('2D SPACE',''
  ) );
#7554 = ORIENTED_EDGE('',*,*,#7555,.F.);
#7555 = EDGE_CURVE('',#7450,#7526,#7556,.T.);
#7556 = SURFACE_CURVE('',#7557,(#7561,#7568),.PCURVE_S1.);
#7557 = LINE('',#7558,#7559);
#7558 = CARTESIAN_POINT('',(1.48921875,-1.3,9.3083984375));
#7559 = VECTOR('',#7560,1.);
#7560 = DIRECTION('',(1.,0.,0.));
#7561 = PCURVE('',#7465,#7562);
#7562 = DEFINITIONAL_REPRESENTATION('',(#7563),#7567);
#7563 = LINE('',#7564,#7565);
#7564 = CARTESIAN_POINT('',(-2.22044604925E-16,0.));
#7565 = VECTOR('',#7566,1.);
#7566 = DIRECTION('',(1.,0.));
#7567 = ( GEOMETRIC_REPRESENTATION_CONTEXT(2) 
PARAMETRIC_REPRESENTATION_CONTEXT() REPRESENTATION_CONTEXT('2D SPACE',''
  ) );
#7568 = PCURVE('',#7410,#7569);
#7569 = DEFINITIONAL_REPRESENTATION('',(#7570),#7574);
#7570 = LINE('',#7571,#7572);
#7571 = CARTESIAN_POINT('',(6.171875E-02,0.57265625));
#7572 = VECTOR('',#7573,1.);
#7573 = DIRECTION('',(1.,0.));
#7574 = ( GEOMETRIC_REPRESENTATION_CONTEXT(2) 
PARAMETRIC_REPRESENTATION_CONTEXT() REPRESENTATION_CONTEXT('2D SPACE',''
  ) );
#7575 = ADVANCED_FACE('',(#7576),#7541,.T.);
#7576 = FACE_BOUND('',#7577,.T.);
#7577 = EDGE_LOOP('',(#7578,#7579,#7602,#7632));
#7578 = ORIENTED_EDGE('',*,*,#7525,.T.);
#7579 = ORIENTED_EDGE('',*,*,#7580,.T.);
#7580 = EDGE_CURVE('',#7503,#7581,#7583,.T.);
#7581 = VERTEX_POINT('',#7582);
#7582 = CARTESIAN_POINT('',(1.79234375,-1.312,9.3029296875));
#7583 = SURFACE_CURVE('',#7584,(#7588,#7595),.PCURVE_S1.);
#7584 = B_SPLINE_CURVE_WITH_KNOTS('',2,(#7585,#7586,#7587),
  .UNSPECIFIED.,.F.,.F.,(3,3),(0.,1.),.PIECEWISE_BEZIER_KNOTS.);
#7585 = CARTESIAN_POINT('',(1.705234375,-1.312,9.3083984375));
#7586 = CARTESIAN_POINT('',(1.762265625,-1.312,9.3083984375));
#7587 = CARTESIAN_POINT('',(1.79234375,-1.312,9.3029296875));
#7588 = PCURVE('',#7541,#7589);
#7589 = DEFINITIONAL_REPRESENTATION('',(#7590),#7594);
#7590 = LINE('',#7591,#7592);
#7591 = CARTESIAN_POINT('',(0.,-1.2E-02));
#7592 = VECTOR('',#7593,1.);
#7593 = DIRECTION('',(1.,0.));
#7594 = ( GEOMETRIC_REPRESENTATION_CONTEXT(2) 
PARAMETRIC_REPRESENTATION_CONTEXT() REPRESENTATION_CONTEXT('2D SPACE',''
  ) );
#7595 = PCURVE('',#7356,#7596);
#7596 = DEFINITIONAL_REPRESENTATION('',(#7597),#7601);
#7597 = B_SPLINE_CURVE_WITH_KNOTS('',2,(#7598,#7599,#7600),
  .UNSPECIFIED.,.F.,.F.,(3,3),(0.,1.),.PIECEWISE_BEZIER_KNOTS.);
#7598 = CARTESIAN_POINT('',(0.277734375,0.57265625));
#7599 = CARTESIAN_POINT('',(0.334765625,0.57265625));
#7600 = CARTESIAN_POINT('',(0.36484375,0.5671875));
#7601 = ( GEOMETRIC_REPRESENTATION_CONTEXT(2) 
PARAMETRIC_REPRESENTATION_CONTEXT() REPRESENTATION_CONTEXT('2D SPACE',''
  ) );
#7602 = ORIENTED_EDGE('',*,*,#7603,.F.);
#7603 = EDGE_CURVE('',#7604,#7581,#7606,.T.);
#7604 = VERTEX_POINT('',#7605);
#7605 = CARTESIAN_POINT('',(1.79234375,-1.3,9.3029296875));
#7606 = SURFACE_CURVE('',#7607,(#7611,#7618),.PCURVE_S1.);
#7607 = LINE('',#7608,#7609);
#7608 = CARTESIAN_POINT('',(1.79234375,-1.3,9.3029296875));
#7609 = VECTOR('',#7610,1.);
#7610 = DIRECTION('',(0.,-1.,0.));
#7611 = PCURVE('',#7541,#7612);
#7612 = DEFINITIONAL_REPRESENTATION('',(#7613),#7617);
#7613 = LINE('',#7614,#7615);
#7614 = CARTESIAN_POINT('',(1.,0.));
#7615 = VECTOR('',#7616,1.);
#7616 = DIRECTION('',(0.,-1.));
#7617 = ( GEOMETRIC_REPRESENTATION_CONTEXT(2) 
PARAMETRIC_REPRESENTATION_CONTEXT() REPRESENTATION_CONTEXT('2D SPACE',''
  ) );
#7618 = PCURVE('',#7619,#7626);
#7619 = SURFACE_OF_LINEAR_EXTRUSION('',#7620,#7624);
#7620 = B_SPLINE_CURVE_WITH_KNOTS('',2,(#7621,#7622,#7623),
  .UNSPECIFIED.,.F.,.F.,(3,3),(0.,1.),.PIECEWISE_BEZIER_KNOTS.);
#7621 = CARTESIAN_POINT('',(1.79234375,-1.3,9.3029296875));
#7622 = CARTESIAN_POINT('',(1.83453125,-1.3,9.2958984375));
#7623 = CARTESIAN_POINT('',(1.863046875,-1.3,9.276171875));
#7624 = VECTOR('',#7625,1.);
#7625 = DIRECTION('',(-0.,1.,-0.));
#7626 = DEFINITIONAL_REPRESENTATION('',(#7627),#7631);
#7627 = LINE('',#7628,#7629);
#7628 = CARTESIAN_POINT('',(0.,0.));
#7629 = VECTOR('',#7630,1.);
#7630 = DIRECTION('',(0.,-1.));
#7631 = ( GEOMETRIC_REPRESENTATION_CONTEXT(2) 
PARAMETRIC_REPRESENTATION_CONTEXT() REPRESENTATION_CONTEXT('2D SPACE',''
  ) );
#7632 = ORIENTED_EDGE('',*,*,#7633,.F.);
#7633 = EDGE_CURVE('',#7526,#7604,#7634,.T.);
#7634 = SURFACE_CURVE('',#7635,(#7639,#7646),.PCURVE_S1.);
#7635 = B_SPLINE_CURVE_WITH_KNOTS('',2,(#7636,#7637,#7638),
  .UNSPECIFIED.,.F.,.F.,(3,3),(0.,1.),.PIECEWISE_BEZIER_KNOTS.);
#7636 = CARTESIAN_POINT('',(1.705234375,-1.3,9.3083984375));
#7637 = CARTESIAN_POINT('',(1.762265625,-1.3,9.3083984375));
#7638 = CARTESIAN_POINT('',(1.79234375,-1.3,9.3029296875));
#7639 = PCURVE('',#7541,#7640);
#7640 = DEFINITIONAL_REPRESENTATION('',(#7641),#7645);
#7641 = LINE('',#7642,#7643);
#7642 = CARTESIAN_POINT('',(0.,0.));
#7643 = VECTOR('',#7644,1.);
#7644 = DIRECTION('',(1.,0.));
#7645 = ( GEOMETRIC_REPRESENTATION_CONTEXT(2) 
PARAMETRIC_REPRESENTATION_CONTEXT() REPRESENTATION_CONTEXT('2D SPACE',''
  ) );
#7646 = PCURVE('',#7410,#7647);
#7647 = DEFINITIONAL_REPRESENTATION('',(#7648),#7652);
#7648 = B_SPLINE_CURVE_WITH_KNOTS('',2,(#7649,#7650,#7651),
  .UNSPECIFIED.,.F.,.F.,(3,3),(0.,1.),.PIECEWISE_BEZIER_KNOTS.);
#7649 = CARTESIAN_POINT('',(0.277734375,0.57265625));
#7650 = CARTESIAN_POINT('',(0.334765625,0.57265625));
#7651 = CARTESIAN_POINT('',(0.36484375,0.5671875));
#7652 = ( GEOMETRIC_REPRESENTATION_CONTEXT(2) 
PARAMETRIC_REPRESENTATION_CONTEXT() REPRESENTATION_CONTEXT('2D SPACE',''
  ) );
#7653 = ADVANCED_FACE('',(#7654),#7619,.T.);
#7654 = FACE_BOUND('',#7655,.T.);
#7655 = EDGE_LOOP('',(#7656,#7657,#7680,#7710));
#7656 = ORIENTED_EDGE('',*,*,#7603,.T.);
#7657 = ORIENTED_EDGE('',*,*,#7658,.T.);
#7658 = EDGE_CURVE('',#7581,#7659,#7661,.T.);
#7659 = VERTEX_POINT('',#7660);
#7660 = CARTESIAN_POINT('',(1.863046875,-1.312,9.276171875));
#7661 = SURFACE_CURVE('',#7662,(#7666,#7673),.PCURVE_S1.);
#7662 = B_SPLINE_CURVE_WITH_KNOTS('',2,(#7663,#7664,#7665),
  .UNSPECIFIED.,.F.,.F.,(3,3),(0.,1.),.PIECEWISE_BEZIER_KNOTS.);
#7663 = CARTESIAN_POINT('',(1.79234375,-1.312,9.3029296875));
#7664 = CARTESIAN_POINT('',(1.83453125,-1.312,9.2958984375));
#7665 = CARTESIAN_POINT('',(1.863046875,-1.312,9.276171875));
#7666 = PCURVE('',#7619,#7667);
#7667 = DEFINITIONAL_REPRESENTATION('',(#7668),#7672);
#7668 = LINE('',#7669,#7670);
#7669 = CARTESIAN_POINT('',(0.,-1.2E-02));
#7670 = VECTOR('',#7671,1.);
#7671 = DIRECTION('',(1.,0.));
#7672 = ( GEOMETRIC_REPRESENTATION_CONTEXT(2) 
PARAMETRIC_REPRESENTATION_CONTEXT() REPRESENTATION_CONTEXT('2D SPACE',''
  ) );
#7673 = PCURVE('',#7356,#7674);
#7674 = DEFINITIONAL_REPRESENTATION('',(#7675),#7679);
#7675 = B_SPLINE_CURVE_WITH_KNOTS('',2,(#7676,#7677,#7678),
  .UNSPECIFIED.,.F.,.F.,(3,3),(0.,1.),.PIECEWISE_BEZIER_KNOTS.);
#7676 = CARTESIAN_POINT('',(0.36484375,0.5671875));
#7677 = CARTESIAN_POINT('',(0.40703125,0.56015625));
#7678 = CARTESIAN_POINT('',(0.435546875,0.5404296875));
#7679 = ( GEOMETRIC_REPRESENTATION_CONTEXT(2) 
PARAMETRIC_REPRESENTATION_CONTEXT() REPRESENTATION_CONTEXT('2D SPACE',''
  ) );
#7680 = ORIENTED_EDGE('',*,*,#7681,.F.);
#7681 = EDGE_CURVE('',#7682,#7659,#7684,.T.);
#7682 = VERTEX_POINT('',#7683);
#7683 = CARTESIAN_POINT('',(1.863046875,-1.3,9.276171875));
#7684 = SURFACE_CURVE('',#7685,(#7689,#7696),.PCURVE_S1.);
#7685 = LINE('',#7686,#7687);
#7686 = CARTESIAN_POINT('',(1.863046875,-1.3,9.276171875));
#7687 = VECTOR('',#7688,1.);
#7688 = DIRECTION('',(0.,-1.,0.));
#7689 = PCURVE('',#7619,#7690);
#7690 = DEFINITIONAL_REPRESENTATION('',(#7691),#7695);
#7691 = LINE('',#7692,#7693);
#7692 = CARTESIAN_POINT('',(1.,0.));
#7693 = VECTOR('',#7694,1.);
#7694 = DIRECTION('',(0.,-1.));
#7695 = ( GEOMETRIC_REPRESENTATION_CONTEXT(2) 
PARAMETRIC_REPRESENTATION_CONTEXT() REPRESENTATION_CONTEXT('2D SPACE',''
  ) );
#7696 = PCURVE('',#7697,#7704);
#7697 = SURFACE_OF_LINEAR_EXTRUSION('',#7698,#7702);
#7698 = B_SPLINE_CURVE_WITH_KNOTS('',2,(#7699,#7700,#7701),
  .UNSPECIFIED.,.F.,.F.,(3,3),(0.,1.),.PIECEWISE_BEZIER_KNOTS.);
#7699 = CARTESIAN_POINT('',(1.863046875,-1.3,9.276171875));
#7700 = CARTESIAN_POINT('',(1.8915625,-1.3,9.2564453125));
#7701 = CARTESIAN_POINT('',(1.9089453125,-1.3,9.2208984375));
#7702 = VECTOR('',#7703,1.);
#7703 = DIRECTION('',(-0.,1.,-0.));
#7704 = DEFINITIONAL_REPRESENTATION('',(#7705),#7709);
#7705 = LINE('',#7706,#7707);
#7706 = CARTESIAN_POINT('',(0.,0.));
#7707 = VECTOR('',#7708,1.);
#7708 = DIRECTION('',(0.,-1.));
#7709 = ( GEOMETRIC_REPRESENTATION_CONTEXT(2) 
PARAMETRIC_REPRESENTATION_CONTEXT() REPRESENTATION_CONTEXT('2D SPACE',''
  ) );
#7710 = ORIENTED_EDGE('',*,*,#7711,.F.);
#7711 = EDGE_CURVE('',#7604,#7682,#7712,.T.);
#7712 = SURFACE_CURVE('',#7713,(#7717,#7724),.PCURVE_S1.);
#7713 = B_SPLINE_CURVE_WITH_KNOTS('',2,(#7714,#7715,#7716),
  .UNSPECIFIED.,.F.,.F.,(3,3),(0.,1.),.PIECEWISE_BEZIER_KNOTS.);
#7714 = CARTESIAN_POINT('',(1.79234375,-1.3,9.3029296875));
#7715 = CARTESIAN_POINT('',(1.83453125,-1.3,9.2958984375));
#7716 = CARTESIAN_POINT('',(1.863046875,-1.3,9.276171875));
#7717 = PCURVE('',#7619,#7718);
#7718 = DEFINITIONAL_REPRESENTATION('',(#7719),#7723);
#7719 = LINE('',#7720,#7721);
#7720 = CARTESIAN_POINT('',(0.,0.));
#7721 = VECTOR('',#7722,1.);
#7722 = DIRECTION('',(1.,0.));
#7723 = ( GEOMETRIC_REPRESENTATION_CONTEXT(2) 
PARAMETRIC_REPRESENTATION_CONTEXT() REPRESENTATION_CONTEXT('2D SPACE',''
  ) );
#7724 = PCURVE('',#7410,#7725);
#7725 = DEFINITIONAL_REPRESENTATION('',(#7726),#7730);
#7726 = B_SPLINE_CURVE_WITH_KNOTS('',2,(#7727,#7728,#7729),
  .UNSPECIFIED.,.F.,.F.,(3,3),(0.,1.),.PIECEWISE_BEZIER_KNOTS.);
#7727 = CARTESIAN_POINT('',(0.36484375,0.5671875));
#7728 = CARTESIAN_POINT('',(0.40703125,0.56015625));
#7729 = CARTESIAN_POINT('',(0.435546875,0.5404296875));
#7730 = ( GEOMETRIC_REPRESENTATION_CONTEXT(2) 
PARAMETRIC_REPRESENTATION_CONTEXT() REPRESENTATION_CONTEXT('2D SPACE',''
  ) );
#7731 = ADVANCED_FACE('',(#7732),#7697,.T.);
#7732 = FACE_BOUND('',#7733,.T.);
#7733 = EDGE_LOOP('',(#7734,#7735,#7758,#7788));
#7734 = ORIENTED_EDGE('',*,*,#7681,.T.);
#7735 = ORIENTED_EDGE('',*,*,#7736,.T.);
#7736 = EDGE_CURVE('',#7659,#7737,#7739,.T.);
#7737 = VERTEX_POINT('',#7738);
#7738 = CARTESIAN_POINT('',(1.9089453125,-1.312,9.2208984375));
#7739 = SURFACE_CURVE('',#7740,(#7744,#7751),.PCURVE_S1.);
#7740 = B_SPLINE_CURVE_WITH_KNOTS('',2,(#7741,#7742,#7743),
  .UNSPECIFIED.,.F.,.F.,(3,3),(0.,1.),.PIECEWISE_BEZIER_KNOTS.);
#7741 = CARTESIAN_POINT('',(1.863046875,-1.312,9.276171875));
#7742 = CARTESIAN_POINT('',(1.8915625,-1.312,9.2564453125));
#7743 = CARTESIAN_POINT('',(1.9089453125,-1.312,9.2208984375));
#7744 = PCURVE('',#7697,#7745);
#7745 = DEFINITIONAL_REPRESENTATION('',(#7746),#7750);
#7746 = LINE('',#7747,#7748);
#7747 = CARTESIAN_POINT('',(0.,-1.2E-02));
#7748 = VECTOR('',#7749,1.);
#7749 = DIRECTION('',(1.,0.));
#7750 = ( GEOMETRIC_REPRESENTATION_CONTEXT(2) 
PARAMETRIC_REPRESENTATION_CONTEXT() REPRESENTATION_CONTEXT('2D SPACE',''
  ) );
#7751 = PCURVE('',#7356,#7752);
#7752 = DEFINITIONAL_REPRESENTATION('',(#7753),#7757);
#7753 = B_SPLINE_CURVE_WITH_KNOTS('',2,(#7754,#7755,#7756),
  .UNSPECIFIED.,.F.,.F.,(3,3),(0.,1.),.PIECEWISE_BEZIER_KNOTS.);
#7754 = CARTESIAN_POINT('',(0.435546875,0.5404296875));
#7755 = CARTESIAN_POINT('',(0.4640625,0.520703125));
#7756 = CARTESIAN_POINT('',(0.4814453125,0.48515625));
#7757 = ( GEOMETRIC_REPRESENTATION_CONTEXT(2) 
PARAMETRIC_REPRESENTATION_CONTEXT() REPRESENTATION_CONTEXT('2D SPACE',''
  ) );
#7758 = ORIENTED_EDGE('',*,*,#7759,.F.);
#7759 = EDGE_CURVE('',#7760,#7737,#7762,.T.);
#7760 = VERTEX_POINT('',#7761);
#7761 = CARTESIAN_POINT('',(1.9089453125,-1.3,9.2208984375));
#7762 = SURFACE_CURVE('',#7763,(#7767,#7774),.PCURVE_S1.);
#7763 = LINE('',#7764,#7765);
#7764 = CARTESIAN_POINT('',(1.9089453125,-1.3,9.2208984375));
#7765 = VECTOR('',#7766,1.);
#7766 = DIRECTION('',(0.,-1.,0.));
#7767 = PCURVE('',#7697,#7768);
#7768 = DEFINITIONAL_REPRESENTATION('',(#7769),#7773);
#7769 = LINE('',#7770,#7771);
#7770 = CARTESIAN_POINT('',(1.,0.));
#7771 = VECTOR('',#7772,1.);
#7772 = DIRECTION('',(0.,-1.));
#7773 = ( GEOMETRIC_REPRESENTATION_CONTEXT(2) 
PARAMETRIC_REPRESENTATION_CONTEXT() REPRESENTATION_CONTEXT('2D SPACE',''
  ) );
#7774 = PCURVE('',#7775,#7782);
#7775 = SURFACE_OF_LINEAR_EXTRUSION('',#7776,#7780);
#7776 = B_SPLINE_CURVE_WITH_KNOTS('',2,(#7777,#7778,#7779),
  .UNSPECIFIED.,.F.,.F.,(3,3),(0.,1.),.PIECEWISE_BEZIER_KNOTS.);
#7777 = CARTESIAN_POINT('',(1.9089453125,-1.3,9.2208984375));
#7778 = CARTESIAN_POINT('',(1.926328125,-1.3,9.1853515625));
#7779 = CARTESIAN_POINT('',(1.926328125,-1.3,9.1427734375));
#7780 = VECTOR('',#7781,1.);
#7781 = DIRECTION('',(-0.,1.,-0.));
#7782 = DEFINITIONAL_REPRESENTATION('',(#7783),#7787);
#7783 = LINE('',#7784,#7785);
#7784 = CARTESIAN_POINT('',(0.,0.));
#7785 = VECTOR('',#7786,1.);
#7786 = DIRECTION('',(0.,-1.));
#7787 = ( GEOMETRIC_REPRESENTATION_CONTEXT(2) 
PARAMETRIC_REPRESENTATION_CONTEXT() REPRESENTATION_CONTEXT('2D SPACE',''
  ) );
#7788 = ORIENTED_EDGE('',*,*,#7789,.F.);
#7789 = EDGE_CURVE('',#7682,#7760,#7790,.T.);
#7790 = SURFACE_CURVE('',#7791,(#7795,#7802),.PCURVE_S1.);
#7791 = B_SPLINE_CURVE_WITH_KNOTS('',2,(#7792,#7793,#7794),
  .UNSPECIFIED.,.F.,.F.,(3,3),(0.,1.),.PIECEWISE_BEZIER_KNOTS.);
#7792 = CARTESIAN_POINT('',(1.863046875,-1.3,9.276171875));
#7793 = CARTESIAN_POINT('',(1.8915625,-1.3,9.2564453125));
#7794 = CARTESIAN_POINT('',(1.9089453125,-1.3,9.2208984375));
#7795 = PCURVE('',#7697,#7796);
#7796 = DEFINITIONAL_REPRESENTATION('',(#7797),#7801);
#7797 = LINE('',#7798,#7799);
#7798 = CARTESIAN_POINT('',(0.,0.));
#7799 = VECTOR('',#7800,1.);
#7800 = DIRECTION('',(1.,0.));
#7801 = ( GEOMETRIC_REPRESENTATION_CONTEXT(2) 
PARAMETRIC_REPRESENTATION_CONTEXT() REPRESENTATION_CONTEXT('2D SPACE',''
  ) );
#7802 = PCURVE('',#7410,#7803);
#7803 = DEFINITIONAL_REPRESENTATION('',(#7804),#7808);
#7804 = B_SPLINE_CURVE_WITH_KNOTS('',2,(#7805,#7806,#7807),
  .UNSPECIFIED.,.F.,.F.,(3,3),(0.,1.),.PIECEWISE_BEZIER_KNOTS.);
#7805 = CARTESIAN_POINT('',(0.435546875,0.5404296875));
#7806 = CARTESIAN_POINT('',(0.4640625,0.520703125));
#7807 = CARTESIAN_POINT('',(0.4814453125,0.48515625));
#7808 = ( GEOMETRIC_REPRESENTATION_CONTEXT(2) 
PARAMETRIC_REPRESENTATION_CONTEXT() REPRESENTATION_CONTEXT('2D SPACE',''
  ) );
#7809 = ADVANCED_FACE('',(#7810),#7775,.T.);
#7810 = FACE_BOUND('',#7811,.T.);
#7811 = EDGE_LOOP('',(#7812,#7813,#7836,#7866));
#7812 = ORIENTED_EDGE('',*,*,#7759,.T.);
#7813 = ORIENTED_EDGE('',*,*,#7814,.T.);
#7814 = EDGE_CURVE('',#7737,#7815,#7817,.T.);
#7815 = VERTEX_POINT('',#7816);
#7816 = CARTESIAN_POINT('',(1.926328125,-1.312,9.1427734375));
#7817 = SURFACE_CURVE('',#7818,(#7822,#7829),.PCURVE_S1.);
#7818 = B_SPLINE_CURVE_WITH_KNOTS('',2,(#7819,#7820,#7821),
  .UNSPECIFIED.,.F.,.F.,(3,3),(0.,1.),.PIECEWISE_BEZIER_KNOTS.);
#7819 = CARTESIAN_POINT('',(1.9089453125,-1.312,9.2208984375));
#7820 = CARTESIAN_POINT('',(1.926328125,-1.312,9.1853515625));
#7821 = CARTESIAN_POINT('',(1.926328125,-1.312,9.1427734375));
#7822 = PCURVE('',#7775,#7823);
#7823 = DEFINITIONAL_REPRESENTATION('',(#7824),#7828);
#7824 = LINE('',#7825,#7826);
#7825 = CARTESIAN_POINT('',(0.,-1.2E-02));
#7826 = VECTOR('',#7827,1.);
#7827 = DIRECTION('',(1.,0.));
#7828 = ( GEOMETRIC_REPRESENTATION_CONTEXT(2) 
PARAMETRIC_REPRESENTATION_CONTEXT() REPRESENTATION_CONTEXT('2D SPACE',''
  ) );
#7829 = PCURVE('',#7356,#7830);
#7830 = DEFINITIONAL_REPRESENTATION('',(#7831),#7835);
#7831 = B_SPLINE_CURVE_WITH_KNOTS('',2,(#7832,#7833,#7834),
  .UNSPECIFIED.,.F.,.F.,(3,3),(0.,1.),.PIECEWISE_BEZIER_KNOTS.);
#7832 = CARTESIAN_POINT('',(0.4814453125,0.48515625));
#7833 = CARTESIAN_POINT('',(0.498828125,0.449609375));
#7834 = CARTESIAN_POINT('',(0.498828125,0.40703125));
#7835 = ( GEOMETRIC_REPRESENTATION_CONTEXT(2) 
PARAMETRIC_REPRESENTATION_CONTEXT() REPRESENTATION_CONTEXT('2D SPACE',''
  ) );
#7836 = ORIENTED_EDGE('',*,*,#7837,.F.);
#7837 = EDGE_CURVE('',#7838,#7815,#7840,.T.);
#7838 = VERTEX_POINT('',#7839);
#7839 = CARTESIAN_POINT('',(1.926328125,-1.3,9.1427734375));
#7840 = SURFACE_CURVE('',#7841,(#7845,#7852),.PCURVE_S1.);
#7841 = LINE('',#7842,#7843);
#7842 = CARTESIAN_POINT('',(1.926328125,-1.3,9.1427734375));
#7843 = VECTOR('',#7844,1.);
#7844 = DIRECTION('',(0.,-1.,0.));
#7845 = PCURVE('',#7775,#7846);
#7846 = DEFINITIONAL_REPRESENTATION('',(#7847),#7851);
#7847 = LINE('',#7848,#7849);
#7848 = CARTESIAN_POINT('',(1.,0.));
#7849 = VECTOR('',#7850,1.);
#7850 = DIRECTION('',(0.,-1.));
#7851 = ( GEOMETRIC_REPRESENTATION_CONTEXT(2) 
PARAMETRIC_REPRESENTATION_CONTEXT() REPRESENTATION_CONTEXT('2D SPACE',''
  ) );
#7852 = PCURVE('',#7853,#7860);
#7853 = SURFACE_OF_LINEAR_EXTRUSION('',#7854,#7858);
#7854 = B_SPLINE_CURVE_WITH_KNOTS('',2,(#7855,#7856,#7857),
  .UNSPECIFIED.,.F.,.F.,(3,3),(0.,1.),.PIECEWISE_BEZIER_KNOTS.);
#7855 = CARTESIAN_POINT('',(1.926328125,-1.3,9.1427734375));
#7856 = CARTESIAN_POINT('',(1.926328125,-1.3,9.0697265625));
#7857 = CARTESIAN_POINT('',(1.87984375,-1.3,9.019140625));
#7858 = VECTOR('',#7859,1.);
#7859 = DIRECTION('',(-0.,1.,-0.));
#7860 = DEFINITIONAL_REPRESENTATION('',(#7861),#7865);
#7861 = LINE('',#7862,#7863);
#7862 = CARTESIAN_POINT('',(0.,0.));
#7863 = VECTOR('',#7864,1.);
#7864 = DIRECTION('',(0.,-1.));
#7865 = ( GEOMETRIC_REPRESENTATION_CONTEXT(2) 
PARAMETRIC_REPRESENTATION_CONTEXT() REPRESENTATION_CONTEXT('2D SPACE',''
  ) );
#7866 = ORIENTED_EDGE('',*,*,#7867,.F.);
#7867 = EDGE_CURVE('',#7760,#7838,#7868,.T.);
#7868 = SURFACE_CURVE('',#7869,(#7873,#7880),.PCURVE_S1.);
#7869 = B_SPLINE_CURVE_WITH_KNOTS('',2,(#7870,#7871,#7872),
  .UNSPECIFIED.,.F.,.F.,(3,3),(0.,1.),.PIECEWISE_BEZIER_KNOTS.);
#7870 = CARTESIAN_POINT('',(1.9089453125,-1.3,9.2208984375));
#7871 = CARTESIAN_POINT('',(1.926328125,-1.3,9.1853515625));
#7872 = CARTESIAN_POINT('',(1.926328125,-1.3,9.1427734375));
#7873 = PCURVE('',#7775,#7874);
#7874 = DEFINITIONAL_REPRESENTATION('',(#7875),#7879);
#7875 = LINE('',#7876,#7877);
#7876 = CARTESIAN_POINT('',(0.,0.));
#7877 = VECTOR('',#7878,1.);
#7878 = DIRECTION('',(1.,0.));
#7879 = ( GEOMETRIC_REPRESENTATION_CONTEXT(2) 
PARAMETRIC_REPRESENTATION_CONTEXT() REPRESENTATION_CONTEXT('2D SPACE',''
  ) );
#7880 = PCURVE('',#7410,#7881);
#7881 = DEFINITIONAL_REPRESENTATION('',(#7882),#7886);
#7882 = B_SPLINE_CURVE_WITH_KNOTS('',2,(#7883,#7884,#7885),
  .UNSPECIFIED.,.F.,.F.,(3,3),(0.,1.),.PIECEWISE_BEZIER_KNOTS.);
#7883 = CARTESIAN_POINT('',(0.4814453125,0.48515625));
#7884 = CARTESIAN_POINT('',(0.498828125,0.449609375));
#7885 = CARTESIAN_POINT('',(0.498828125,0.40703125));
#7886 = ( GEOMETRIC_REPRESENTATION_CONTEXT(2) 
PARAMETRIC_REPRESENTATION_CONTEXT() REPRESENTATION_CONTEXT('2D SPACE',''
  ) );
#7887 = ADVANCED_FACE('',(#7888),#7853,.T.);
#7888 = FACE_BOUND('',#7889,.T.);
#7889 = EDGE_LOOP('',(#7890,#7891,#7914,#7944));
#7890 = ORIENTED_EDGE('',*,*,#7837,.T.);
#7891 = ORIENTED_EDGE('',*,*,#7892,.T.);
#7892 = EDGE_CURVE('',#7815,#7893,#7895,.T.);
#7893 = VERTEX_POINT('',#7894);
#7894 = CARTESIAN_POINT('',(1.87984375,-1.312,9.019140625));
#7895 = SURFACE_CURVE('',#7896,(#7900,#7907),.PCURVE_S1.);
#7896 = B_SPLINE_CURVE_WITH_KNOTS('',2,(#7897,#7898,#7899),
  .UNSPECIFIED.,.F.,.F.,(3,3),(0.,1.),.PIECEWISE_BEZIER_KNOTS.);
#7897 = CARTESIAN_POINT('',(1.926328125,-1.312,9.1427734375));
#7898 = CARTESIAN_POINT('',(1.926328125,-1.312,9.0697265625));
#7899 = CARTESIAN_POINT('',(1.87984375,-1.312,9.019140625));
#7900 = PCURVE('',#7853,#7901);
#7901 = DEFINITIONAL_REPRESENTATION('',(#7902),#7906);
#7902 = LINE('',#7903,#7904);
#7903 = CARTESIAN_POINT('',(0.,-1.2E-02));
#7904 = VECTOR('',#7905,1.);
#7905 = DIRECTION('',(1.,0.));
#7906 = ( GEOMETRIC_REPRESENTATION_CONTEXT(2) 
PARAMETRIC_REPRESENTATION_CONTEXT() REPRESENTATION_CONTEXT('2D SPACE',''
  ) );
#7907 = PCURVE('',#7356,#7908);
#7908 = DEFINITIONAL_REPRESENTATION('',(#7909),#7913);
#7909 = B_SPLINE_CURVE_WITH_KNOTS('',2,(#7910,#7911,#7912),
  .UNSPECIFIED.,.F.,.F.,(3,3),(0.,1.),.PIECEWISE_BEZIER_KNOTS.);
#7910 = CARTESIAN_POINT('',(0.498828125,0.40703125));
#7911 = CARTESIAN_POINT('',(0.498828125,0.333984375));
#7912 = CARTESIAN_POINT('',(0.45234375,0.2833984375));
#7913 = ( GEOMETRIC_REPRESENTATION_CONTEXT(2) 
PARAMETRIC_REPRESENTATION_CONTEXT() REPRESENTATION_CONTEXT('2D SPACE',''
  ) );
#7914 = ORIENTED_EDGE('',*,*,#7915,.F.);
#7915 = EDGE_CURVE('',#7916,#7893,#7918,.T.);
#7916 = VERTEX_POINT('',#7917);
#7917 = CARTESIAN_POINT('',(1.87984375,-1.3,9.019140625));
#7918 = SURFACE_CURVE('',#7919,(#7923,#7930),.PCURVE_S1.);
#7919 = LINE('',#7920,#7921);
#7920 = CARTESIAN_POINT('',(1.87984375,-1.3,9.019140625));
#7921 = VECTOR('',#7922,1.);
#7922 = DIRECTION('',(0.,-1.,0.));
#7923 = PCURVE('',#7853,#7924);
#7924 = DEFINITIONAL_REPRESENTATION('',(#7925),#7929);
#7925 = LINE('',#7926,#7927);
#7926 = CARTESIAN_POINT('',(1.,0.));
#7927 = VECTOR('',#7928,1.);
#7928 = DIRECTION('',(0.,-1.));
#7929 = ( GEOMETRIC_REPRESENTATION_CONTEXT(2) 
PARAMETRIC_REPRESENTATION_CONTEXT() REPRESENTATION_CONTEXT('2D SPACE',''
  ) );
#7930 = PCURVE('',#7931,#7938);
#7931 = SURFACE_OF_LINEAR_EXTRUSION('',#7932,#7936);
#7932 = B_SPLINE_CURVE_WITH_KNOTS('',2,(#7933,#7934,#7935),
  .UNSPECIFIED.,.F.,.F.,(3,3),(0.,1.),.PIECEWISE_BEZIER_KNOTS.);
#7933 = CARTESIAN_POINT('',(1.87984375,-1.3,9.019140625));
#7934 = CARTESIAN_POINT('',(1.833359375,-1.3,8.9685546875));
#7935 = CARTESIAN_POINT('',(1.711875,-1.3,8.9685546875));
#7936 = VECTOR('',#7937,1.);
#7937 = DIRECTION('',(-0.,1.,-0.));
#7938 = DEFINITIONAL_REPRESENTATION('',(#7939),#7943);
#7939 = LINE('',#7940,#7941);
#7940 = CARTESIAN_POINT('',(0.,0.));
#7941 = VECTOR('',#7942,1.);
#7942 = DIRECTION('',(0.,-1.));
#7943 = ( GEOMETRIC_REPRESENTATION_CONTEXT(2) 
PARAMETRIC_REPRESENTATION_CONTEXT() REPRESENTATION_CONTEXT('2D SPACE',''
  ) );
#7944 = ORIENTED_EDGE('',*,*,#7945,.F.);
#7945 = EDGE_CURVE('',#7838,#7916,#7946,.T.);
#7946 = SURFACE_CURVE('',#7947,(#7951,#7958),.PCURVE_S1.);
#7947 = B_SPLINE_CURVE_WITH_KNOTS('',2,(#7948,#7949,#7950),
  .UNSPECIFIED.,.F.,.F.,(3,3),(0.,1.),.PIECEWISE_BEZIER_KNOTS.);
#7948 = CARTESIAN_POINT('',(1.926328125,-1.3,9.1427734375));
#7949 = CARTESIAN_POINT('',(1.926328125,-1.3,9.0697265625));
#7950 = CARTESIAN_POINT('',(1.87984375,-1.3,9.019140625));
#7951 = PCURVE('',#7853,#7952);
#7952 = DEFINITIONAL_REPRESENTATION('',(#7953),#7957);
#7953 = LINE('',#7954,#7955);
#7954 = CARTESIAN_POINT('',(0.,0.));
#7955 = VECTOR('',#7956,1.);
#7956 = DIRECTION('',(1.,0.));
#7957 = ( GEOMETRIC_REPRESENTATION_CONTEXT(2) 
PARAMETRIC_REPRESENTATION_CONTEXT() REPRESENTATION_CONTEXT('2D SPACE',''
  ) );
#7958 = PCURVE('',#7410,#7959);
#7959 = DEFINITIONAL_REPRESENTATION('',(#7960),#7964);
#7960 = B_SPLINE_CURVE_WITH_KNOTS('',2,(#7961,#7962,#7963),
  .UNSPECIFIED.,.F.,.F.,(3,3),(0.,1.),.PIECEWISE_BEZIER_KNOTS.);
#7961 = CARTESIAN_POINT('',(0.498828125,0.40703125));
#7962 = CARTESIAN_POINT('',(0.498828125,0.333984375));
#7963 = CARTESIAN_POINT('',(0.45234375,0.2833984375));
#7964 = ( GEOMETRIC_REPRESENTATION_CONTEXT(2) 
PARAMETRIC_REPRESENTATION_CONTEXT() REPRESENTATION_CONTEXT('2D SPACE',''
  ) );
#7965 = ADVANCED_FACE('',(#7966),#7931,.T.);
#7966 = FACE_BOUND('',#7967,.T.);
#7967 = EDGE_LOOP('',(#7968,#7969,#7992,#8020));
#7968 = ORIENTED_EDGE('',*,*,#7915,.T.);
#7969 = ORIENTED_EDGE('',*,*,#7970,.T.);
#7970 = EDGE_CURVE('',#7893,#7971,#7973,.T.);
#7971 = VERTEX_POINT('',#7972);
#7972 = CARTESIAN_POINT('',(1.711875,-1.312,8.9685546875));
#7973 = SURFACE_CURVE('',#7974,(#7978,#7985),.PCURVE_S1.);
#7974 = B_SPLINE_CURVE_WITH_KNOTS('',2,(#7975,#7976,#7977),
  .UNSPECIFIED.,.F.,.F.,(3,3),(0.,1.),.PIECEWISE_BEZIER_KNOTS.);
#7975 = CARTESIAN_POINT('',(1.87984375,-1.312,9.019140625));
#7976 = CARTESIAN_POINT('',(1.833359375,-1.312,8.9685546875));
#7977 = CARTESIAN_POINT('',(1.711875,-1.312,8.9685546875));
#7978 = PCURVE('',#7931,#7979);
#7979 = DEFINITIONAL_REPRESENTATION('',(#7980),#7984);
#7980 = LINE('',#7981,#7982);
#7981 = CARTESIAN_POINT('',(0.,-1.2E-02));
#7982 = VECTOR('',#7983,1.);
#7983 = DIRECTION('',(1.,0.));
#7984 = ( GEOMETRIC_REPRESENTATION_CONTEXT(2) 
PARAMETRIC_REPRESENTATION_CONTEXT() REPRESENTATION_CONTEXT('2D SPACE',''
  ) );
#7985 = PCURVE('',#7356,#7986);
#7986 = DEFINITIONAL_REPRESENTATION('',(#7987),#7991);
#7987 = B_SPLINE_CURVE_WITH_KNOTS('',2,(#7988,#7989,#7990),
  .UNSPECIFIED.,.F.,.F.,(3,3),(0.,1.),.PIECEWISE_BEZIER_KNOTS.);
#7988 = CARTESIAN_POINT('',(0.45234375,0.2833984375));
#7989 = CARTESIAN_POINT('',(0.405859375,0.2328125));
#7990 = CARTESIAN_POINT('',(0.284375,0.2328125));
#7991 = ( GEOMETRIC_REPRESENTATION_CONTEXT(2) 
PARAMETRIC_REPRESENTATION_CONTEXT() REPRESENTATION_CONTEXT('2D SPACE',''
  ) );
#7992 = ORIENTED_EDGE('',*,*,#7993,.F.);
#7993 = EDGE_CURVE('',#7994,#7971,#7996,.T.);
#7994 = VERTEX_POINT('',#7995);
#7995 = CARTESIAN_POINT('',(1.711875,-1.3,8.9685546875));
#7996 = SURFACE_CURVE('',#7997,(#8001,#8008),.PCURVE_S1.);
#7997 = LINE('',#7998,#7999);
#7998 = CARTESIAN_POINT('',(1.711875,-1.3,8.9685546875));
#7999 = VECTOR('',#8000,1.);
#8000 = DIRECTION('',(0.,-1.,0.));
#8001 = PCURVE('',#7931,#8002);
#8002 = DEFINITIONAL_REPRESENTATION('',(#8003),#8007);
#8003 = LINE('',#8004,#8005);
#8004 = CARTESIAN_POINT('',(1.,0.));
#8005 = VECTOR('',#8006,1.);
#8006 = DIRECTION('',(0.,-1.));
#8007 = ( GEOMETRIC_REPRESENTATION_CONTEXT(2) 
PARAMETRIC_REPRESENTATION_CONTEXT() REPRESENTATION_CONTEXT('2D SPACE',''
  ) );
#8008 = PCURVE('',#8009,#8014);
#8009 = PLANE('',#8010);
#8010 = AXIS2_PLACEMENT_3D('',#8011,#8012,#8013);
#8011 = CARTESIAN_POINT('',(1.711875,-1.3,8.9685546875));
#8012 = DIRECTION('',(0.,0.,-1.));
#8013 = DIRECTION('',(-1.,0.,0.));
#8014 = DEFINITIONAL_REPRESENTATION('',(#8015),#8019);
#8015 = LINE('',#8016,#8017);
#8016 = CARTESIAN_POINT('',(0.,-0.));
#8017 = VECTOR('',#8018,1.);
#8018 = DIRECTION('',(0.,-1.));
#8019 = ( GEOMETRIC_REPRESENTATION_CONTEXT(2) 
PARAMETRIC_REPRESENTATION_CONTEXT() REPRESENTATION_CONTEXT('2D SPACE',''
  ) );
#8020 = ORIENTED_EDGE('',*,*,#8021,.F.);
#8021 = EDGE_CURVE('',#7916,#7994,#8022,.T.);
#8022 = SURFACE_CURVE('',#8023,(#8027,#8034),.PCURVE_S1.);
#8023 = B_SPLINE_CURVE_WITH_KNOTS('',2,(#8024,#8025,#8026),
  .UNSPECIFIED.,.F.,.F.,(3,3),(0.,1.),.PIECEWISE_BEZIER_KNOTS.);
#8024 = CARTESIAN_POINT('',(1.87984375,-1.3,9.019140625));
#8025 = CARTESIAN_POINT('',(1.833359375,-1.3,8.9685546875));
#8026 = CARTESIAN_POINT('',(1.711875,-1.3,8.9685546875));
#8027 = PCURVE('',#7931,#8028);
#8028 = DEFINITIONAL_REPRESENTATION('',(#8029),#8033);
#8029 = LINE('',#8030,#8031);
#8030 = CARTESIAN_POINT('',(0.,0.));
#8031 = VECTOR('',#8032,1.);
#8032 = DIRECTION('',(1.,0.));
#8033 = ( GEOMETRIC_REPRESENTATION_CONTEXT(2) 
PARAMETRIC_REPRESENTATION_CONTEXT() REPRESENTATION_CONTEXT('2D SPACE',''
  ) );
#8034 = PCURVE('',#7410,#8035);
#8035 = DEFINITIONAL_REPRESENTATION('',(#8036),#8040);
#8036 = B_SPLINE_CURVE_WITH_KNOTS('',2,(#8037,#8038,#8039),
  .UNSPECIFIED.,.F.,.F.,(3,3),(0.,1.),.PIECEWISE_BEZIER_KNOTS.);
#8037 = CARTESIAN_POINT('',(0.45234375,0.2833984375));
#8038 = CARTESIAN_POINT('',(0.405859375,0.2328125));
#8039 = CARTESIAN_POINT('',(0.284375,0.2328125));
#8040 = ( GEOMETRIC_REPRESENTATION_CONTEXT(2) 
PARAMETRIC_REPRESENTATION_CONTEXT() REPRESENTATION_CONTEXT('2D SPACE',''
  ) );
#8041 = ADVANCED_FACE('',(#8042),#8009,.T.);
#8042 = FACE_BOUND('',#8043,.T.);
#8043 = EDGE_LOOP('',(#8044,#8045,#8068,#8091));
#8044 = ORIENTED_EDGE('',*,*,#7993,.T.);
#8045 = ORIENTED_EDGE('',*,*,#8046,.T.);
#8046 = EDGE_CURVE('',#7971,#8047,#8049,.T.);
#8047 = VERTEX_POINT('',#8048);
#8048 = CARTESIAN_POINT('',(1.565,-1.312,8.9685546875));
#8049 = SURFACE_CURVE('',#8050,(#8054,#8061),.PCURVE_S1.);
#8050 = LINE('',#8051,#8052);
#8051 = CARTESIAN_POINT('',(1.711875,-1.312,8.9685546875));
#8052 = VECTOR('',#8053,1.);
#8053 = DIRECTION('',(-1.,0.,0.));
#8054 = PCURVE('',#8009,#8055);
#8055 = DEFINITIONAL_REPRESENTATION('',(#8056),#8060);
#8056 = LINE('',#8057,#8058);
#8057 = CARTESIAN_POINT('',(2.22044604925E-16,-1.2E-02));
#8058 = VECTOR('',#8059,1.);
#8059 = DIRECTION('',(1.,0.));
#8060 = ( GEOMETRIC_REPRESENTATION_CONTEXT(2) 
PARAMETRIC_REPRESENTATION_CONTEXT() REPRESENTATION_CONTEXT('2D SPACE',''
  ) );
#8061 = PCURVE('',#7356,#8062);
#8062 = DEFINITIONAL_REPRESENTATION('',(#8063),#8067);
#8063 = LINE('',#8064,#8065);
#8064 = CARTESIAN_POINT('',(0.284375,0.2328125));
#8065 = VECTOR('',#8066,1.);
#8066 = DIRECTION('',(-1.,0.));
#8067 = ( GEOMETRIC_REPRESENTATION_CONTEXT(2) 
PARAMETRIC_REPRESENTATION_CONTEXT() REPRESENTATION_CONTEXT('2D SPACE',''
  ) );
#8068 = ORIENTED_EDGE('',*,*,#8069,.F.);
#8069 = EDGE_CURVE('',#8070,#8047,#8072,.T.);
#8070 = VERTEX_POINT('',#8071);
#8071 = CARTESIAN_POINT('',(1.565,-1.3,8.9685546875));
#8072 = SURFACE_CURVE('',#8073,(#8077,#8084),.PCURVE_S1.);
#8073 = LINE('',#8074,#8075);
#8074 = CARTESIAN_POINT('',(1.565,-1.3,8.9685546875));
#8075 = VECTOR('',#8076,1.);
#8076 = DIRECTION('',(0.,-1.,0.));
#8077 = PCURVE('',#8009,#8078);
#8078 = DEFINITIONAL_REPRESENTATION('',(#8079),#8083);
#8079 = LINE('',#8080,#8081);
#8080 = CARTESIAN_POINT('',(0.146875,0.));
#8081 = VECTOR('',#8082,1.);
#8082 = DIRECTION('',(0.,-1.));
#8083 = ( GEOMETRIC_REPRESENTATION_CONTEXT(2) 
PARAMETRIC_REPRESENTATION_CONTEXT() REPRESENTATION_CONTEXT('2D SPACE',''
  ) );
#8084 = PCURVE('',#7328,#8085);
#8085 = DEFINITIONAL_REPRESENTATION('',(#8086),#8090);
#8086 = LINE('',#8087,#8088);
#8087 = CARTESIAN_POINT('',(0.,0.));
#8088 = VECTOR('',#8089,1.);
#8089 = DIRECTION('',(0.,-1.));
#8090 = ( GEOMETRIC_REPRESENTATION_CONTEXT(2) 
PARAMETRIC_REPRESENTATION_CONTEXT() REPRESENTATION_CONTEXT('2D SPACE',''
  ) );
#8091 = ORIENTED_EDGE('',*,*,#8092,.F.);
#8092 = EDGE_CURVE('',#7994,#8070,#8093,.T.);
#8093 = SURFACE_CURVE('',#8094,(#8098,#8105),.PCURVE_S1.);
#8094 = LINE('',#8095,#8096);
#8095 = CARTESIAN_POINT('',(1.711875,-1.3,8.9685546875));
#8096 = VECTOR('',#8097,1.);
#8097 = DIRECTION('',(-1.,0.,0.));
#8098 = PCURVE('',#8009,#8099);
#8099 = DEFINITIONAL_REPRESENTATION('',(#8100),#8104);
#8100 = LINE('',#8101,#8102);
#8101 = CARTESIAN_POINT('',(2.22044604925E-16,0.));
#8102 = VECTOR('',#8103,1.);
#8103 = DIRECTION('',(1.,0.));
#8104 = ( GEOMETRIC_REPRESENTATION_CONTEXT(2) 
PARAMETRIC_REPRESENTATION_CONTEXT() REPRESENTATION_CONTEXT('2D SPACE',''
  ) );
#8105 = PCURVE('',#7410,#8106);
#8106 = DEFINITIONAL_REPRESENTATION('',(#8107),#8111);
#8107 = LINE('',#8108,#8109);
#8108 = CARTESIAN_POINT('',(0.284375,0.2328125));
#8109 = VECTOR('',#8110,1.);
#8110 = DIRECTION('',(-1.,0.));
#8111 = ( GEOMETRIC_REPRESENTATION_CONTEXT(2) 
PARAMETRIC_REPRESENTATION_CONTEXT() REPRESENTATION_CONTEXT('2D SPACE',''
  ) );
#8112 = ADVANCED_FACE('',(#8113),#7328,.T.);
#8113 = FACE_BOUND('',#8114,.T.);
#8114 = EDGE_LOOP('',(#8115,#8116,#8137,#8138));
#8115 = ORIENTED_EDGE('',*,*,#8069,.T.);
#8116 = ORIENTED_EDGE('',*,*,#8117,.T.);
#8117 = EDGE_CURVE('',#8047,#7308,#8118,.T.);
#8118 = SURFACE_CURVE('',#8119,(#8123,#8130),.PCURVE_S1.);
#8119 = LINE('',#8120,#8121);
#8120 = CARTESIAN_POINT('',(1.565,-1.312,8.9685546875));
#8121 = VECTOR('',#8122,1.);
#8122 = DIRECTION('',(0.,0.,-1.));
#8123 = PCURVE('',#7328,#8124);
#8124 = DEFINITIONAL_REPRESENTATION('',(#8125),#8129);
#8125 = LINE('',#8126,#8127);
#8126 = CARTESIAN_POINT('',(0.,-1.2E-02));
#8127 = VECTOR('',#8128,1.);
#8128 = DIRECTION('',(1.,0.));
#8129 = ( GEOMETRIC_REPRESENTATION_CONTEXT(2) 
PARAMETRIC_REPRESENTATION_CONTEXT() REPRESENTATION_CONTEXT('2D SPACE',''
  ) );
#8130 = PCURVE('',#7356,#8131);
#8131 = DEFINITIONAL_REPRESENTATION('',(#8132),#8136);
#8132 = LINE('',#8133,#8134);
#8133 = CARTESIAN_POINT('',(0.1375,0.2328125));
#8134 = VECTOR('',#8135,1.);
#8135 = DIRECTION('',(0.,-1.));
#8136 = ( GEOMETRIC_REPRESENTATION_CONTEXT(2) 
PARAMETRIC_REPRESENTATION_CONTEXT() REPRESENTATION_CONTEXT('2D SPACE',''
  ) );
#8137 = ORIENTED_EDGE('',*,*,#7305,.F.);
#8138 = ORIENTED_EDGE('',*,*,#8139,.F.);
#8139 = EDGE_CURVE('',#8070,#7306,#8140,.T.);
#8140 = SURFACE_CURVE('',#8141,(#8145,#8152),.PCURVE_S1.);
#8141 = LINE('',#8142,#8143);
#8142 = CARTESIAN_POINT('',(1.565,-1.3,8.9685546875));
#8143 = VECTOR('',#8144,1.);
#8144 = DIRECTION('',(0.,0.,-1.));
#8145 = PCURVE('',#7328,#8146);
#8146 = DEFINITIONAL_REPRESENTATION('',(#8147),#8151);
#8147 = LINE('',#8148,#8149);
#8148 = CARTESIAN_POINT('',(0.,0.));
#8149 = VECTOR('',#8150,1.);
#8150 = DIRECTION('',(1.,0.));
#8151 = ( GEOMETRIC_REPRESENTATION_CONTEXT(2) 
PARAMETRIC_REPRESENTATION_CONTEXT() REPRESENTATION_CONTEXT('2D SPACE',''
  ) );
#8152 = PCURVE('',#7410,#8153);
#8153 = DEFINITIONAL_REPRESENTATION('',(#8154),#8158);
#8154 = LINE('',#8155,#8156);
#8155 = CARTESIAN_POINT('',(0.1375,0.2328125));
#8156 = VECTOR('',#8157,1.);
#8157 = DIRECTION('',(0.,-1.));
#8158 = ( GEOMETRIC_REPRESENTATION_CONTEXT(2) 
PARAMETRIC_REPRESENTATION_CONTEXT() REPRESENTATION_CONTEXT('2D SPACE',''
  ) );
#8159 = ADVANCED_FACE('',(#8160),#8174,.T.);
#8160 = FACE_BOUND('',#8161,.T.);
#8161 = EDGE_LOOP('',(#8162,#8197,#8220,#8248));
#8162 = ORIENTED_EDGE('',*,*,#8163,.T.);
#8163 = EDGE_CURVE('',#8164,#8166,#8168,.T.);
#8164 = VERTEX_POINT('',#8165);
#8165 = CARTESIAN_POINT('',(1.565,-1.3,9.2408203125));
#8166 = VERTEX_POINT('',#8167);
#8167 = CARTESIAN_POINT('',(1.565,-1.312,9.2408203125));
#8168 = SURFACE_CURVE('',#8169,(#8173,#8185),.PCURVE_S1.);
#8169 = LINE('',#8170,#8171);
#8170 = CARTESIAN_POINT('',(1.565,-1.3,9.2408203125));
#8171 = VECTOR('',#8172,1.);
#8172 = DIRECTION('',(0.,-1.,0.));
#8173 = PCURVE('',#8174,#8179);
#8174 = PLANE('',#8175);
#8175 = AXIS2_PLACEMENT_3D('',#8176,#8177,#8178);
#8176 = CARTESIAN_POINT('',(1.565,-1.3,9.2408203125));
#8177 = DIRECTION('',(1.,0.,0.));
#8178 = DIRECTION('',(0.,0.,-1.));
#8179 = DEFINITIONAL_REPRESENTATION('',(#8180),#8184);
#8180 = LINE('',#8181,#8182);
#8181 = CARTESIAN_POINT('',(0.,0.));
#8182 = VECTOR('',#8183,1.);
#8183 = DIRECTION('',(0.,-1.));
#8184 = ( GEOMETRIC_REPRESENTATION_CONTEXT(2) 
PARAMETRIC_REPRESENTATION_CONTEXT() REPRESENTATION_CONTEXT('2D SPACE',''
  ) );
#8185 = PCURVE('',#8186,#8191);
#8186 = PLANE('',#8187);
#8187 = AXIS2_PLACEMENT_3D('',#8188,#8189,#8190);
#8188 = CARTESIAN_POINT('',(1.711484375,-1.3,9.2408203125));
#8189 = DIRECTION('',(0.,0.,-1.));
#8190 = DIRECTION('',(-1.,0.,0.));
#8191 = DEFINITIONAL_REPRESENTATION('',(#8192),#8196);
#8192 = LINE('',#8193,#8194);
#8193 = CARTESIAN_POINT('',(0.146484375,0.));
#8194 = VECTOR('',#8195,1.);
#8195 = DIRECTION('',(0.,-1.));
#8196 = ( GEOMETRIC_REPRESENTATION_CONTEXT(2) 
PARAMETRIC_REPRESENTATION_CONTEXT() REPRESENTATION_CONTEXT('2D SPACE',''
  ) );
#8197 = ORIENTED_EDGE('',*,*,#8198,.T.);
#8198 = EDGE_CURVE('',#8166,#8199,#8201,.T.);
#8199 = VERTEX_POINT('',#8200);
#8200 = CARTESIAN_POINT('',(1.565,-1.312,9.0361328125));
#8201 = SURFACE_CURVE('',#8202,(#8206,#8213),.PCURVE_S1.);
#8202 = LINE('',#8203,#8204);
#8203 = CARTESIAN_POINT('',(1.565,-1.312,9.2408203125));
#8204 = VECTOR('',#8205,1.);
#8205 = DIRECTION('',(0.,0.,-1.));
#8206 = PCURVE('',#8174,#8207);
#8207 = DEFINITIONAL_REPRESENTATION('',(#8208),#8212);
#8208 = LINE('',#8209,#8210);
#8209 = CARTESIAN_POINT('',(0.,-1.2E-02));
#8210 = VECTOR('',#8211,1.);
#8211 = DIRECTION('',(1.,0.));
#8212 = ( GEOMETRIC_REPRESENTATION_CONTEXT(2) 
PARAMETRIC_REPRESENTATION_CONTEXT() REPRESENTATION_CONTEXT('2D SPACE',''
  ) );
#8213 = PCURVE('',#7356,#8214);
#8214 = DEFINITIONAL_REPRESENTATION('',(#8215),#8219);
#8215 = LINE('',#8216,#8217);
#8216 = CARTESIAN_POINT('',(0.1375,0.505078125));
#8217 = VECTOR('',#8218,1.);
#8218 = DIRECTION('',(0.,-1.));
#8219 = ( GEOMETRIC_REPRESENTATION_CONTEXT(2) 
PARAMETRIC_REPRESENTATION_CONTEXT() REPRESENTATION_CONTEXT('2D SPACE',''
  ) );
#8220 = ORIENTED_EDGE('',*,*,#8221,.F.);
#8221 = EDGE_CURVE('',#8222,#8199,#8224,.T.);
#8222 = VERTEX_POINT('',#8223);
#8223 = CARTESIAN_POINT('',(1.565,-1.3,9.0361328125));
#8224 = SURFACE_CURVE('',#8225,(#8229,#8236),.PCURVE_S1.);
#8225 = LINE('',#8226,#8227);
#8226 = CARTESIAN_POINT('',(1.565,-1.3,9.0361328125));
#8227 = VECTOR('',#8228,1.);
#8228 = DIRECTION('',(0.,-1.,0.));
#8229 = PCURVE('',#8174,#8230);
#8230 = DEFINITIONAL_REPRESENTATION('',(#8231),#8235);
#8231 = LINE('',#8232,#8233);
#8232 = CARTESIAN_POINT('',(0.2046875,0.));
#8233 = VECTOR('',#8234,1.);
#8234 = DIRECTION('',(0.,-1.));
#8235 = ( GEOMETRIC_REPRESENTATION_CONTEXT(2) 
PARAMETRIC_REPRESENTATION_CONTEXT() REPRESENTATION_CONTEXT('2D SPACE',''
  ) );
#8236 = PCURVE('',#8237,#8242);
#8237 = PLANE('',#8238);
#8238 = AXIS2_PLACEMENT_3D('',#8239,#8240,#8241);
#8239 = CARTESIAN_POINT('',(1.565,-1.3,9.0361328125));
#8240 = DIRECTION('',(0.,0.,1.));
#8241 = DIRECTION('',(1.,0.,0.));
#8242 = DEFINITIONAL_REPRESENTATION('',(#8243),#8247);
#8243 = LINE('',#8244,#8245);
#8244 = CARTESIAN_POINT('',(0.,0.));
#8245 = VECTOR('',#8246,1.);
#8246 = DIRECTION('',(0.,-1.));
#8247 = ( GEOMETRIC_REPRESENTATION_CONTEXT(2) 
PARAMETRIC_REPRESENTATION_CONTEXT() REPRESENTATION_CONTEXT('2D SPACE',''
  ) );
#8248 = ORIENTED_EDGE('',*,*,#8249,.F.);
#8249 = EDGE_CURVE('',#8164,#8222,#8250,.T.);
#8250 = SURFACE_CURVE('',#8251,(#8255,#8262),.PCURVE_S1.);
#8251 = LINE('',#8252,#8253);
#8252 = CARTESIAN_POINT('',(1.565,-1.3,9.2408203125));
#8253 = VECTOR('',#8254,1.);
#8254 = DIRECTION('',(0.,0.,-1.));
#8255 = PCURVE('',#8174,#8256);
#8256 = DEFINITIONAL_REPRESENTATION('',(#8257),#8261);
#8257 = LINE('',#8258,#8259);
#8258 = CARTESIAN_POINT('',(0.,0.));
#8259 = VECTOR('',#8260,1.);
#8260 = DIRECTION('',(1.,0.));
#8261 = ( GEOMETRIC_REPRESENTATION_CONTEXT(2) 
PARAMETRIC_REPRESENTATION_CONTEXT() REPRESENTATION_CONTEXT('2D SPACE',''
  ) );
#8262 = PCURVE('',#7410,#8263);
#8263 = DEFINITIONAL_REPRESENTATION('',(#8264),#8268);
#8264 = LINE('',#8265,#8266);
#8265 = CARTESIAN_POINT('',(0.1375,0.505078125));
#8266 = VECTOR('',#8267,1.);
#8267 = DIRECTION('',(0.,-1.));
#8268 = ( GEOMETRIC_REPRESENTATION_CONTEXT(2) 
PARAMETRIC_REPRESENTATION_CONTEXT() REPRESENTATION_CONTEXT('2D SPACE',''
  ) );
#8269 = ADVANCED_FACE('',(#8270),#8237,.T.);
#8270 = FACE_BOUND('',#8271,.T.);
#8271 = EDGE_LOOP('',(#8272,#8273,#8296,#8326));
#8272 = ORIENTED_EDGE('',*,*,#8221,.T.);
#8273 = ORIENTED_EDGE('',*,*,#8274,.T.);
#8274 = EDGE_CURVE('',#8199,#8275,#8277,.T.);
#8275 = VERTEX_POINT('',#8276);
#8276 = CARTESIAN_POINT('',(1.713046875,-1.312,9.0361328125));
#8277 = SURFACE_CURVE('',#8278,(#8282,#8289),.PCURVE_S1.);
#8278 = LINE('',#8279,#8280);
#8279 = CARTESIAN_POINT('',(1.565,-1.312,9.0361328125));
#8280 = VECTOR('',#8281,1.);
#8281 = DIRECTION('',(1.,0.,0.));
#8282 = PCURVE('',#8237,#8283);
#8283 = DEFINITIONAL_REPRESENTATION('',(#8284),#8288);
#8284 = LINE('',#8285,#8286);
#8285 = CARTESIAN_POINT('',(2.22044604925E-16,-1.2E-02));
#8286 = VECTOR('',#8287,1.);
#8287 = DIRECTION('',(1.,0.));
#8288 = ( GEOMETRIC_REPRESENTATION_CONTEXT(2) 
PARAMETRIC_REPRESENTATION_CONTEXT() REPRESENTATION_CONTEXT('2D SPACE',''
  ) );
#8289 = PCURVE('',#7356,#8290);
#8290 = DEFINITIONAL_REPRESENTATION('',(#8291),#8295);
#8291 = LINE('',#8292,#8293);
#8292 = CARTESIAN_POINT('',(0.1375,0.300390625));
#8293 = VECTOR('',#8294,1.);
#8294 = DIRECTION('',(1.,0.));
#8295 = ( GEOMETRIC_REPRESENTATION_CONTEXT(2) 
PARAMETRIC_REPRESENTATION_CONTEXT() REPRESENTATION_CONTEXT('2D SPACE',''
  ) );
#8296 = ORIENTED_EDGE('',*,*,#8297,.F.);
#8297 = EDGE_CURVE('',#8298,#8275,#8300,.T.);
#8298 = VERTEX_POINT('',#8299);
#8299 = CARTESIAN_POINT('',(1.713046875,-1.3,9.0361328125));
#8300 = SURFACE_CURVE('',#8301,(#8305,#8312),.PCURVE_S1.);
#8301 = LINE('',#8302,#8303);
#8302 = CARTESIAN_POINT('',(1.713046875,-1.3,9.0361328125));
#8303 = VECTOR('',#8304,1.);
#8304 = DIRECTION('',(0.,-1.,0.));
#8305 = PCURVE('',#8237,#8306);
#8306 = DEFINITIONAL_REPRESENTATION('',(#8307),#8311);
#8307 = LINE('',#8308,#8309);
#8308 = CARTESIAN_POINT('',(0.148046875,0.));
#8309 = VECTOR('',#8310,1.);
#8310 = DIRECTION('',(0.,-1.));
#8311 = ( GEOMETRIC_REPRESENTATION_CONTEXT(2) 
PARAMETRIC_REPRESENTATION_CONTEXT() REPRESENTATION_CONTEXT('2D SPACE',''
  ) );
#8312 = PCURVE('',#8313,#8320);
#8313 = SURFACE_OF_LINEAR_EXTRUSION('',#8314,#8318);
#8314 = B_SPLINE_CURVE_WITH_KNOTS('',2,(#8315,#8316,#8317),
  .UNSPECIFIED.,.F.,.F.,(3,3),(0.,1.),.PIECEWISE_BEZIER_KNOTS.);
#8315 = CARTESIAN_POINT('',(1.713046875,-1.3,9.0361328125));
#8316 = CARTESIAN_POINT('',(1.786484375,-1.3,9.0361328125));
#8317 = CARTESIAN_POINT('',(1.81734375,-1.3,9.0634765625));
#8318 = VECTOR('',#8319,1.);
#8319 = DIRECTION('',(-0.,1.,-0.));
#8320 = DEFINITIONAL_REPRESENTATION('',(#8321),#8325);
#8321 = LINE('',#8322,#8323);
#8322 = CARTESIAN_POINT('',(0.,0.));
#8323 = VECTOR('',#8324,1.);
#8324 = DIRECTION('',(0.,-1.));
#8325 = ( GEOMETRIC_REPRESENTATION_CONTEXT(2) 
PARAMETRIC_REPRESENTATION_CONTEXT() REPRESENTATION_CONTEXT('2D SPACE',''
  ) );
#8326 = ORIENTED_EDGE('',*,*,#8327,.F.);
#8327 = EDGE_CURVE('',#8222,#8298,#8328,.T.);
#8328 = SURFACE_CURVE('',#8329,(#8333,#8340),.PCURVE_S1.);
#8329 = LINE('',#8330,#8331);
#8330 = CARTESIAN_POINT('',(1.565,-1.3,9.0361328125));
#8331 = VECTOR('',#8332,1.);
#8332 = DIRECTION('',(1.,0.,0.));
#8333 = PCURVE('',#8237,#8334);
#8334 = DEFINITIONAL_REPRESENTATION('',(#8335),#8339);
#8335 = LINE('',#8336,#8337);
#8336 = CARTESIAN_POINT('',(2.22044604925E-16,0.));
#8337 = VECTOR('',#8338,1.);
#8338 = DIRECTION('',(1.,0.));
#8339 = ( GEOMETRIC_REPRESENTATION_CONTEXT(2) 
PARAMETRIC_REPRESENTATION_CONTEXT() REPRESENTATION_CONTEXT('2D SPACE',''
  ) );
#8340 = PCURVE('',#7410,#8341);
#8341 = DEFINITIONAL_REPRESENTATION('',(#8342),#8346);
#8342 = LINE('',#8343,#8344);
#8343 = CARTESIAN_POINT('',(0.1375,0.300390625));
#8344 = VECTOR('',#8345,1.);
#8345 = DIRECTION('',(1.,0.));
#8346 = ( GEOMETRIC_REPRESENTATION_CONTEXT(2) 
PARAMETRIC_REPRESENTATION_CONTEXT() REPRESENTATION_CONTEXT('2D SPACE',''
  ) );
#8347 = ADVANCED_FACE('',(#8348),#8313,.T.);
#8348 = FACE_BOUND('',#8349,.T.);
#8349 = EDGE_LOOP('',(#8350,#8351,#8374,#8404));
#8350 = ORIENTED_EDGE('',*,*,#8297,.T.);
#8351 = ORIENTED_EDGE('',*,*,#8352,.T.);
#8352 = EDGE_CURVE('',#8275,#8353,#8355,.T.);
#8353 = VERTEX_POINT('',#8354);
#8354 = CARTESIAN_POINT('',(1.81734375,-1.312,9.0634765625));
#8355 = SURFACE_CURVE('',#8356,(#8360,#8367),.PCURVE_S1.);
#8356 = B_SPLINE_CURVE_WITH_KNOTS('',2,(#8357,#8358,#8359),
  .UNSPECIFIED.,.F.,.F.,(3,3),(0.,1.),.PIECEWISE_BEZIER_KNOTS.);
#8357 = CARTESIAN_POINT('',(1.713046875,-1.312,9.0361328125));
#8358 = CARTESIAN_POINT('',(1.786484375,-1.312,9.0361328125));
#8359 = CARTESIAN_POINT('',(1.81734375,-1.312,9.0634765625));
#8360 = PCURVE('',#8313,#8361);
#8361 = DEFINITIONAL_REPRESENTATION('',(#8362),#8366);
#8362 = LINE('',#8363,#8364);
#8363 = CARTESIAN_POINT('',(0.,-1.2E-02));
#8364 = VECTOR('',#8365,1.);
#8365 = DIRECTION('',(1.,0.));
#8366 = ( GEOMETRIC_REPRESENTATION_CONTEXT(2) 
PARAMETRIC_REPRESENTATION_CONTEXT() REPRESENTATION_CONTEXT('2D SPACE',''
  ) );
#8367 = PCURVE('',#7356,#8368);
#8368 = DEFINITIONAL_REPRESENTATION('',(#8369),#8373);
#8369 = B_SPLINE_CURVE_WITH_KNOTS('',2,(#8370,#8371,#8372),
  .UNSPECIFIED.,.F.,.F.,(3,3),(0.,1.),.PIECEWISE_BEZIER_KNOTS.);
#8370 = CARTESIAN_POINT('',(0.285546875,0.300390625));
#8371 = CARTESIAN_POINT('',(0.358984375,0.300390625));
#8372 = CARTESIAN_POINT('',(0.38984375,0.327734375));
#8373 = ( GEOMETRIC_REPRESENTATION_CONTEXT(2) 
PARAMETRIC_REPRESENTATION_CONTEXT() REPRESENTATION_CONTEXT('2D SPACE',''
  ) );
#8374 = ORIENTED_EDGE('',*,*,#8375,.F.);
#8375 = EDGE_CURVE('',#8376,#8353,#8378,.T.);
#8376 = VERTEX_POINT('',#8377);
#8377 = CARTESIAN_POINT('',(1.81734375,-1.3,9.0634765625));
#8378 = SURFACE_CURVE('',#8379,(#8383,#8390),.PCURVE_S1.);
#8379 = LINE('',#8380,#8381);
#8380 = CARTESIAN_POINT('',(1.81734375,-1.3,9.0634765625));
#8381 = VECTOR('',#8382,1.);
#8382 = DIRECTION('',(0.,-1.,0.));
#8383 = PCURVE('',#8313,#8384);
#8384 = DEFINITIONAL_REPRESENTATION('',(#8385),#8389);
#8385 = LINE('',#8386,#8387);
#8386 = CARTESIAN_POINT('',(1.,0.));
#8387 = VECTOR('',#8388,1.);
#8388 = DIRECTION('',(0.,-1.));
#8389 = ( GEOMETRIC_REPRESENTATION_CONTEXT(2) 
PARAMETRIC_REPRESENTATION_CONTEXT() REPRESENTATION_CONTEXT('2D SPACE',''
  ) );
#8390 = PCURVE('',#8391,#8398);
#8391 = SURFACE_OF_LINEAR_EXTRUSION('',#8392,#8396);
#8392 = B_SPLINE_CURVE_WITH_KNOTS('',2,(#8393,#8394,#8395),
  .UNSPECIFIED.,.F.,.F.,(3,3),(0.,1.),.PIECEWISE_BEZIER_KNOTS.);
#8393 = CARTESIAN_POINT('',(1.81734375,-1.3,9.0634765625));
#8394 = CARTESIAN_POINT('',(1.848203125,-1.3,9.0908203125));
#8395 = CARTESIAN_POINT('',(1.848203125,-1.3,9.1404296875));
#8396 = VECTOR('',#8397,1.);
#8397 = DIRECTION('',(-0.,1.,-0.));
#8398 = DEFINITIONAL_REPRESENTATION('',(#8399),#8403);
#8399 = LINE('',#8400,#8401);
#8400 = CARTESIAN_POINT('',(0.,0.));
#8401 = VECTOR('',#8402,1.);
#8402 = DIRECTION('',(0.,-1.));
#8403 = ( GEOMETRIC_REPRESENTATION_CONTEXT(2) 
PARAMETRIC_REPRESENTATION_CONTEXT() REPRESENTATION_CONTEXT('2D SPACE',''
  ) );
#8404 = ORIENTED_EDGE('',*,*,#8405,.F.);
#8405 = EDGE_CURVE('',#8298,#8376,#8406,.T.);
#8406 = SURFACE_CURVE('',#8407,(#8411,#8418),.PCURVE_S1.);
#8407 = B_SPLINE_CURVE_WITH_KNOTS('',2,(#8408,#8409,#8410),
  .UNSPECIFIED.,.F.,.F.,(3,3),(0.,1.),.PIECEWISE_BEZIER_KNOTS.);
#8408 = CARTESIAN_POINT('',(1.713046875,-1.3,9.0361328125));
#8409 = CARTESIAN_POINT('',(1.786484375,-1.3,9.0361328125));
#8410 = CARTESIAN_POINT('',(1.81734375,-1.3,9.0634765625));
#8411 = PCURVE('',#8313,#8412);
#8412 = DEFINITIONAL_REPRESENTATION('',(#8413),#8417);
#8413 = LINE('',#8414,#8415);
#8414 = CARTESIAN_POINT('',(0.,0.));
#8415 = VECTOR('',#8416,1.);
#8416 = DIRECTION('',(1.,0.));
#8417 = ( GEOMETRIC_REPRESENTATION_CONTEXT(2) 
PARAMETRIC_REPRESENTATION_CONTEXT() REPRESENTATION_CONTEXT('2D SPACE',''
  ) );
#8418 = PCURVE('',#7410,#8419);
#8419 = DEFINITIONAL_REPRESENTATION('',(#8420),#8424);
#8420 = B_SPLINE_CURVE_WITH_KNOTS('',2,(#8421,#8422,#8423),
  .UNSPECIFIED.,.F.,.F.,(3,3),(0.,1.),.PIECEWISE_BEZIER_KNOTS.);
#8421 = CARTESIAN_POINT('',(0.285546875,0.300390625));
#8422 = CARTESIAN_POINT('',(0.358984375,0.300390625));
#8423 = CARTESIAN_POINT('',(0.38984375,0.327734375));
#8424 = ( GEOMETRIC_REPRESENTATION_CONTEXT(2) 
PARAMETRIC_REPRESENTATION_CONTEXT() REPRESENTATION_CONTEXT('2D SPACE',''
  ) );
#8425 = ADVANCED_FACE('',(#8426),#8391,.T.);
#8426 = FACE_BOUND('',#8427,.T.);
#8427 = EDGE_LOOP('',(#8428,#8429,#8452,#8482));
#8428 = ORIENTED_EDGE('',*,*,#8375,.T.);
#8429 = ORIENTED_EDGE('',*,*,#8430,.T.);
#8430 = EDGE_CURVE('',#8353,#8431,#8433,.T.);
#8431 = VERTEX_POINT('',#8432);
#8432 = CARTESIAN_POINT('',(1.848203125,-1.312,9.1404296875));
#8433 = SURFACE_CURVE('',#8434,(#8438,#8445),.PCURVE_S1.);
#8434 = B_SPLINE_CURVE_WITH_KNOTS('',2,(#8435,#8436,#8437),
  .UNSPECIFIED.,.F.,.F.,(3,3),(0.,1.),.PIECEWISE_BEZIER_KNOTS.);
#8435 = CARTESIAN_POINT('',(1.81734375,-1.312,9.0634765625));
#8436 = CARTESIAN_POINT('',(1.848203125,-1.312,9.0908203125));
#8437 = CARTESIAN_POINT('',(1.848203125,-1.312,9.1404296875));
#8438 = PCURVE('',#8391,#8439);
#8439 = DEFINITIONAL_REPRESENTATION('',(#8440),#8444);
#8440 = LINE('',#8441,#8442);
#8441 = CARTESIAN_POINT('',(0.,-1.2E-02));
#8442 = VECTOR('',#8443,1.);
#8443 = DIRECTION('',(1.,0.));
#8444 = ( GEOMETRIC_REPRESENTATION_CONTEXT(2) 
PARAMETRIC_REPRESENTATION_CONTEXT() REPRESENTATION_CONTEXT('2D SPACE',''
  ) );
#8445 = PCURVE('',#7356,#8446);
#8446 = DEFINITIONAL_REPRESENTATION('',(#8447),#8451);
#8447 = B_SPLINE_CURVE_WITH_KNOTS('',2,(#8448,#8449,#8450),
  .UNSPECIFIED.,.F.,.F.,(3,3),(0.,1.),.PIECEWISE_BEZIER_KNOTS.);
#8448 = CARTESIAN_POINT('',(0.38984375,0.327734375));
#8449 = CARTESIAN_POINT('',(0.420703125,0.355078125));
#8450 = CARTESIAN_POINT('',(0.420703125,0.4046875));
#8451 = ( GEOMETRIC_REPRESENTATION_CONTEXT(2) 
PARAMETRIC_REPRESENTATION_CONTEXT() REPRESENTATION_CONTEXT('2D SPACE',''
  ) );
#8452 = ORIENTED_EDGE('',*,*,#8453,.F.);
#8453 = EDGE_CURVE('',#8454,#8431,#8456,.T.);
#8454 = VERTEX_POINT('',#8455);
#8455 = CARTESIAN_POINT('',(1.848203125,-1.3,9.1404296875));
#8456 = SURFACE_CURVE('',#8457,(#8461,#8468),.PCURVE_S1.);
#8457 = LINE('',#8458,#8459);
#8458 = CARTESIAN_POINT('',(1.848203125,-1.3,9.1404296875));
#8459 = VECTOR('',#8460,1.);
#8460 = DIRECTION('',(0.,-1.,0.));
#8461 = PCURVE('',#8391,#8462);
#8462 = DEFINITIONAL_REPRESENTATION('',(#8463),#8467);
#8463 = LINE('',#8464,#8465);
#8464 = CARTESIAN_POINT('',(1.,0.));
#8465 = VECTOR('',#8466,1.);
#8466 = DIRECTION('',(0.,-1.));
#8467 = ( GEOMETRIC_REPRESENTATION_CONTEXT(2) 
PARAMETRIC_REPRESENTATION_CONTEXT() REPRESENTATION_CONTEXT('2D SPACE',''
  ) );
#8468 = PCURVE('',#8469,#8476);
#8469 = SURFACE_OF_LINEAR_EXTRUSION('',#8470,#8474);
#8470 = B_SPLINE_CURVE_WITH_KNOTS('',2,(#8471,#8472,#8473),
  .UNSPECIFIED.,.F.,.F.,(3,3),(0.,1.),.PIECEWISE_BEZIER_KNOTS.);
#8471 = CARTESIAN_POINT('',(1.848203125,-1.3,9.1404296875));
#8472 = CARTESIAN_POINT('',(1.848203125,-1.3,9.1763671875));
#8473 = CARTESIAN_POINT('',(1.8300390625,-1.3,9.201953125));
#8474 = VECTOR('',#8475,1.);
#8475 = DIRECTION('',(-0.,1.,-0.));
#8476 = DEFINITIONAL_REPRESENTATION('',(#8477),#8481);
#8477 = LINE('',#8478,#8479);
#8478 = CARTESIAN_POINT('',(0.,0.));
#8479 = VECTOR('',#8480,1.);
#8480 = DIRECTION('',(0.,-1.));
#8481 = ( GEOMETRIC_REPRESENTATION_CONTEXT(2) 
PARAMETRIC_REPRESENTATION_CONTEXT() REPRESENTATION_CONTEXT('2D SPACE',''
  ) );
#8482 = ORIENTED_EDGE('',*,*,#8483,.F.);
#8483 = EDGE_CURVE('',#8376,#8454,#8484,.T.);
#8484 = SURFACE_CURVE('',#8485,(#8489,#8496),.PCURVE_S1.);
#8485 = B_SPLINE_CURVE_WITH_KNOTS('',2,(#8486,#8487,#8488),
  .UNSPECIFIED.,.F.,.F.,(3,3),(0.,1.),.PIECEWISE_BEZIER_KNOTS.);
#8486 = CARTESIAN_POINT('',(1.81734375,-1.3,9.0634765625));
#8487 = CARTESIAN_POINT('',(1.848203125,-1.3,9.0908203125));
#8488 = CARTESIAN_POINT('',(1.848203125,-1.3,9.1404296875));
#8489 = PCURVE('',#8391,#8490);
#8490 = DEFINITIONAL_REPRESENTATION('',(#8491),#8495);
#8491 = LINE('',#8492,#8493);
#8492 = CARTESIAN_POINT('',(0.,0.));
#8493 = VECTOR('',#8494,1.);
#8494 = DIRECTION('',(1.,0.));
#8495 = ( GEOMETRIC_REPRESENTATION_CONTEXT(2) 
PARAMETRIC_REPRESENTATION_CONTEXT() REPRESENTATION_CONTEXT('2D SPACE',''
  ) );
#8496 = PCURVE('',#7410,#8497);
#8497 = DEFINITIONAL_REPRESENTATION('',(#8498),#8502);
#8498 = B_SPLINE_CURVE_WITH_KNOTS('',2,(#8499,#8500,#8501),
  .UNSPECIFIED.,.F.,.F.,(3,3),(0.,1.),.PIECEWISE_BEZIER_KNOTS.);
#8499 = CARTESIAN_POINT('',(0.38984375,0.327734375));
#8500 = CARTESIAN_POINT('',(0.420703125,0.355078125));
#8501 = CARTESIAN_POINT('',(0.420703125,0.4046875));
#8502 = ( GEOMETRIC_REPRESENTATION_CONTEXT(2) 
PARAMETRIC_REPRESENTATION_CONTEXT() REPRESENTATION_CONTEXT('2D SPACE',''
  ) );
#8503 = ADVANCED_FACE('',(#8504),#8469,.T.);
#8504 = FACE_BOUND('',#8505,.T.);
#8505 = EDGE_LOOP('',(#8506,#8507,#8530,#8560));
#8506 = ORIENTED_EDGE('',*,*,#8453,.T.);
#8507 = ORIENTED_EDGE('',*,*,#8508,.T.);
#8508 = EDGE_CURVE('',#8431,#8509,#8511,.T.);
#8509 = VERTEX_POINT('',#8510);
#8510 = CARTESIAN_POINT('',(1.8300390625,-1.312,9.201953125));
#8511 = SURFACE_CURVE('',#8512,(#8516,#8523),.PCURVE_S1.);
#8512 = B_SPLINE_CURVE_WITH_KNOTS('',2,(#8513,#8514,#8515),
  .UNSPECIFIED.,.F.,.F.,(3,3),(0.,1.),.PIECEWISE_BEZIER_KNOTS.);
#8513 = CARTESIAN_POINT('',(1.848203125,-1.312,9.1404296875));
#8514 = CARTESIAN_POINT('',(1.848203125,-1.312,9.1763671875));
#8515 = CARTESIAN_POINT('',(1.8300390625,-1.312,9.201953125));
#8516 = PCURVE('',#8469,#8517);
#8517 = DEFINITIONAL_REPRESENTATION('',(#8518),#8522);
#8518 = LINE('',#8519,#8520);
#8519 = CARTESIAN_POINT('',(0.,-1.2E-02));
#8520 = VECTOR('',#8521,1.);
#8521 = DIRECTION('',(1.,0.));
#8522 = ( GEOMETRIC_REPRESENTATION_CONTEXT(2) 
PARAMETRIC_REPRESENTATION_CONTEXT() REPRESENTATION_CONTEXT('2D SPACE',''
  ) );
#8523 = PCURVE('',#7356,#8524);
#8524 = DEFINITIONAL_REPRESENTATION('',(#8525),#8529);
#8525 = B_SPLINE_CURVE_WITH_KNOTS('',2,(#8526,#8527,#8528),
  .UNSPECIFIED.,.F.,.F.,(3,3),(0.,1.),.PIECEWISE_BEZIER_KNOTS.);
#8526 = CARTESIAN_POINT('',(0.420703125,0.4046875));
#8527 = CARTESIAN_POINT('',(0.420703125,0.440625));
#8528 = CARTESIAN_POINT('',(0.4025390625,0.4662109375));
#8529 = ( GEOMETRIC_REPRESENTATION_CONTEXT(2) 
PARAMETRIC_REPRESENTATION_CONTEXT() REPRESENTATION_CONTEXT('2D SPACE',''
  ) );
#8530 = ORIENTED_EDGE('',*,*,#8531,.F.);
#8531 = EDGE_CURVE('',#8532,#8509,#8534,.T.);
#8532 = VERTEX_POINT('',#8533);
#8533 = CARTESIAN_POINT('',(1.8300390625,-1.3,9.201953125));
#8534 = SURFACE_CURVE('',#8535,(#8539,#8546),.PCURVE_S1.);
#8535 = LINE('',#8536,#8537);
#8536 = CARTESIAN_POINT('',(1.8300390625,-1.3,9.201953125));
#8537 = VECTOR('',#8538,1.);
#8538 = DIRECTION('',(0.,-1.,0.));
#8539 = PCURVE('',#8469,#8540);
#8540 = DEFINITIONAL_REPRESENTATION('',(#8541),#8545);
#8541 = LINE('',#8542,#8543);
#8542 = CARTESIAN_POINT('',(1.,0.));
#8543 = VECTOR('',#8544,1.);
#8544 = DIRECTION('',(0.,-1.));
#8545 = ( GEOMETRIC_REPRESENTATION_CONTEXT(2) 
PARAMETRIC_REPRESENTATION_CONTEXT() REPRESENTATION_CONTEXT('2D SPACE',''
  ) );
#8546 = PCURVE('',#8547,#8554);
#8547 = SURFACE_OF_LINEAR_EXTRUSION('',#8548,#8552);
#8548 = B_SPLINE_CURVE_WITH_KNOTS('',2,(#8549,#8550,#8551),
  .UNSPECIFIED.,.F.,.F.,(3,3),(0.,1.),.PIECEWISE_BEZIER_KNOTS.);
#8549 = CARTESIAN_POINT('',(1.8300390625,-1.3,9.201953125));
#8550 = CARTESIAN_POINT('',(1.811875,-1.3,9.2275390625));
#8551 = CARTESIAN_POINT('',(1.7821875,-1.3,9.2357421875));
#8552 = VECTOR('',#8553,1.);
#8553 = DIRECTION('',(-0.,1.,-0.));
#8554 = DEFINITIONAL_REPRESENTATION('',(#8555),#8559);
#8555 = LINE('',#8556,#8557);
#8556 = CARTESIAN_POINT('',(0.,0.));
#8557 = VECTOR('',#8558,1.);
#8558 = DIRECTION('',(0.,-1.));
#8559 = ( GEOMETRIC_REPRESENTATION_CONTEXT(2) 
PARAMETRIC_REPRESENTATION_CONTEXT() REPRESENTATION_CONTEXT('2D SPACE',''
  ) );
#8560 = ORIENTED_EDGE('',*,*,#8561,.F.);
#8561 = EDGE_CURVE('',#8454,#8532,#8562,.T.);
#8562 = SURFACE_CURVE('',#8563,(#8567,#8574),.PCURVE_S1.);
#8563 = B_SPLINE_CURVE_WITH_KNOTS('',2,(#8564,#8565,#8566),
  .UNSPECIFIED.,.F.,.F.,(3,3),(0.,1.),.PIECEWISE_BEZIER_KNOTS.);
#8564 = CARTESIAN_POINT('',(1.848203125,-1.3,9.1404296875));
#8565 = CARTESIAN_POINT('',(1.848203125,-1.3,9.1763671875));
#8566 = CARTESIAN_POINT('',(1.8300390625,-1.3,9.201953125));
#8567 = PCURVE('',#8469,#8568);
#8568 = DEFINITIONAL_REPRESENTATION('',(#8569),#8573);
#8569 = LINE('',#8570,#8571);
#8570 = CARTESIAN_POINT('',(0.,0.));
#8571 = VECTOR('',#8572,1.);
#8572 = DIRECTION('',(1.,0.));
#8573 = ( GEOMETRIC_REPRESENTATION_CONTEXT(2) 
PARAMETRIC_REPRESENTATION_CONTEXT() REPRESENTATION_CONTEXT('2D SPACE',''
  ) );
#8574 = PCURVE('',#7410,#8575);
#8575 = DEFINITIONAL_REPRESENTATION('',(#8576),#8580);
#8576 = B_SPLINE_CURVE_WITH_KNOTS('',2,(#8577,#8578,#8579),
  .UNSPECIFIED.,.F.,.F.,(3,3),(0.,1.),.PIECEWISE_BEZIER_KNOTS.);
#8577 = CARTESIAN_POINT('',(0.420703125,0.4046875));
#8578 = CARTESIAN_POINT('',(0.420703125,0.440625));
#8579 = CARTESIAN_POINT('',(0.4025390625,0.4662109375));
#8580 = ( GEOMETRIC_REPRESENTATION_CONTEXT(2) 
PARAMETRIC_REPRESENTATION_CONTEXT() REPRESENTATION_CONTEXT('2D SPACE',''
  ) );
#8581 = ADVANCED_FACE('',(#8582),#8547,.T.);
#8582 = FACE_BOUND('',#8583,.T.);
#8583 = EDGE_LOOP('',(#8584,#8585,#8608,#8638));
#8584 = ORIENTED_EDGE('',*,*,#8531,.T.);
#8585 = ORIENTED_EDGE('',*,*,#8586,.T.);
#8586 = EDGE_CURVE('',#8509,#8587,#8589,.T.);
#8587 = VERTEX_POINT('',#8588);
#8588 = CARTESIAN_POINT('',(1.7821875,-1.312,9.2357421875));
#8589 = SURFACE_CURVE('',#8590,(#8594,#8601),.PCURVE_S1.);
#8590 = B_SPLINE_CURVE_WITH_KNOTS('',2,(#8591,#8592,#8593),
  .UNSPECIFIED.,.F.,.F.,(3,3),(0.,1.),.PIECEWISE_BEZIER_KNOTS.);
#8591 = CARTESIAN_POINT('',(1.8300390625,-1.312,9.201953125));
#8592 = CARTESIAN_POINT('',(1.811875,-1.312,9.2275390625));
#8593 = CARTESIAN_POINT('',(1.7821875,-1.312,9.2357421875));
#8594 = PCURVE('',#8547,#8595);
#8595 = DEFINITIONAL_REPRESENTATION('',(#8596),#8600);
#8596 = LINE('',#8597,#8598);
#8597 = CARTESIAN_POINT('',(0.,-1.2E-02));
#8598 = VECTOR('',#8599,1.);
#8599 = DIRECTION('',(1.,0.));
#8600 = ( GEOMETRIC_REPRESENTATION_CONTEXT(2) 
PARAMETRIC_REPRESENTATION_CONTEXT() REPRESENTATION_CONTEXT('2D SPACE',''
  ) );
#8601 = PCURVE('',#7356,#8602);
#8602 = DEFINITIONAL_REPRESENTATION('',(#8603),#8607);
#8603 = B_SPLINE_CURVE_WITH_KNOTS('',2,(#8604,#8605,#8606),
  .UNSPECIFIED.,.F.,.F.,(3,3),(0.,1.),.PIECEWISE_BEZIER_KNOTS.);
#8604 = CARTESIAN_POINT('',(0.4025390625,0.4662109375));
#8605 = CARTESIAN_POINT('',(0.384375,0.491796875));
#8606 = CARTESIAN_POINT('',(0.3546875,0.5));
#8607 = ( GEOMETRIC_REPRESENTATION_CONTEXT(2) 
PARAMETRIC_REPRESENTATION_CONTEXT() REPRESENTATION_CONTEXT('2D SPACE',''
  ) );
#8608 = ORIENTED_EDGE('',*,*,#8609,.F.);
#8609 = EDGE_CURVE('',#8610,#8587,#8612,.T.);
#8610 = VERTEX_POINT('',#8611);
#8611 = CARTESIAN_POINT('',(1.7821875,-1.3,9.2357421875));
#8612 = SURFACE_CURVE('',#8613,(#8617,#8624),.PCURVE_S1.);
#8613 = LINE('',#8614,#8615);
#8614 = CARTESIAN_POINT('',(1.7821875,-1.3,9.2357421875));
#8615 = VECTOR('',#8616,1.);
#8616 = DIRECTION('',(0.,-1.,0.));
#8617 = PCURVE('',#8547,#8618);
#8618 = DEFINITIONAL_REPRESENTATION('',(#8619),#8623);
#8619 = LINE('',#8620,#8621);
#8620 = CARTESIAN_POINT('',(1.,0.));
#8621 = VECTOR('',#8622,1.);
#8622 = DIRECTION('',(0.,-1.));
#8623 = ( GEOMETRIC_REPRESENTATION_CONTEXT(2) 
PARAMETRIC_REPRESENTATION_CONTEXT() REPRESENTATION_CONTEXT('2D SPACE',''
  ) );
#8624 = PCURVE('',#8625,#8632);
#8625 = SURFACE_OF_LINEAR_EXTRUSION('',#8626,#8630);
#8626 = B_SPLINE_CURVE_WITH_KNOTS('',2,(#8627,#8628,#8629),
  .UNSPECIFIED.,.F.,.F.,(3,3),(0.,1.),.PIECEWISE_BEZIER_KNOTS.);
#8627 = CARTESIAN_POINT('',(1.7821875,-1.3,9.2357421875));
#8628 = CARTESIAN_POINT('',(1.763046875,-1.3,9.2408203125));
#8629 = CARTESIAN_POINT('',(1.711484375,-1.3,9.2408203125));
#8630 = VECTOR('',#8631,1.);
#8631 = DIRECTION('',(-0.,1.,-0.));
#8632 = DEFINITIONAL_REPRESENTATION('',(#8633),#8637);
#8633 = LINE('',#8634,#8635);
#8634 = CARTESIAN_POINT('',(0.,0.));
#8635 = VECTOR('',#8636,1.);
#8636 = DIRECTION('',(0.,-1.));
#8637 = ( GEOMETRIC_REPRESENTATION_CONTEXT(2) 
PARAMETRIC_REPRESENTATION_CONTEXT() REPRESENTATION_CONTEXT('2D SPACE',''
  ) );
#8638 = ORIENTED_EDGE('',*,*,#8639,.F.);
#8639 = EDGE_CURVE('',#8532,#8610,#8640,.T.);
#8640 = SURFACE_CURVE('',#8641,(#8645,#8652),.PCURVE_S1.);
#8641 = B_SPLINE_CURVE_WITH_KNOTS('',2,(#8642,#8643,#8644),
  .UNSPECIFIED.,.F.,.F.,(3,3),(0.,1.),.PIECEWISE_BEZIER_KNOTS.);
#8642 = CARTESIAN_POINT('',(1.8300390625,-1.3,9.201953125));
#8643 = CARTESIAN_POINT('',(1.811875,-1.3,9.2275390625));
#8644 = CARTESIAN_POINT('',(1.7821875,-1.3,9.2357421875));
#8645 = PCURVE('',#8547,#8646);
#8646 = DEFINITIONAL_REPRESENTATION('',(#8647),#8651);
#8647 = LINE('',#8648,#8649);
#8648 = CARTESIAN_POINT('',(0.,0.));
#8649 = VECTOR('',#8650,1.);
#8650 = DIRECTION('',(1.,0.));
#8651 = ( GEOMETRIC_REPRESENTATION_CONTEXT(2) 
PARAMETRIC_REPRESENTATION_CONTEXT() REPRESENTATION_CONTEXT('2D SPACE',''
  ) );
#8652 = PCURVE('',#7410,#8653);
#8653 = DEFINITIONAL_REPRESENTATION('',(#8654),#8658);
#8654 = B_SPLINE_CURVE_WITH_KNOTS('',2,(#8655,#8656,#8657),
  .UNSPECIFIED.,.F.,.F.,(3,3),(0.,1.),.PIECEWISE_BEZIER_KNOTS.);
#8655 = CARTESIAN_POINT('',(0.4025390625,0.4662109375));
#8656 = CARTESIAN_POINT('',(0.384375,0.491796875));
#8657 = CARTESIAN_POINT('',(0.3546875,0.5));
#8658 = ( GEOMETRIC_REPRESENTATION_CONTEXT(2) 
PARAMETRIC_REPRESENTATION_CONTEXT() REPRESENTATION_CONTEXT('2D SPACE',''
  ) );
#8659 = ADVANCED_FACE('',(#8660),#8625,.T.);
#8660 = FACE_BOUND('',#8661,.T.);
#8661 = EDGE_LOOP('',(#8662,#8663,#8686,#8709));
#8662 = ORIENTED_EDGE('',*,*,#8609,.T.);
#8663 = ORIENTED_EDGE('',*,*,#8664,.T.);
#8664 = EDGE_CURVE('',#8587,#8665,#8667,.T.);
#8665 = VERTEX_POINT('',#8666);
#8666 = CARTESIAN_POINT('',(1.711484375,-1.312,9.2408203125));
#8667 = SURFACE_CURVE('',#8668,(#8672,#8679),.PCURVE_S1.);
#8668 = B_SPLINE_CURVE_WITH_KNOTS('',2,(#8669,#8670,#8671),
  .UNSPECIFIED.,.F.,.F.,(3,3),(0.,1.),.PIECEWISE_BEZIER_KNOTS.);
#8669 = CARTESIAN_POINT('',(1.7821875,-1.312,9.2357421875));
#8670 = CARTESIAN_POINT('',(1.763046875,-1.312,9.2408203125));
#8671 = CARTESIAN_POINT('',(1.711484375,-1.312,9.2408203125));
#8672 = PCURVE('',#8625,#8673);
#8673 = DEFINITIONAL_REPRESENTATION('',(#8674),#8678);
#8674 = LINE('',#8675,#8676);
#8675 = CARTESIAN_POINT('',(0.,-1.2E-02));
#8676 = VECTOR('',#8677,1.);
#8677 = DIRECTION('',(1.,0.));
#8678 = ( GEOMETRIC_REPRESENTATION_CONTEXT(2) 
PARAMETRIC_REPRESENTATION_CONTEXT() REPRESENTATION_CONTEXT('2D SPACE',''
  ) );
#8679 = PCURVE('',#7356,#8680);
#8680 = DEFINITIONAL_REPRESENTATION('',(#8681),#8685);
#8681 = B_SPLINE_CURVE_WITH_KNOTS('',2,(#8682,#8683,#8684),
  .UNSPECIFIED.,.F.,.F.,(3,3),(0.,1.),.PIECEWISE_BEZIER_KNOTS.);
#8682 = CARTESIAN_POINT('',(0.3546875,0.5));
#8683 = CARTESIAN_POINT('',(0.335546875,0.505078125));
#8684 = CARTESIAN_POINT('',(0.283984375,0.505078125));
#8685 = ( GEOMETRIC_REPRESENTATION_CONTEXT(2) 
PARAMETRIC_REPRESENTATION_CONTEXT() REPRESENTATION_CONTEXT('2D SPACE',''
  ) );
#8686 = ORIENTED_EDGE('',*,*,#8687,.F.);
#8687 = EDGE_CURVE('',#8688,#8665,#8690,.T.);
#8688 = VERTEX_POINT('',#8689);
#8689 = CARTESIAN_POINT('',(1.711484375,-1.3,9.2408203125));
#8690 = SURFACE_CURVE('',#8691,(#8695,#8702),.PCURVE_S1.);
#8691 = LINE('',#8692,#8693);
#8692 = CARTESIAN_POINT('',(1.711484375,-1.3,9.2408203125));
#8693 = VECTOR('',#8694,1.);
#8694 = DIRECTION('',(0.,-1.,0.));
#8695 = PCURVE('',#8625,#8696);
#8696 = DEFINITIONAL_REPRESENTATION('',(#8697),#8701);
#8697 = LINE('',#8698,#8699);
#8698 = CARTESIAN_POINT('',(1.,0.));
#8699 = VECTOR('',#8700,1.);
#8700 = DIRECTION('',(0.,-1.));
#8701 = ( GEOMETRIC_REPRESENTATION_CONTEXT(2) 
PARAMETRIC_REPRESENTATION_CONTEXT() REPRESENTATION_CONTEXT('2D SPACE',''
  ) );
#8702 = PCURVE('',#8186,#8703);
#8703 = DEFINITIONAL_REPRESENTATION('',(#8704),#8708);
#8704 = LINE('',#8705,#8706);
#8705 = CARTESIAN_POINT('',(0.,-0.));
#8706 = VECTOR('',#8707,1.);
#8707 = DIRECTION('',(0.,-1.));
#8708 = ( GEOMETRIC_REPRESENTATION_CONTEXT(2) 
PARAMETRIC_REPRESENTATION_CONTEXT() REPRESENTATION_CONTEXT('2D SPACE',''
  ) );
#8709 = ORIENTED_EDGE('',*,*,#8710,.F.);
#8710 = EDGE_CURVE('',#8610,#8688,#8711,.T.);
#8711 = SURFACE_CURVE('',#8712,(#8716,#8723),.PCURVE_S1.);
#8712 = B_SPLINE_CURVE_WITH_KNOTS('',2,(#8713,#8714,#8715),
  .UNSPECIFIED.,.F.,.F.,(3,3),(0.,1.),.PIECEWISE_BEZIER_KNOTS.);
#8713 = CARTESIAN_POINT('',(1.7821875,-1.3,9.2357421875));
#8714 = CARTESIAN_POINT('',(1.763046875,-1.3,9.2408203125));
#8715 = CARTESIAN_POINT('',(1.711484375,-1.3,9.2408203125));
#8716 = PCURVE('',#8625,#8717);
#8717 = DEFINITIONAL_REPRESENTATION('',(#8718),#8722);
#8718 = LINE('',#8719,#8720);
#8719 = CARTESIAN_POINT('',(0.,0.));
#8720 = VECTOR('',#8721,1.);
#8721 = DIRECTION('',(1.,0.));
#8722 = ( GEOMETRIC_REPRESENTATION_CONTEXT(2) 
PARAMETRIC_REPRESENTATION_CONTEXT() REPRESENTATION_CONTEXT('2D SPACE',''
  ) );
#8723 = PCURVE('',#7410,#8724);
#8724 = DEFINITIONAL_REPRESENTATION('',(#8725),#8729);
#8725 = B_SPLINE_CURVE_WITH_KNOTS('',2,(#8726,#8727,#8728),
  .UNSPECIFIED.,.F.,.F.,(3,3),(0.,1.),.PIECEWISE_BEZIER_KNOTS.);
#8726 = CARTESIAN_POINT('',(0.3546875,0.5));
#8727 = CARTESIAN_POINT('',(0.335546875,0.505078125));
#8728 = CARTESIAN_POINT('',(0.283984375,0.505078125));
#8729 = ( GEOMETRIC_REPRESENTATION_CONTEXT(2) 
PARAMETRIC_REPRESENTATION_CONTEXT() REPRESENTATION_CONTEXT('2D SPACE',''
  ) );
#8730 = ADVANCED_FACE('',(#8731),#8186,.T.);
#8731 = FACE_BOUND('',#8732,.T.);
#8732 = EDGE_LOOP('',(#8733,#8734,#8755,#8756));
#8733 = ORIENTED_EDGE('',*,*,#8687,.T.);
#8734 = ORIENTED_EDGE('',*,*,#8735,.T.);
#8735 = EDGE_CURVE('',#8665,#8166,#8736,.T.);
#8736 = SURFACE_CURVE('',#8737,(#8741,#8748),.PCURVE_S1.);
#8737 = LINE('',#8738,#8739);
#8738 = CARTESIAN_POINT('',(1.711484375,-1.312,9.2408203125));
#8739 = VECTOR('',#8740,1.);
#8740 = DIRECTION('',(-1.,0.,0.));
#8741 = PCURVE('',#8186,#8742);
#8742 = DEFINITIONAL_REPRESENTATION('',(#8743),#8747);
#8743 = LINE('',#8744,#8745);
#8744 = CARTESIAN_POINT('',(-2.22044604925E-16,-1.2E-02));
#8745 = VECTOR('',#8746,1.);
#8746 = DIRECTION('',(1.,0.));
#8747 = ( GEOMETRIC_REPRESENTATION_CONTEXT(2) 
PARAMETRIC_REPRESENTATION_CONTEXT() REPRESENTATION_CONTEXT('2D SPACE',''
  ) );
#8748 = PCURVE('',#7356,#8749);
#8749 = DEFINITIONAL_REPRESENTATION('',(#8750),#8754);
#8750 = LINE('',#8751,#8752);
#8751 = CARTESIAN_POINT('',(0.283984375,0.505078125));
#8752 = VECTOR('',#8753,1.);
#8753 = DIRECTION('',(-1.,0.));
#8754 = ( GEOMETRIC_REPRESENTATION_CONTEXT(2) 
PARAMETRIC_REPRESENTATION_CONTEXT() REPRESENTATION_CONTEXT('2D SPACE',''
  ) );
#8755 = ORIENTED_EDGE('',*,*,#8163,.F.);
#8756 = ORIENTED_EDGE('',*,*,#8757,.F.);
#8757 = EDGE_CURVE('',#8688,#8164,#8758,.T.);
#8758 = SURFACE_CURVE('',#8759,(#8763,#8770),.PCURVE_S1.);
#8759 = LINE('',#8760,#8761);
#8760 = CARTESIAN_POINT('',(1.711484375,-1.3,9.2408203125));
#8761 = VECTOR('',#8762,1.);
#8762 = DIRECTION('',(-1.,0.,0.));
#8763 = PCURVE('',#8186,#8764);
#8764 = DEFINITIONAL_REPRESENTATION('',(#8765),#8769);
#8765 = LINE('',#8766,#8767);
#8766 = CARTESIAN_POINT('',(-2.22044604925E-16,-0.));
#8767 = VECTOR('',#8768,1.);
#8768 = DIRECTION('',(1.,0.));
#8769 = ( GEOMETRIC_REPRESENTATION_CONTEXT(2) 
PARAMETRIC_REPRESENTATION_CONTEXT() REPRESENTATION_CONTEXT('2D SPACE',''
  ) );
#8770 = PCURVE('',#7410,#8771);
#8771 = DEFINITIONAL_REPRESENTATION('',(#8772),#8776);
#8772 = LINE('',#8773,#8774);
#8773 = CARTESIAN_POINT('',(0.283984375,0.505078125));
#8774 = VECTOR('',#8775,1.);
#8775 = DIRECTION('',(-1.,0.));
#8776 = ( GEOMETRIC_REPRESENTATION_CONTEXT(2) 
PARAMETRIC_REPRESENTATION_CONTEXT() REPRESENTATION_CONTEXT('2D SPACE',''
  ) );
#8777 = ADVANCED_FACE('',(#8778,#8791),#7410,.F.);
#8778 = FACE_BOUND('',#8779,.T.);
#8779 = EDGE_LOOP('',(#8780,#8781,#8782,#8783,#8784,#8785,#8786,#8787,
    #8788,#8789,#8790));
#8780 = ORIENTED_EDGE('',*,*,#7396,.T.);
#8781 = ORIENTED_EDGE('',*,*,#7477,.T.);
#8782 = ORIENTED_EDGE('',*,*,#7555,.T.);
#8783 = ORIENTED_EDGE('',*,*,#7633,.T.);
#8784 = ORIENTED_EDGE('',*,*,#7711,.T.);
#8785 = ORIENTED_EDGE('',*,*,#7789,.T.);
#8786 = ORIENTED_EDGE('',*,*,#7867,.T.);
#8787 = ORIENTED_EDGE('',*,*,#7945,.T.);
#8788 = ORIENTED_EDGE('',*,*,#8021,.T.);
#8789 = ORIENTED_EDGE('',*,*,#8092,.T.);
#8790 = ORIENTED_EDGE('',*,*,#8139,.T.);
#8791 = FACE_BOUND('',#8792,.T.);
#8792 = EDGE_LOOP('',(#8793,#8794,#8795,#8796,#8797,#8798,#8799,#8800));
#8793 = ORIENTED_EDGE('',*,*,#8249,.T.);
#8794 = ORIENTED_EDGE('',*,*,#8327,.T.);
#8795 = ORIENTED_EDGE('',*,*,#8405,.T.);
#8796 = ORIENTED_EDGE('',*,*,#8483,.T.);
#8797 = ORIENTED_EDGE('',*,*,#8561,.T.);
#8798 = ORIENTED_EDGE('',*,*,#8639,.T.);
#8799 = ORIENTED_EDGE('',*,*,#8710,.T.);
#8800 = ORIENTED_EDGE('',*,*,#8757,.T.);
#8801 = ADVANCED_FACE('',(#8802,#8815),#7356,.T.);
#8802 = FACE_BOUND('',#8803,.F.);
#8803 = EDGE_LOOP('',(#8804,#8805,#8806,#8807,#8808,#8809,#8810,#8811,
    #8812,#8813,#8814));
#8804 = ORIENTED_EDGE('',*,*,#7340,.T.);
#8805 = ORIENTED_EDGE('',*,*,#7426,.T.);
#8806 = ORIENTED_EDGE('',*,*,#7502,.T.);
#8807 = ORIENTED_EDGE('',*,*,#7580,.T.);
#8808 = ORIENTED_EDGE('',*,*,#7658,.T.);
#8809 = ORIENTED_EDGE('',*,*,#7736,.T.);
#8810 = ORIENTED_EDGE('',*,*,#7814,.T.);
#8811 = ORIENTED_EDGE('',*,*,#7892,.T.);
#8812 = ORIENTED_EDGE('',*,*,#7970,.T.);
#8813 = ORIENTED_EDGE('',*,*,#8046,.T.);
#8814 = ORIENTED_EDGE('',*,*,#8117,.T.);
#8815 = FACE_BOUND('',#8816,.F.);
#8816 = EDGE_LOOP('',(#8817,#8818,#8819,#8820,#8821,#8822,#8823,#8824));
#8817 = ORIENTED_EDGE('',*,*,#8198,.T.);
#8818 = ORIENTED_EDGE('',*,*,#8274,.T.);
#8819 = ORIENTED_EDGE('',*,*,#8352,.T.);
#8820 = ORIENTED_EDGE('',*,*,#8430,.T.);
#8821 = ORIENTED_EDGE('',*,*,#8508,.T.);
#8822 = ORIENTED_EDGE('',*,*,#8586,.T.);
#8823 = ORIENTED_EDGE('',*,*,#8664,.T.);
#8824 = ORIENTED_EDGE('',*,*,#8735,.T.);
#8825 = MANIFOLD_SOLID_BREP('',#8826);
#8826 = CLOSED_SHELL('',(#8827,#8951,#9029,#9107,#9185,#9263,#9341,#9419
    ,#9495,#9573,#9651,#9729,#9807,#9885,#9963,#10041,#10117,#10195,
    #10273,#10351,#10429,#10507,#10585,#10663,#10741,#10819,#10897,
    #10975,#11053,#11124,#11171,#11204));
#8827 = ADVANCED_FACE('',(#8828),#8842,.T.);
#8828 = FACE_BOUND('',#8829,.T.);
#8829 = EDGE_LOOP('',(#8830,#8867,#8895,#8925));
#8830 = ORIENTED_EDGE('',*,*,#8831,.T.);
#8831 = EDGE_CURVE('',#8832,#8834,#8836,.T.);
#8832 = VERTEX_POINT('',#8833);
#8833 = CARTESIAN_POINT('',(1.9946875,-1.3,8.8869140625));
#8834 = VERTEX_POINT('',#8835);
#8835 = CARTESIAN_POINT('',(1.9946875,-1.312,8.8869140625));
#8836 = SURFACE_CURVE('',#8837,(#8841,#8853),.PCURVE_S1.);
#8837 = LINE('',#8838,#8839);
#8838 = CARTESIAN_POINT('',(1.9946875,-1.3,8.8869140625));
#8839 = VECTOR('',#8840,1.);
#8840 = DIRECTION('',(0.,-1.,0.));
#8841 = PCURVE('',#8842,#8847);
#8842 = PLANE('',#8843);
#8843 = AXIS2_PLACEMENT_3D('',#8844,#8845,#8846);
#8844 = CARTESIAN_POINT('',(1.9946875,-1.3,8.8869140625));
#8845 = DIRECTION('',(-0.132163720091,0.,0.991227900683));
#8846 = DIRECTION('',(0.991227900683,0.,0.132163720091));
#8847 = DEFINITIONAL_REPRESENTATION('',(#8848),#8852);
#8848 = LINE('',#8849,#8850);
#8849 = CARTESIAN_POINT('',(0.,0.));
#8850 = VECTOR('',#8851,1.);
#8851 = DIRECTION('',(0.,-1.));
#8852 = ( GEOMETRIC_REPRESENTATION_CONTEXT(2) 
PARAMETRIC_REPRESENTATION_CONTEXT() REPRESENTATION_CONTEXT('2D SPACE',''
  ) );
#8853 = PCURVE('',#8854,#8861);
#8854 = SURFACE_OF_LINEAR_EXTRUSION('',#8855,#8859);
#8855 = B_SPLINE_CURVE_WITH_KNOTS('',2,(#8856,#8857,#8858),
  .UNSPECIFIED.,.F.,.F.,(3,3),(0.,1.),.PIECEWISE_BEZIER_KNOTS.);
#8856 = CARTESIAN_POINT('',(2.0515234375,-1.3,8.7705078125));
#8857 = CARTESIAN_POINT('',(2.00171875,-1.3,8.8154296875));
#8858 = CARTESIAN_POINT('',(1.9946875,-1.3,8.8869140625));
#8859 = VECTOR('',#8860,1.);
#8860 = DIRECTION('',(-0.,1.,-0.));
#8861 = DEFINITIONAL_REPRESENTATION('',(#8862),#8866);
#8862 = LINE('',#8863,#8864);
#8863 = CARTESIAN_POINT('',(1.,0.));
#8864 = VECTOR('',#8865,1.);
#8865 = DIRECTION('',(0.,-1.));
#8866 = ( GEOMETRIC_REPRESENTATION_CONTEXT(2) 
PARAMETRIC_REPRESENTATION_CONTEXT() REPRESENTATION_CONTEXT('2D SPACE',''
  ) );
#8867 = ORIENTED_EDGE('',*,*,#8868,.T.);
#8868 = EDGE_CURVE('',#8834,#8869,#8871,.T.);
#8869 = VERTEX_POINT('',#8870);
#8870 = CARTESIAN_POINT('',(2.065,-1.312,8.8962890625));
#8871 = SURFACE_CURVE('',#8872,(#8876,#8883),.PCURVE_S1.);
#8872 = LINE('',#8873,#8874);
#8873 = CARTESIAN_POINT('',(1.9946875,-1.312,8.8869140625));
#8874 = VECTOR('',#8875,1.);
#8875 = DIRECTION('',(0.991227900683,0.,0.132163720091));
#8876 = PCURVE('',#8842,#8877);
#8877 = DEFINITIONAL_REPRESENTATION('',(#8878),#8882);
#8878 = LINE('',#8879,#8880);
#8879 = CARTESIAN_POINT('',(-2.200968075977E-16,-1.2E-02));
#8880 = VECTOR('',#8881,1.);
#8881 = DIRECTION('',(1.,0.));
#8882 = ( GEOMETRIC_REPRESENTATION_CONTEXT(2) 
PARAMETRIC_REPRESENTATION_CONTEXT() REPRESENTATION_CONTEXT('2D SPACE',''
  ) );
#8883 = PCURVE('',#8884,#8889);
#8884 = PLANE('',#8885);
#8885 = AXIS2_PLACEMENT_3D('',#8886,#8887,#8888);
#8886 = CARTESIAN_POINT('',(1.96109375,-1.312,8.7357421875));
#8887 = DIRECTION('',(0.,-1.,0.));
#8888 = DIRECTION('',(1.,0.,0.));
#8889 = DEFINITIONAL_REPRESENTATION('',(#8890),#8894);
#8890 = LINE('',#8891,#8892);
#8891 = CARTESIAN_POINT('',(3.359375E-02,0.151171875));
#8892 = VECTOR('',#8893,1.);
#8893 = DIRECTION('',(0.991227900683,0.132163720091));
#8894 = ( GEOMETRIC_REPRESENTATION_CONTEXT(2) 
PARAMETRIC_REPRESENTATION_CONTEXT() REPRESENTATION_CONTEXT('2D SPACE',''
  ) );
#8895 = ORIENTED_EDGE('',*,*,#8896,.F.);
#8896 = EDGE_CURVE('',#8897,#8869,#8899,.T.);
#8897 = VERTEX_POINT('',#8898);
#8898 = CARTESIAN_POINT('',(2.065,-1.3,8.8962890625));
#8899 = SURFACE_CURVE('',#8900,(#8904,#8911),.PCURVE_S1.);
#8900 = LINE('',#8901,#8902);
#8901 = CARTESIAN_POINT('',(2.065,-1.3,8.8962890625));
#8902 = VECTOR('',#8903,1.);
#8903 = DIRECTION('',(0.,-1.,0.));
#8904 = PCURVE('',#8842,#8905);
#8905 = DEFINITIONAL_REPRESENTATION('',(#8906),#8910);
#8906 = LINE('',#8907,#8908);
#8907 = CARTESIAN_POINT('',(7.09347466426E-02,0.));
#8908 = VECTOR('',#8909,1.);
#8909 = DIRECTION('',(0.,-1.));
#8910 = ( GEOMETRIC_REPRESENTATION_CONTEXT(2) 
PARAMETRIC_REPRESENTATION_CONTEXT() REPRESENTATION_CONTEXT('2D SPACE',''
  ) );
#8911 = PCURVE('',#8912,#8919);
#8912 = SURFACE_OF_LINEAR_EXTRUSION('',#8913,#8917);
#8913 = B_SPLINE_CURVE_WITH_KNOTS('',2,(#8914,#8915,#8916),
  .UNSPECIFIED.,.F.,.F.,(3,3),(0.,1.),.PIECEWISE_BEZIER_KNOTS.);
#8914 = CARTESIAN_POINT('',(2.065,-1.3,8.8962890625));
#8915 = CARTESIAN_POINT('',(2.077109375,-1.3,8.8365234375));
#8916 = CARTESIAN_POINT('',(2.1062109375,-1.3,8.81015625));
#8917 = VECTOR('',#8918,1.);
#8918 = DIRECTION('',(-0.,1.,-0.));
#8919 = DEFINITIONAL_REPRESENTATION('',(#8920),#8924);
#8920 = LINE('',#8921,#8922);
#8921 = CARTESIAN_POINT('',(0.,0.));
#8922 = VECTOR('',#8923,1.);
#8923 = DIRECTION('',(0.,-1.));
#8924 = ( GEOMETRIC_REPRESENTATION_CONTEXT(2) 
PARAMETRIC_REPRESENTATION_CONTEXT() REPRESENTATION_CONTEXT('2D SPACE',''
  ) );
#8925 = ORIENTED_EDGE('',*,*,#8926,.F.);
#8926 = EDGE_CURVE('',#8832,#8897,#8927,.T.);
#8927 = SURFACE_CURVE('',#8928,(#8932,#8939),.PCURVE_S1.);
#8928 = LINE('',#8929,#8930);
#8929 = CARTESIAN_POINT('',(1.9946875,-1.3,8.8869140625));
#8930 = VECTOR('',#8931,1.);
#8931 = DIRECTION('',(0.991227900683,0.,0.132163720091));
#8932 = PCURVE('',#8842,#8933);
#8933 = DEFINITIONAL_REPRESENTATION('',(#8934),#8938);
#8934 = LINE('',#8935,#8936);
#8935 = CARTESIAN_POINT('',(-2.200968075977E-16,0.));
#8936 = VECTOR('',#8937,1.);
#8937 = DIRECTION('',(1.,0.));
#8938 = ( GEOMETRIC_REPRESENTATION_CONTEXT(2) 
PARAMETRIC_REPRESENTATION_CONTEXT() REPRESENTATION_CONTEXT('2D SPACE',''
  ) );
#8939 = PCURVE('',#8940,#8945);
#8940 = PLANE('',#8941);
#8941 = AXIS2_PLACEMENT_3D('',#8942,#8943,#8944);
#8942 = CARTESIAN_POINT('',(1.96109375,-1.3,8.7357421875));
#8943 = DIRECTION('',(0.,-1.,0.));
#8944 = DIRECTION('',(1.,0.,0.));
#8945 = DEFINITIONAL_REPRESENTATION('',(#8946),#8950);
#8946 = LINE('',#8947,#8948);
#8947 = CARTESIAN_POINT('',(3.359375E-02,0.151171875));
#8948 = VECTOR('',#8949,1.);
#8949 = DIRECTION('',(0.991227900683,0.132163720091));
#8950 = ( GEOMETRIC_REPRESENTATION_CONTEXT(2) 
PARAMETRIC_REPRESENTATION_CONTEXT() REPRESENTATION_CONTEXT('2D SPACE',''
  ) );
#8951 = ADVANCED_FACE('',(#8952),#8912,.T.);
#8952 = FACE_BOUND('',#8953,.T.);
#8953 = EDGE_LOOP('',(#8954,#8955,#8978,#9008));
#8954 = ORIENTED_EDGE('',*,*,#8896,.T.);
#8955 = ORIENTED_EDGE('',*,*,#8956,.T.);
#8956 = EDGE_CURVE('',#8869,#8957,#8959,.T.);
#8957 = VERTEX_POINT('',#8958);
#8958 = CARTESIAN_POINT('',(2.1062109375,-1.312,8.81015625));
#8959 = SURFACE_CURVE('',#8960,(#8964,#8971),.PCURVE_S1.);
#8960 = B_SPLINE_CURVE_WITH_KNOTS('',2,(#8961,#8962,#8963),
  .UNSPECIFIED.,.F.,.F.,(3,3),(0.,1.),.PIECEWISE_BEZIER_KNOTS.);
#8961 = CARTESIAN_POINT('',(2.065,-1.312,8.8962890625));
#8962 = CARTESIAN_POINT('',(2.077109375,-1.312,8.8365234375));
#8963 = CARTESIAN_POINT('',(2.1062109375,-1.312,8.81015625));
#8964 = PCURVE('',#8912,#8965);
#8965 = DEFINITIONAL_REPRESENTATION('',(#8966),#8970);
#8966 = LINE('',#8967,#8968);
#8967 = CARTESIAN_POINT('',(0.,-1.2E-02));
#8968 = VECTOR('',#8969,1.);
#8969 = DIRECTION('',(1.,0.));
#8970 = ( GEOMETRIC_REPRESENTATION_CONTEXT(2) 
PARAMETRIC_REPRESENTATION_CONTEXT() REPRESENTATION_CONTEXT('2D SPACE',''
  ) );
#8971 = PCURVE('',#8884,#8972);
#8972 = DEFINITIONAL_REPRESENTATION('',(#8973),#8977);
#8973 = B_SPLINE_CURVE_WITH_KNOTS('',2,(#8974,#8975,#8976),
  .UNSPECIFIED.,.F.,.F.,(3,3),(0.,1.),.PIECEWISE_BEZIER_KNOTS.);
#8974 = CARTESIAN_POINT('',(0.10390625,0.160546875));
#8975 = CARTESIAN_POINT('',(0.116015625,0.10078125));
#8976 = CARTESIAN_POINT('',(0.1451171875,7.44140625E-02));
#8977 = ( GEOMETRIC_REPRESENTATION_CONTEXT(2) 
PARAMETRIC_REPRESENTATION_CONTEXT() REPRESENTATION_CONTEXT('2D SPACE',''
  ) );
#8978 = ORIENTED_EDGE('',*,*,#8979,.F.);
#8979 = EDGE_CURVE('',#8980,#8957,#8982,.T.);
#8980 = VERTEX_POINT('',#8981);
#8981 = CARTESIAN_POINT('',(2.1062109375,-1.3,8.81015625));
#8982 = SURFACE_CURVE('',#8983,(#8987,#8994),.PCURVE_S1.);
#8983 = LINE('',#8984,#8985);
#8984 = CARTESIAN_POINT('',(2.1062109375,-1.3,8.81015625));
#8985 = VECTOR('',#8986,1.);
#8986 = DIRECTION('',(0.,-1.,0.));
#8987 = PCURVE('',#8912,#8988);
#8988 = DEFINITIONAL_REPRESENTATION('',(#8989),#8993);
#8989 = LINE('',#8990,#8991);
#8990 = CARTESIAN_POINT('',(1.,0.));
#8991 = VECTOR('',#8992,1.);
#8992 = DIRECTION('',(0.,-1.));
#8993 = ( GEOMETRIC_REPRESENTATION_CONTEXT(2) 
PARAMETRIC_REPRESENTATION_CONTEXT() REPRESENTATION_CONTEXT('2D SPACE',''
  ) );
#8994 = PCURVE('',#8995,#9002);
#8995 = SURFACE_OF_LINEAR_EXTRUSION('',#8996,#9000);
#8996 = B_SPLINE_CURVE_WITH_KNOTS('',2,(#8997,#8998,#8999),
  .UNSPECIFIED.,.F.,.F.,(3,3),(0.,1.),.PIECEWISE_BEZIER_KNOTS.);
#8997 = CARTESIAN_POINT('',(2.1062109375,-1.3,8.81015625));
#8998 = CARTESIAN_POINT('',(2.1353125,-1.3,8.7837890625));
#8999 = CARTESIAN_POINT('',(2.177109375,-1.3,8.7837890625));
#9000 = VECTOR('',#9001,1.);
#9001 = DIRECTION('',(-0.,1.,-0.));
#9002 = DEFINITIONAL_REPRESENTATION('',(#9003),#9007);
#9003 = LINE('',#9004,#9005);
#9004 = CARTESIAN_POINT('',(0.,0.));
#9005 = VECTOR('',#9006,1.);
#9006 = DIRECTION('',(0.,-1.));
#9007 = ( GEOMETRIC_REPRESENTATION_CONTEXT(2) 
PARAMETRIC_REPRESENTATION_CONTEXT() REPRESENTATION_CONTEXT('2D SPACE',''
  ) );
#9008 = ORIENTED_EDGE('',*,*,#9009,.F.);
#9009 = EDGE_CURVE('',#8897,#8980,#9010,.T.);
#9010 = SURFACE_CURVE('',#9011,(#9015,#9022),.PCURVE_S1.);
#9011 = B_SPLINE_CURVE_WITH_KNOTS('',2,(#9012,#9013,#9014),
  .UNSPECIFIED.,.F.,.F.,(3,3),(0.,1.),.PIECEWISE_BEZIER_KNOTS.);
#9012 = CARTESIAN_POINT('',(2.065,-1.3,8.8962890625));
#9013 = CARTESIAN_POINT('',(2.077109375,-1.3,8.8365234375));
#9014 = CARTESIAN_POINT('',(2.1062109375,-1.3,8.81015625));
#9015 = PCURVE('',#8912,#9016);
#9016 = DEFINITIONAL_REPRESENTATION('',(#9017),#9021);
#9017 = LINE('',#9018,#9019);
#9018 = CARTESIAN_POINT('',(0.,0.));
#9019 = VECTOR('',#9020,1.);
#9020 = DIRECTION('',(1.,0.));
#9021 = ( GEOMETRIC_REPRESENTATION_CONTEXT(2) 
PARAMETRIC_REPRESENTATION_CONTEXT() REPRESENTATION_CONTEXT('2D SPACE',''
  ) );
#9022 = PCURVE('',#8940,#9023);
#9023 = DEFINITIONAL_REPRESENTATION('',(#9024),#9028);
#9024 = B_SPLINE_CURVE_WITH_KNOTS('',2,(#9025,#9026,#9027),
  .UNSPECIFIED.,.F.,.F.,(3,3),(0.,1.),.PIECEWISE_BEZIER_KNOTS.);
#9025 = CARTESIAN_POINT('',(0.10390625,0.160546875));
#9026 = CARTESIAN_POINT('',(0.116015625,0.10078125));
#9027 = CARTESIAN_POINT('',(0.1451171875,7.44140625E-02));
#9028 = ( GEOMETRIC_REPRESENTATION_CONTEXT(2) 
PARAMETRIC_REPRESENTATION_CONTEXT() REPRESENTATION_CONTEXT('2D SPACE',''
  ) );
#9029 = ADVANCED_FACE('',(#9030),#8995,.T.);
#9030 = FACE_BOUND('',#9031,.T.);
#9031 = EDGE_LOOP('',(#9032,#9033,#9056,#9086));
#9032 = ORIENTED_EDGE('',*,*,#8979,.T.);
#9033 = ORIENTED_EDGE('',*,*,#9034,.T.);
#9034 = EDGE_CURVE('',#8957,#9035,#9037,.T.);
#9035 = VERTEX_POINT('',#9036);
#9036 = CARTESIAN_POINT('',(2.177109375,-1.312,8.7837890625));
#9037 = SURFACE_CURVE('',#9038,(#9042,#9049),.PCURVE_S1.);
#9038 = B_SPLINE_CURVE_WITH_KNOTS('',2,(#9039,#9040,#9041),
  .UNSPECIFIED.,.F.,.F.,(3,3),(0.,1.),.PIECEWISE_BEZIER_KNOTS.);
#9039 = CARTESIAN_POINT('',(2.1062109375,-1.312,8.81015625));
#9040 = CARTESIAN_POINT('',(2.1353125,-1.312,8.7837890625));
#9041 = CARTESIAN_POINT('',(2.177109375,-1.312,8.7837890625));
#9042 = PCURVE('',#8995,#9043);
#9043 = DEFINITIONAL_REPRESENTATION('',(#9044),#9048);
#9044 = LINE('',#9045,#9046);
#9045 = CARTESIAN_POINT('',(0.,-1.2E-02));
#9046 = VECTOR('',#9047,1.);
#9047 = DIRECTION('',(1.,0.));
#9048 = ( GEOMETRIC_REPRESENTATION_CONTEXT(2) 
PARAMETRIC_REPRESENTATION_CONTEXT() REPRESENTATION_CONTEXT('2D SPACE',''
  ) );
#9049 = PCURVE('',#8884,#9050);
#9050 = DEFINITIONAL_REPRESENTATION('',(#9051),#9055);
#9051 = B_SPLINE_CURVE_WITH_KNOTS('',2,(#9052,#9053,#9054),
  .UNSPECIFIED.,.F.,.F.,(3,3),(0.,1.),.PIECEWISE_BEZIER_KNOTS.);
#9052 = CARTESIAN_POINT('',(0.1451171875,7.44140625E-02));
#9053 = CARTESIAN_POINT('',(0.17421875,4.8046875E-02));
#9054 = CARTESIAN_POINT('',(0.216015625,4.8046875E-02));
#9055 = ( GEOMETRIC_REPRESENTATION_CONTEXT(2) 
PARAMETRIC_REPRESENTATION_CONTEXT() REPRESENTATION_CONTEXT('2D SPACE',''
  ) );
#9056 = ORIENTED_EDGE('',*,*,#9057,.F.);
#9057 = EDGE_CURVE('',#9058,#9035,#9060,.T.);
#9058 = VERTEX_POINT('',#9059);
#9059 = CARTESIAN_POINT('',(2.177109375,-1.3,8.7837890625));
#9060 = SURFACE_CURVE('',#9061,(#9065,#9072),.PCURVE_S1.);
#9061 = LINE('',#9062,#9063);
#9062 = CARTESIAN_POINT('',(2.177109375,-1.3,8.7837890625));
#9063 = VECTOR('',#9064,1.);
#9064 = DIRECTION('',(0.,-1.,0.));
#9065 = PCURVE('',#8995,#9066);
#9066 = DEFINITIONAL_REPRESENTATION('',(#9067),#9071);
#9067 = LINE('',#9068,#9069);
#9068 = CARTESIAN_POINT('',(1.,0.));
#9069 = VECTOR('',#9070,1.);
#9070 = DIRECTION('',(0.,-1.));
#9071 = ( GEOMETRIC_REPRESENTATION_CONTEXT(2) 
PARAMETRIC_REPRESENTATION_CONTEXT() REPRESENTATION_CONTEXT('2D SPACE',''
  ) );
#9072 = PCURVE('',#9073,#9080);
#9073 = SURFACE_OF_LINEAR_EXTRUSION('',#9074,#9078);
#9074 = B_SPLINE_CURVE_WITH_KNOTS('',2,(#9075,#9076,#9077),
  .UNSPECIFIED.,.F.,.F.,(3,3),(0.,1.),.PIECEWISE_BEZIER_KNOTS.);
#9075 = CARTESIAN_POINT('',(2.177109375,-1.3,8.7837890625));
#9076 = CARTESIAN_POINT('',(2.22671875,-1.3,8.7837890625));
#9077 = CARTESIAN_POINT('',(2.2608984375,-1.3,8.8181640625));
#9078 = VECTOR('',#9079,1.);
#9079 = DIRECTION('',(-0.,1.,-0.));
#9080 = DEFINITIONAL_REPRESENTATION('',(#9081),#9085);
#9081 = LINE('',#9082,#9083);
#9082 = CARTESIAN_POINT('',(0.,0.));
#9083 = VECTOR('',#9084,1.);
#9084 = DIRECTION('',(0.,-1.));
#9085 = ( GEOMETRIC_REPRESENTATION_CONTEXT(2) 
PARAMETRIC_REPRESENTATION_CONTEXT() REPRESENTATION_CONTEXT('2D SPACE',''
  ) );
#9086 = ORIENTED_EDGE('',*,*,#9087,.F.);
#9087 = EDGE_CURVE('',#8980,#9058,#9088,.T.);
#9088 = SURFACE_CURVE('',#9089,(#9093,#9100),.PCURVE_S1.);
#9089 = B_SPLINE_CURVE_WITH_KNOTS('',2,(#9090,#9091,#9092),
  .UNSPECIFIED.,.F.,.F.,(3,3),(0.,1.),.PIECEWISE_BEZIER_KNOTS.);
#9090 = CARTESIAN_POINT('',(2.1062109375,-1.3,8.81015625));
#9091 = CARTESIAN_POINT('',(2.1353125,-1.3,8.7837890625));
#9092 = CARTESIAN_POINT('',(2.177109375,-1.3,8.7837890625));
#9093 = PCURVE('',#8995,#9094);
#9094 = DEFINITIONAL_REPRESENTATION('',(#9095),#9099);
#9095 = LINE('',#9096,#9097);
#9096 = CARTESIAN_POINT('',(0.,0.));
#9097 = VECTOR('',#9098,1.);
#9098 = DIRECTION('',(1.,0.));
#9099 = ( GEOMETRIC_REPRESENTATION_CONTEXT(2) 
PARAMETRIC_REPRESENTATION_CONTEXT() REPRESENTATION_CONTEXT('2D SPACE',''
  ) );
#9100 = PCURVE('',#8940,#9101);
#9101 = DEFINITIONAL_REPRESENTATION('',(#9102),#9106);
#9102 = B_SPLINE_CURVE_WITH_KNOTS('',2,(#9103,#9104,#9105),
  .UNSPECIFIED.,.F.,.F.,(3,3),(0.,1.),.PIECEWISE_BEZIER_KNOTS.);
#9103 = CARTESIAN_POINT('',(0.1451171875,7.44140625E-02));
#9104 = CARTESIAN_POINT('',(0.17421875,4.8046875E-02));
#9105 = CARTESIAN_POINT('',(0.216015625,4.8046875E-02));
#9106 = ( GEOMETRIC_REPRESENTATION_CONTEXT(2) 
PARAMETRIC_REPRESENTATION_CONTEXT() REPRESENTATION_CONTEXT('2D SPACE',''
  ) );
#9107 = ADVANCED_FACE('',(#9108),#9073,.T.);
#9108 = FACE_BOUND('',#9109,.T.);
#9109 = EDGE_LOOP('',(#9110,#9111,#9134,#9164));
#9110 = ORIENTED_EDGE('',*,*,#9057,.T.);
#9111 = ORIENTED_EDGE('',*,*,#9112,.T.);
#9112 = EDGE_CURVE('',#9035,#9113,#9115,.T.);
#9113 = VERTEX_POINT('',#9114);
#9114 = CARTESIAN_POINT('',(2.2608984375,-1.312,8.8181640625));
#9115 = SURFACE_CURVE('',#9116,(#9120,#9127),.PCURVE_S1.);
#9116 = B_SPLINE_CURVE_WITH_KNOTS('',2,(#9117,#9118,#9119),
  .UNSPECIFIED.,.F.,.F.,(3,3),(0.,1.),.PIECEWISE_BEZIER_KNOTS.);
#9117 = CARTESIAN_POINT('',(2.177109375,-1.312,8.7837890625));
#9118 = CARTESIAN_POINT('',(2.22671875,-1.312,8.7837890625));
#9119 = CARTESIAN_POINT('',(2.2608984375,-1.312,8.8181640625));
#9120 = PCURVE('',#9073,#9121);
#9121 = DEFINITIONAL_REPRESENTATION('',(#9122),#9126);
#9122 = LINE('',#9123,#9124);
#9123 = CARTESIAN_POINT('',(0.,-1.2E-02));
#9124 = VECTOR('',#9125,1.);
#9125 = DIRECTION('',(1.,0.));
#9126 = ( GEOMETRIC_REPRESENTATION_CONTEXT(2) 
PARAMETRIC_REPRESENTATION_CONTEXT() REPRESENTATION_CONTEXT('2D SPACE',''
  ) );
#9127 = PCURVE('',#8884,#9128);
#9128 = DEFINITIONAL_REPRESENTATION('',(#9129),#9133);
#9129 = B_SPLINE_CURVE_WITH_KNOTS('',2,(#9130,#9131,#9132),
  .UNSPECIFIED.,.F.,.F.,(3,3),(0.,1.),.PIECEWISE_BEZIER_KNOTS.);
#9130 = CARTESIAN_POINT('',(0.216015625,4.8046875E-02));
#9131 = CARTESIAN_POINT('',(0.265625,4.8046875E-02));
#9132 = CARTESIAN_POINT('',(0.2998046875,8.2421875E-02));
#9133 = ( GEOMETRIC_REPRESENTATION_CONTEXT(2) 
PARAMETRIC_REPRESENTATION_CONTEXT() REPRESENTATION_CONTEXT('2D SPACE',''
  ) );
#9134 = ORIENTED_EDGE('',*,*,#9135,.F.);
#9135 = EDGE_CURVE('',#9136,#9113,#9138,.T.);
#9136 = VERTEX_POINT('',#9137);
#9137 = CARTESIAN_POINT('',(2.2608984375,-1.3,8.8181640625));
#9138 = SURFACE_CURVE('',#9139,(#9143,#9150),.PCURVE_S1.);
#9139 = LINE('',#9140,#9141);
#9140 = CARTESIAN_POINT('',(2.2608984375,-1.3,8.8181640625));
#9141 = VECTOR('',#9142,1.);
#9142 = DIRECTION('',(0.,-1.,0.));
#9143 = PCURVE('',#9073,#9144);
#9144 = DEFINITIONAL_REPRESENTATION('',(#9145),#9149);
#9145 = LINE('',#9146,#9147);
#9146 = CARTESIAN_POINT('',(1.,0.));
#9147 = VECTOR('',#9148,1.);
#9148 = DIRECTION('',(0.,-1.));
#9149 = ( GEOMETRIC_REPRESENTATION_CONTEXT(2) 
PARAMETRIC_REPRESENTATION_CONTEXT() REPRESENTATION_CONTEXT('2D SPACE',''
  ) );
#9150 = PCURVE('',#9151,#9158);
#9151 = SURFACE_OF_LINEAR_EXTRUSION('',#9152,#9156);
#9152 = B_SPLINE_CURVE_WITH_KNOTS('',2,(#9153,#9154,#9155),
  .UNSPECIFIED.,.F.,.F.,(3,3),(0.,1.),.PIECEWISE_BEZIER_KNOTS.);
#9153 = CARTESIAN_POINT('',(2.2608984375,-1.3,8.8181640625));
#9154 = CARTESIAN_POINT('',(2.295078125,-1.3,8.8525390625));
#9155 = CARTESIAN_POINT('',(2.295078125,-1.3,8.9033203125));
#9156 = VECTOR('',#9157,1.);
#9157 = DIRECTION('',(-0.,1.,-0.));
#9158 = DEFINITIONAL_REPRESENTATION('',(#9159),#9163);
#9159 = LINE('',#9160,#9161);
#9160 = CARTESIAN_POINT('',(0.,0.));
#9161 = VECTOR('',#9162,1.);
#9162 = DIRECTION('',(0.,-1.));
#9163 = ( GEOMETRIC_REPRESENTATION_CONTEXT(2) 
PARAMETRIC_REPRESENTATION_CONTEXT() REPRESENTATION_CONTEXT('2D SPACE',''
  ) );
#9164 = ORIENTED_EDGE('',*,*,#9165,.F.);
#9165 = EDGE_CURVE('',#9058,#9136,#9166,.T.);
#9166 = SURFACE_CURVE('',#9167,(#9171,#9178),.PCURVE_S1.);
#9167 = B_SPLINE_CURVE_WITH_KNOTS('',2,(#9168,#9169,#9170),
  .UNSPECIFIED.,.F.,.F.,(3,3),(0.,1.),.PIECEWISE_BEZIER_KNOTS.);
#9168 = CARTESIAN_POINT('',(2.177109375,-1.3,8.7837890625));
#9169 = CARTESIAN_POINT('',(2.22671875,-1.3,8.7837890625));
#9170 = CARTESIAN_POINT('',(2.2608984375,-1.3,8.8181640625));
#9171 = PCURVE('',#9073,#9172);
#9172 = DEFINITIONAL_REPRESENTATION('',(#9173),#9177);
#9173 = LINE('',#9174,#9175);
#9174 = CARTESIAN_POINT('',(0.,0.));
#9175 = VECTOR('',#9176,1.);
#9176 = DIRECTION('',(1.,0.));
#9177 = ( GEOMETRIC_REPRESENTATION_CONTEXT(2) 
PARAMETRIC_REPRESENTATION_CONTEXT() REPRESENTATION_CONTEXT('2D SPACE',''
  ) );
#9178 = PCURVE('',#8940,#9179);
#9179 = DEFINITIONAL_REPRESENTATION('',(#9180),#9184);
#9180 = B_SPLINE_CURVE_WITH_KNOTS('',2,(#9181,#9182,#9183),
  .UNSPECIFIED.,.F.,.F.,(3,3),(0.,1.),.PIECEWISE_BEZIER_KNOTS.);
#9181 = CARTESIAN_POINT('',(0.216015625,4.8046875E-02));
#9182 = CARTESIAN_POINT('',(0.265625,4.8046875E-02));
#9183 = CARTESIAN_POINT('',(0.2998046875,8.2421875E-02));
#9184 = ( GEOMETRIC_REPRESENTATION_CONTEXT(2) 
PARAMETRIC_REPRESENTATION_CONTEXT() REPRESENTATION_CONTEXT('2D SPACE',''
  ) );
#9185 = ADVANCED_FACE('',(#9186),#9151,.T.);
#9186 = FACE_BOUND('',#9187,.T.);
#9187 = EDGE_LOOP('',(#9188,#9189,#9212,#9242));
#9188 = ORIENTED_EDGE('',*,*,#9135,.T.);
#9189 = ORIENTED_EDGE('',*,*,#9190,.T.);
#9190 = EDGE_CURVE('',#9113,#9191,#9193,.T.);
#9191 = VERTEX_POINT('',#9192);
#9192 = CARTESIAN_POINT('',(2.295078125,-1.312,8.9033203125));
#9193 = SURFACE_CURVE('',#9194,(#9198,#9205),.PCURVE_S1.);
#9194 = B_SPLINE_CURVE_WITH_KNOTS('',2,(#9195,#9196,#9197),
  .UNSPECIFIED.,.F.,.F.,(3,3),(0.,1.),.PIECEWISE_BEZIER_KNOTS.);
#9195 = CARTESIAN_POINT('',(2.2608984375,-1.312,8.8181640625));
#9196 = CARTESIAN_POINT('',(2.295078125,-1.312,8.8525390625));
#9197 = CARTESIAN_POINT('',(2.295078125,-1.312,8.9033203125));
#9198 = PCURVE('',#9151,#9199);
#9199 = DEFINITIONAL_REPRESENTATION('',(#9200),#9204);
#9200 = LINE('',#9201,#9202);
#9201 = CARTESIAN_POINT('',(0.,-1.2E-02));
#9202 = VECTOR('',#9203,1.);
#9203 = DIRECTION('',(1.,0.));
#9204 = ( GEOMETRIC_REPRESENTATION_CONTEXT(2) 
PARAMETRIC_REPRESENTATION_CONTEXT() REPRESENTATION_CONTEXT('2D SPACE',''
  ) );
#9205 = PCURVE('',#8884,#9206);
#9206 = DEFINITIONAL_REPRESENTATION('',(#9207),#9211);
#9207 = B_SPLINE_CURVE_WITH_KNOTS('',2,(#9208,#9209,#9210),
  .UNSPECIFIED.,.F.,.F.,(3,3),(0.,1.),.PIECEWISE_BEZIER_KNOTS.);
#9208 = CARTESIAN_POINT('',(0.2998046875,8.2421875E-02));
#9209 = CARTESIAN_POINT('',(0.333984375,0.116796875));
#9210 = CARTESIAN_POINT('',(0.333984375,0.167578125));
#9211 = ( GEOMETRIC_REPRESENTATION_CONTEXT(2) 
PARAMETRIC_REPRESENTATION_CONTEXT() REPRESENTATION_CONTEXT('2D SPACE',''
  ) );
#9212 = ORIENTED_EDGE('',*,*,#9213,.F.);
#9213 = EDGE_CURVE('',#9214,#9191,#9216,.T.);
#9214 = VERTEX_POINT('',#9215);
#9215 = CARTESIAN_POINT('',(2.295078125,-1.3,8.9033203125));
#9216 = SURFACE_CURVE('',#9217,(#9221,#9228),.PCURVE_S1.);
#9217 = LINE('',#9218,#9219);
#9218 = CARTESIAN_POINT('',(2.295078125,-1.3,8.9033203125));
#9219 = VECTOR('',#9220,1.);
#9220 = DIRECTION('',(0.,-1.,0.));
#9221 = PCURVE('',#9151,#9222);
#9222 = DEFINITIONAL_REPRESENTATION('',(#9223),#9227);
#9223 = LINE('',#9224,#9225);
#9224 = CARTESIAN_POINT('',(1.,0.));
#9225 = VECTOR('',#9226,1.);
#9226 = DIRECTION('',(0.,-1.));
#9227 = ( GEOMETRIC_REPRESENTATION_CONTEXT(2) 
PARAMETRIC_REPRESENTATION_CONTEXT() REPRESENTATION_CONTEXT('2D SPACE',''
  ) );
#9228 = PCURVE('',#9229,#9236);
#9229 = SURFACE_OF_LINEAR_EXTRUSION('',#9230,#9234);
#9230 = B_SPLINE_CURVE_WITH_KNOTS('',2,(#9231,#9232,#9233),
  .UNSPECIFIED.,.F.,.F.,(3,3),(0.,1.),.PIECEWISE_BEZIER_KNOTS.);
#9231 = CARTESIAN_POINT('',(2.295078125,-1.3,8.9033203125));
#9232 = CARTESIAN_POINT('',(2.295078125,-1.3,8.9517578125));
#9233 = CARTESIAN_POINT('',(2.2634375,-1.3,8.983203125));
#9234 = VECTOR('',#9235,1.);
#9235 = DIRECTION('',(-0.,1.,-0.));
#9236 = DEFINITIONAL_REPRESENTATION('',(#9237),#9241);
#9237 = LINE('',#9238,#9239);
#9238 = CARTESIAN_POINT('',(0.,0.));
#9239 = VECTOR('',#9240,1.);
#9240 = DIRECTION('',(0.,-1.));
#9241 = ( GEOMETRIC_REPRESENTATION_CONTEXT(2) 
PARAMETRIC_REPRESENTATION_CONTEXT() REPRESENTATION_CONTEXT('2D SPACE',''
  ) );
#9242 = ORIENTED_EDGE('',*,*,#9243,.F.);
#9243 = EDGE_CURVE('',#9136,#9214,#9244,.T.);
#9244 = SURFACE_CURVE('',#9245,(#9249,#9256),.PCURVE_S1.);
#9245 = B_SPLINE_CURVE_WITH_KNOTS('',2,(#9246,#9247,#9248),
  .UNSPECIFIED.,.F.,.F.,(3,3),(0.,1.),.PIECEWISE_BEZIER_KNOTS.);
#9246 = CARTESIAN_POINT('',(2.2608984375,-1.3,8.8181640625));
#9247 = CARTESIAN_POINT('',(2.295078125,-1.3,8.8525390625));
#9248 = CARTESIAN_POINT('',(2.295078125,-1.3,8.9033203125));
#9249 = PCURVE('',#9151,#9250);
#9250 = DEFINITIONAL_REPRESENTATION('',(#9251),#9255);
#9251 = LINE('',#9252,#9253);
#9252 = CARTESIAN_POINT('',(0.,0.));
#9253 = VECTOR('',#9254,1.);
#9254 = DIRECTION('',(1.,0.));
#9255 = ( GEOMETRIC_REPRESENTATION_CONTEXT(2) 
PARAMETRIC_REPRESENTATION_CONTEXT() REPRESENTATION_CONTEXT('2D SPACE',''
  ) );
#9256 = PCURVE('',#8940,#9257);
#9257 = DEFINITIONAL_REPRESENTATION('',(#9258),#9262);
#9258 = B_SPLINE_CURVE_WITH_KNOTS('',2,(#9259,#9260,#9261),
  .UNSPECIFIED.,.F.,.F.,(3,3),(0.,1.),.PIECEWISE_BEZIER_KNOTS.);
#9259 = CARTESIAN_POINT('',(0.2998046875,8.2421875E-02));
#9260 = CARTESIAN_POINT('',(0.333984375,0.116796875));
#9261 = CARTESIAN_POINT('',(0.333984375,0.167578125));
#9262 = ( GEOMETRIC_REPRESENTATION_CONTEXT(2) 
PARAMETRIC_REPRESENTATION_CONTEXT() REPRESENTATION_CONTEXT('2D SPACE',''
  ) );
#9263 = ADVANCED_FACE('',(#9264),#9229,.T.);
#9264 = FACE_BOUND('',#9265,.T.);
#9265 = EDGE_LOOP('',(#9266,#9267,#9290,#9320));
#9266 = ORIENTED_EDGE('',*,*,#9213,.T.);
#9267 = ORIENTED_EDGE('',*,*,#9268,.T.);
#9268 = EDGE_CURVE('',#9191,#9269,#9271,.T.);
#9269 = VERTEX_POINT('',#9270);
#9270 = CARTESIAN_POINT('',(2.2634375,-1.312,8.983203125));
#9271 = SURFACE_CURVE('',#9272,(#9276,#9283),.PCURVE_S1.);
#9272 = B_SPLINE_CURVE_WITH_KNOTS('',2,(#9273,#9274,#9275),
  .UNSPECIFIED.,.F.,.F.,(3,3),(0.,1.),.PIECEWISE_BEZIER_KNOTS.);
#9273 = CARTESIAN_POINT('',(2.295078125,-1.312,8.9033203125));
#9274 = CARTESIAN_POINT('',(2.295078125,-1.312,8.9517578125));
#9275 = CARTESIAN_POINT('',(2.2634375,-1.312,8.983203125));
#9276 = PCURVE('',#9229,#9277);
#9277 = DEFINITIONAL_REPRESENTATION('',(#9278),#9282);
#9278 = LINE('',#9279,#9280);
#9279 = CARTESIAN_POINT('',(0.,-1.2E-02));
#9280 = VECTOR('',#9281,1.);
#9281 = DIRECTION('',(1.,0.));
#9282 = ( GEOMETRIC_REPRESENTATION_CONTEXT(2) 
PARAMETRIC_REPRESENTATION_CONTEXT() REPRESENTATION_CONTEXT('2D SPACE',''
  ) );
#9283 = PCURVE('',#8884,#9284);
#9284 = DEFINITIONAL_REPRESENTATION('',(#9285),#9289);
#9285 = B_SPLINE_CURVE_WITH_KNOTS('',2,(#9286,#9287,#9288),
  .UNSPECIFIED.,.F.,.F.,(3,3),(0.,1.),.PIECEWISE_BEZIER_KNOTS.);
#9286 = CARTESIAN_POINT('',(0.333984375,0.167578125));
#9287 = CARTESIAN_POINT('',(0.333984375,0.216015625));
#9288 = CARTESIAN_POINT('',(0.30234375,0.2474609375));
#9289 = ( GEOMETRIC_REPRESENTATION_CONTEXT(2) 
PARAMETRIC_REPRESENTATION_CONTEXT() REPRESENTATION_CONTEXT('2D SPACE',''
  ) );
#9290 = ORIENTED_EDGE('',*,*,#9291,.F.);
#9291 = EDGE_CURVE('',#9292,#9269,#9294,.T.);
#9292 = VERTEX_POINT('',#9293);
#9293 = CARTESIAN_POINT('',(2.2634375,-1.3,8.983203125));
#9294 = SURFACE_CURVE('',#9295,(#9299,#9306),.PCURVE_S1.);
#9295 = LINE('',#9296,#9297);
#9296 = CARTESIAN_POINT('',(2.2634375,-1.3,8.983203125));
#9297 = VECTOR('',#9298,1.);
#9298 = DIRECTION('',(0.,-1.,0.));
#9299 = PCURVE('',#9229,#9300);
#9300 = DEFINITIONAL_REPRESENTATION('',(#9301),#9305);
#9301 = LINE('',#9302,#9303);
#9302 = CARTESIAN_POINT('',(1.,0.));
#9303 = VECTOR('',#9304,1.);
#9304 = DIRECTION('',(0.,-1.));
#9305 = ( GEOMETRIC_REPRESENTATION_CONTEXT(2) 
PARAMETRIC_REPRESENTATION_CONTEXT() REPRESENTATION_CONTEXT('2D SPACE',''
  ) );
#9306 = PCURVE('',#9307,#9314);
#9307 = SURFACE_OF_LINEAR_EXTRUSION('',#9308,#9312);
#9308 = B_SPLINE_CURVE_WITH_KNOTS('',2,(#9309,#9310,#9311),
  .UNSPECIFIED.,.F.,.F.,(3,3),(0.,1.),.PIECEWISE_BEZIER_KNOTS.);
#9309 = CARTESIAN_POINT('',(2.2634375,-1.3,8.983203125));
#9310 = CARTESIAN_POINT('',(2.231796875,-1.3,9.0146484375));
#9311 = CARTESIAN_POINT('',(2.18296875,-1.3,9.0146484375));
#9312 = VECTOR('',#9313,1.);
#9313 = DIRECTION('',(-0.,1.,-0.));
#9314 = DEFINITIONAL_REPRESENTATION('',(#9315),#9319);
#9315 = LINE('',#9316,#9317);
#9316 = CARTESIAN_POINT('',(0.,0.));
#9317 = VECTOR('',#9318,1.);
#9318 = DIRECTION('',(0.,-1.));
#9319 = ( GEOMETRIC_REPRESENTATION_CONTEXT(2) 
PARAMETRIC_REPRESENTATION_CONTEXT() REPRESENTATION_CONTEXT('2D SPACE',''
  ) );
#9320 = ORIENTED_EDGE('',*,*,#9321,.F.);
#9321 = EDGE_CURVE('',#9214,#9292,#9322,.T.);
#9322 = SURFACE_CURVE('',#9323,(#9327,#9334),.PCURVE_S1.);
#9323 = B_SPLINE_CURVE_WITH_KNOTS('',2,(#9324,#9325,#9326),
  .UNSPECIFIED.,.F.,.F.,(3,3),(0.,1.),.PIECEWISE_BEZIER_KNOTS.);
#9324 = CARTESIAN_POINT('',(2.295078125,-1.3,8.9033203125));
#9325 = CARTESIAN_POINT('',(2.295078125,-1.3,8.9517578125));
#9326 = CARTESIAN_POINT('',(2.2634375,-1.3,8.983203125));
#9327 = PCURVE('',#9229,#9328);
#9328 = DEFINITIONAL_REPRESENTATION('',(#9329),#9333);
#9329 = LINE('',#9330,#9331);
#9330 = CARTESIAN_POINT('',(0.,0.));
#9331 = VECTOR('',#9332,1.);
#9332 = DIRECTION('',(1.,0.));
#9333 = ( GEOMETRIC_REPRESENTATION_CONTEXT(2) 
PARAMETRIC_REPRESENTATION_CONTEXT() REPRESENTATION_CONTEXT('2D SPACE',''
  ) );
#9334 = PCURVE('',#8940,#9335);
#9335 = DEFINITIONAL_REPRESENTATION('',(#9336),#9340);
#9336 = B_SPLINE_CURVE_WITH_KNOTS('',2,(#9337,#9338,#9339),
  .UNSPECIFIED.,.F.,.F.,(3,3),(0.,1.),.PIECEWISE_BEZIER_KNOTS.);
#9337 = CARTESIAN_POINT('',(0.333984375,0.167578125));
#9338 = CARTESIAN_POINT('',(0.333984375,0.216015625));
#9339 = CARTESIAN_POINT('',(0.30234375,0.2474609375));
#9340 = ( GEOMETRIC_REPRESENTATION_CONTEXT(2) 
PARAMETRIC_REPRESENTATION_CONTEXT() REPRESENTATION_CONTEXT('2D SPACE',''
  ) );
#9341 = ADVANCED_FACE('',(#9342),#9307,.T.);
#9342 = FACE_BOUND('',#9343,.T.);
#9343 = EDGE_LOOP('',(#9344,#9345,#9368,#9398));
#9344 = ORIENTED_EDGE('',*,*,#9291,.T.);
#9345 = ORIENTED_EDGE('',*,*,#9346,.T.);
#9346 = EDGE_CURVE('',#9269,#9347,#9349,.T.);
#9347 = VERTEX_POINT('',#9348);
#9348 = CARTESIAN_POINT('',(2.18296875,-1.312,9.0146484375));
#9349 = SURFACE_CURVE('',#9350,(#9354,#9361),.PCURVE_S1.);
#9350 = B_SPLINE_CURVE_WITH_KNOTS('',2,(#9351,#9352,#9353),
  .UNSPECIFIED.,.F.,.F.,(3,3),(0.,1.),.PIECEWISE_BEZIER_KNOTS.);
#9351 = CARTESIAN_POINT('',(2.2634375,-1.312,8.983203125));
#9352 = CARTESIAN_POINT('',(2.231796875,-1.312,9.0146484375));
#9353 = CARTESIAN_POINT('',(2.18296875,-1.312,9.0146484375));
#9354 = PCURVE('',#9307,#9355);
#9355 = DEFINITIONAL_REPRESENTATION('',(#9356),#9360);
#9356 = LINE('',#9357,#9358);
#9357 = CARTESIAN_POINT('',(0.,-1.2E-02));
#9358 = VECTOR('',#9359,1.);
#9359 = DIRECTION('',(1.,0.));
#9360 = ( GEOMETRIC_REPRESENTATION_CONTEXT(2) 
PARAMETRIC_REPRESENTATION_CONTEXT() REPRESENTATION_CONTEXT('2D SPACE',''
  ) );
#9361 = PCURVE('',#8884,#9362);
#9362 = DEFINITIONAL_REPRESENTATION('',(#9363),#9367);
#9363 = B_SPLINE_CURVE_WITH_KNOTS('',2,(#9364,#9365,#9366),
  .UNSPECIFIED.,.F.,.F.,(3,3),(0.,1.),.PIECEWISE_BEZIER_KNOTS.);
#9364 = CARTESIAN_POINT('',(0.30234375,0.2474609375));
#9365 = CARTESIAN_POINT('',(0.270703125,0.27890625));
#9366 = CARTESIAN_POINT('',(0.221875,0.27890625));
#9367 = ( GEOMETRIC_REPRESENTATION_CONTEXT(2) 
PARAMETRIC_REPRESENTATION_CONTEXT() REPRESENTATION_CONTEXT('2D SPACE',''
  ) );
#9368 = ORIENTED_EDGE('',*,*,#9369,.F.);
#9369 = EDGE_CURVE('',#9370,#9347,#9372,.T.);
#9370 = VERTEX_POINT('',#9371);
#9371 = CARTESIAN_POINT('',(2.18296875,-1.3,9.0146484375));
#9372 = SURFACE_CURVE('',#9373,(#9377,#9384),.PCURVE_S1.);
#9373 = LINE('',#9374,#9375);
#9374 = CARTESIAN_POINT('',(2.18296875,-1.3,9.0146484375));
#9375 = VECTOR('',#9376,1.);
#9376 = DIRECTION('',(0.,-1.,0.));
#9377 = PCURVE('',#9307,#9378);
#9378 = DEFINITIONAL_REPRESENTATION('',(#9379),#9383);
#9379 = LINE('',#9380,#9381);
#9380 = CARTESIAN_POINT('',(1.,0.));
#9381 = VECTOR('',#9382,1.);
#9382 = DIRECTION('',(0.,-1.));
#9383 = ( GEOMETRIC_REPRESENTATION_CONTEXT(2) 
PARAMETRIC_REPRESENTATION_CONTEXT() REPRESENTATION_CONTEXT('2D SPACE',''
  ) );
#9384 = PCURVE('',#9385,#9392);
#9385 = SURFACE_OF_LINEAR_EXTRUSION('',#9386,#9390);
#9386 = B_SPLINE_CURVE_WITH_KNOTS('',2,(#9387,#9388,#9389),
  .UNSPECIFIED.,.F.,.F.,(3,3),(0.,1.),.PIECEWISE_BEZIER_KNOTS.);
#9387 = CARTESIAN_POINT('',(2.18296875,-1.3,9.0146484375));
#9388 = CARTESIAN_POINT('',(2.163046875,-1.3,9.0146484375));
#9389 = CARTESIAN_POINT('',(2.133359375,-1.3,9.0068359375));
#9390 = VECTOR('',#9391,1.);
#9391 = DIRECTION('',(-0.,1.,-0.));
#9392 = DEFINITIONAL_REPRESENTATION('',(#9393),#9397);
#9393 = LINE('',#9394,#9395);
#9394 = CARTESIAN_POINT('',(0.,0.));
#9395 = VECTOR('',#9396,1.);
#9396 = DIRECTION('',(0.,-1.));
#9397 = ( GEOMETRIC_REPRESENTATION_CONTEXT(2) 
PARAMETRIC_REPRESENTATION_CONTEXT() REPRESENTATION_CONTEXT('2D SPACE',''
  ) );
#9398 = ORIENTED_EDGE('',*,*,#9399,.F.);
#9399 = EDGE_CURVE('',#9292,#9370,#9400,.T.);
#9400 = SURFACE_CURVE('',#9401,(#9405,#9412),.PCURVE_S1.);
#9401 = B_SPLINE_CURVE_WITH_KNOTS('',2,(#9402,#9403,#9404),
  .UNSPECIFIED.,.F.,.F.,(3,3),(0.,1.),.PIECEWISE_BEZIER_KNOTS.);
#9402 = CARTESIAN_POINT('',(2.2634375,-1.3,8.983203125));
#9403 = CARTESIAN_POINT('',(2.231796875,-1.3,9.0146484375));
#9404 = CARTESIAN_POINT('',(2.18296875,-1.3,9.0146484375));
#9405 = PCURVE('',#9307,#9406);
#9406 = DEFINITIONAL_REPRESENTATION('',(#9407),#9411);
#9407 = LINE('',#9408,#9409);
#9408 = CARTESIAN_POINT('',(0.,0.));
#9409 = VECTOR('',#9410,1.);
#9410 = DIRECTION('',(1.,0.));
#9411 = ( GEOMETRIC_REPRESENTATION_CONTEXT(2) 
PARAMETRIC_REPRESENTATION_CONTEXT() REPRESENTATION_CONTEXT('2D SPACE',''
  ) );
#9412 = PCURVE('',#8940,#9413);
#9413 = DEFINITIONAL_REPRESENTATION('',(#9414),#9418);
#9414 = B_SPLINE_CURVE_WITH_KNOTS('',2,(#9415,#9416,#9417),
  .UNSPECIFIED.,.F.,.F.,(3,3),(0.,1.),.PIECEWISE_BEZIER_KNOTS.);
#9415 = CARTESIAN_POINT('',(0.30234375,0.2474609375));
#9416 = CARTESIAN_POINT('',(0.270703125,0.27890625));
#9417 = CARTESIAN_POINT('',(0.221875,0.27890625));
#9418 = ( GEOMETRIC_REPRESENTATION_CONTEXT(2) 
PARAMETRIC_REPRESENTATION_CONTEXT() REPRESENTATION_CONTEXT('2D SPACE',''
  ) );
#9419 = ADVANCED_FACE('',(#9420),#9385,.T.);
#9420 = FACE_BOUND('',#9421,.T.);
#9421 = EDGE_LOOP('',(#9422,#9423,#9446,#9474));
#9422 = ORIENTED_EDGE('',*,*,#9369,.T.);
#9423 = ORIENTED_EDGE('',*,*,#9424,.T.);
#9424 = EDGE_CURVE('',#9347,#9425,#9427,.T.);
#9425 = VERTEX_POINT('',#9426);
#9426 = CARTESIAN_POINT('',(2.133359375,-1.312,9.0068359375));
#9427 = SURFACE_CURVE('',#9428,(#9432,#9439),.PCURVE_S1.);
#9428 = B_SPLINE_CURVE_WITH_KNOTS('',2,(#9429,#9430,#9431),
  .UNSPECIFIED.,.F.,.F.,(3,3),(0.,1.),.PIECEWISE_BEZIER_KNOTS.);
#9429 = CARTESIAN_POINT('',(2.18296875,-1.312,9.0146484375));
#9430 = CARTESIAN_POINT('',(2.163046875,-1.312,9.0146484375));
#9431 = CARTESIAN_POINT('',(2.133359375,-1.312,9.0068359375));
#9432 = PCURVE('',#9385,#9433);
#9433 = DEFINITIONAL_REPRESENTATION('',(#9434),#9438);
#9434 = LINE('',#9435,#9436);
#9435 = CARTESIAN_POINT('',(0.,-1.2E-02));
#9436 = VECTOR('',#9437,1.);
#9437 = DIRECTION('',(1.,0.));
#9438 = ( GEOMETRIC_REPRESENTATION_CONTEXT(2) 
PARAMETRIC_REPRESENTATION_CONTEXT() REPRESENTATION_CONTEXT('2D SPACE',''
  ) );
#9439 = PCURVE('',#8884,#9440);
#9440 = DEFINITIONAL_REPRESENTATION('',(#9441),#9445);
#9441 = B_SPLINE_CURVE_WITH_KNOTS('',2,(#9442,#9443,#9444),
  .UNSPECIFIED.,.F.,.F.,(3,3),(0.,1.),.PIECEWISE_BEZIER_KNOTS.);
#9442 = CARTESIAN_POINT('',(0.221875,0.27890625));
#9443 = CARTESIAN_POINT('',(0.201953125,0.27890625));
#9444 = CARTESIAN_POINT('',(0.172265625,0.27109375));
#9445 = ( GEOMETRIC_REPRESENTATION_CONTEXT(2) 
PARAMETRIC_REPRESENTATION_CONTEXT() REPRESENTATION_CONTEXT('2D SPACE',''
  ) );
#9446 = ORIENTED_EDGE('',*,*,#9447,.F.);
#9447 = EDGE_CURVE('',#9448,#9425,#9450,.T.);
#9448 = VERTEX_POINT('',#9449);
#9449 = CARTESIAN_POINT('',(2.133359375,-1.3,9.0068359375));
#9450 = SURFACE_CURVE('',#9451,(#9455,#9462),.PCURVE_S1.);
#9451 = LINE('',#9452,#9453);
#9452 = CARTESIAN_POINT('',(2.133359375,-1.3,9.0068359375));
#9453 = VECTOR('',#9454,1.);
#9454 = DIRECTION('',(0.,-1.,0.));
#9455 = PCURVE('',#9385,#9456);
#9456 = DEFINITIONAL_REPRESENTATION('',(#9457),#9461);
#9457 = LINE('',#9458,#9459);
#9458 = CARTESIAN_POINT('',(1.,0.));
#9459 = VECTOR('',#9460,1.);
#9460 = DIRECTION('',(0.,-1.));
#9461 = ( GEOMETRIC_REPRESENTATION_CONTEXT(2) 
PARAMETRIC_REPRESENTATION_CONTEXT() REPRESENTATION_CONTEXT('2D SPACE',''
  ) );
#9462 = PCURVE('',#9463,#9468);
#9463 = PLANE('',#9464);
#9464 = AXIS2_PLACEMENT_3D('',#9465,#9466,#9467);
#9465 = CARTESIAN_POINT('',(2.133359375,-1.3,9.0068359375));
#9466 = DIRECTION('',(-0.992083472687,0.,0.125580186416));
#9467 = DIRECTION('',(0.125580186416,0.,0.992083472687));
#9468 = DEFINITIONAL_REPRESENTATION('',(#9469),#9473);
#9469 = LINE('',#9470,#9471);
#9470 = CARTESIAN_POINT('',(0.,0.));
#9471 = VECTOR('',#9472,1.);
#9472 = DIRECTION('',(0.,-1.));
#9473 = ( GEOMETRIC_REPRESENTATION_CONTEXT(2) 
PARAMETRIC_REPRESENTATION_CONTEXT() REPRESENTATION_CONTEXT('2D SPACE',''
  ) );
#9474 = ORIENTED_EDGE('',*,*,#9475,.F.);
#9475 = EDGE_CURVE('',#9370,#9448,#9476,.T.);
#9476 = SURFACE_CURVE('',#9477,(#9481,#9488),.PCURVE_S1.);
#9477 = B_SPLINE_CURVE_WITH_KNOTS('',2,(#9478,#9479,#9480),
  .UNSPECIFIED.,.F.,.F.,(3,3),(0.,1.),.PIECEWISE_BEZIER_KNOTS.);
#9478 = CARTESIAN_POINT('',(2.18296875,-1.3,9.0146484375));
#9479 = CARTESIAN_POINT('',(2.163046875,-1.3,9.0146484375));
#9480 = CARTESIAN_POINT('',(2.133359375,-1.3,9.0068359375));
#9481 = PCURVE('',#9385,#9482);
#9482 = DEFINITIONAL_REPRESENTATION('',(#9483),#9487);
#9483 = LINE('',#9484,#9485);
#9484 = CARTESIAN_POINT('',(0.,0.));
#9485 = VECTOR('',#9486,1.);
#9486 = DIRECTION('',(1.,0.));
#9487 = ( GEOMETRIC_REPRESENTATION_CONTEXT(2) 
PARAMETRIC_REPRESENTATION_CONTEXT() REPRESENTATION_CONTEXT('2D SPACE',''
  ) );
#9488 = PCURVE('',#8940,#9489);
#9489 = DEFINITIONAL_REPRESENTATION('',(#9490),#9494);
#9490 = B_SPLINE_CURVE_WITH_KNOTS('',2,(#9491,#9492,#9493),
  .UNSPECIFIED.,.F.,.F.,(3,3),(0.,1.),.PIECEWISE_BEZIER_KNOTS.);
#9491 = CARTESIAN_POINT('',(0.221875,0.27890625));
#9492 = CARTESIAN_POINT('',(0.201953125,0.27890625));
#9493 = CARTESIAN_POINT('',(0.172265625,0.27109375));
#9494 = ( GEOMETRIC_REPRESENTATION_CONTEXT(2) 
PARAMETRIC_REPRESENTATION_CONTEXT() REPRESENTATION_CONTEXT('2D SPACE',''
  ) );
#9495 = ADVANCED_FACE('',(#9496),#9463,.T.);
#9496 = FACE_BOUND('',#9497,.T.);
#9497 = EDGE_LOOP('',(#9498,#9499,#9522,#9552));
#9498 = ORIENTED_EDGE('',*,*,#9447,.T.);
#9499 = ORIENTED_EDGE('',*,*,#9500,.T.);
#9500 = EDGE_CURVE('',#9425,#9501,#9503,.T.);
#9501 = VERTEX_POINT('',#9502);
#9502 = CARTESIAN_POINT('',(2.141171875,-1.312,9.0685546875));
#9503 = SURFACE_CURVE('',#9504,(#9508,#9515),.PCURVE_S1.);
#9504 = LINE('',#9505,#9506);
#9505 = CARTESIAN_POINT('',(2.133359375,-1.312,9.0068359375));
#9506 = VECTOR('',#9507,1.);
#9507 = DIRECTION('',(0.125580186416,0.,0.992083472687));
#9508 = PCURVE('',#9463,#9509);
#9509 = DEFINITIONAL_REPRESENTATION('',(#9510),#9514);
#9510 = LINE('',#9511,#9512);
#9511 = CARTESIAN_POINT('',(0.,-1.2E-02));
#9512 = VECTOR('',#9513,1.);
#9513 = DIRECTION('',(1.,0.));
#9514 = ( GEOMETRIC_REPRESENTATION_CONTEXT(2) 
PARAMETRIC_REPRESENTATION_CONTEXT() REPRESENTATION_CONTEXT('2D SPACE',''
  ) );
#9515 = PCURVE('',#8884,#9516);
#9516 = DEFINITIONAL_REPRESENTATION('',(#9517),#9521);
#9517 = LINE('',#9518,#9519);
#9518 = CARTESIAN_POINT('',(0.172265625,0.27109375));
#9519 = VECTOR('',#9520,1.);
#9520 = DIRECTION('',(0.125580186416,0.992083472687));
#9521 = ( GEOMETRIC_REPRESENTATION_CONTEXT(2) 
PARAMETRIC_REPRESENTATION_CONTEXT() REPRESENTATION_CONTEXT('2D SPACE',''
  ) );
#9522 = ORIENTED_EDGE('',*,*,#9523,.F.);
#9523 = EDGE_CURVE('',#9524,#9501,#9526,.T.);
#9524 = VERTEX_POINT('',#9525);
#9525 = CARTESIAN_POINT('',(2.141171875,-1.3,9.0685546875));
#9526 = SURFACE_CURVE('',#9527,(#9531,#9538),.PCURVE_S1.);
#9527 = LINE('',#9528,#9529);
#9528 = CARTESIAN_POINT('',(2.141171875,-1.3,9.0685546875));
#9529 = VECTOR('',#9530,1.);
#9530 = DIRECTION('',(0.,-1.,0.));
#9531 = PCURVE('',#9463,#9532);
#9532 = DEFINITIONAL_REPRESENTATION('',(#9533),#9537);
#9533 = LINE('',#9534,#9535);
#9534 = CARTESIAN_POINT('',(6.221124703631E-02,0.));
#9535 = VECTOR('',#9536,1.);
#9536 = DIRECTION('',(0.,-1.));
#9537 = ( GEOMETRIC_REPRESENTATION_CONTEXT(2) 
PARAMETRIC_REPRESENTATION_CONTEXT() REPRESENTATION_CONTEXT('2D SPACE',''
  ) );
#9538 = PCURVE('',#9539,#9546);
#9539 = SURFACE_OF_LINEAR_EXTRUSION('',#9540,#9544);
#9540 = B_SPLINE_CURVE_WITH_KNOTS('',2,(#9541,#9542,#9543),
  .UNSPECIFIED.,.F.,.F.,(3,3),(0.,1.),.PIECEWISE_BEZIER_KNOTS.);
#9541 = CARTESIAN_POINT('',(2.141171875,-1.3,9.0685546875));
#9542 = CARTESIAN_POINT('',(2.148203125,-1.3,9.0677734375));
#9543 = CARTESIAN_POINT('',(2.1525,-1.3,9.0677734375));
#9544 = VECTOR('',#9545,1.);
#9545 = DIRECTION('',(-0.,1.,-0.));
#9546 = DEFINITIONAL_REPRESENTATION('',(#9547),#9551);
#9547 = LINE('',#9548,#9549);
#9548 = CARTESIAN_POINT('',(0.,0.));
#9549 = VECTOR('',#9550,1.);
#9550 = DIRECTION('',(0.,-1.));
#9551 = ( GEOMETRIC_REPRESENTATION_CONTEXT(2) 
PARAMETRIC_REPRESENTATION_CONTEXT() REPRESENTATION_CONTEXT('2D SPACE',''
  ) );
#9552 = ORIENTED_EDGE('',*,*,#9553,.F.);
#9553 = EDGE_CURVE('',#9448,#9524,#9554,.T.);
#9554 = SURFACE_CURVE('',#9555,(#9559,#9566),.PCURVE_S1.);
#9555 = LINE('',#9556,#9557);
#9556 = CARTESIAN_POINT('',(2.133359375,-1.3,9.0068359375));
#9557 = VECTOR('',#9558,1.);
#9558 = DIRECTION('',(0.125580186416,0.,0.992083472687));
#9559 = PCURVE('',#9463,#9560);
#9560 = DEFINITIONAL_REPRESENTATION('',(#9561),#9565);
#9561 = LINE('',#9562,#9563);
#9562 = CARTESIAN_POINT('',(0.,0.));
#9563 = VECTOR('',#9564,1.);
#9564 = DIRECTION('',(1.,0.));
#9565 = ( GEOMETRIC_REPRESENTATION_CONTEXT(2) 
PARAMETRIC_REPRESENTATION_CONTEXT() REPRESENTATION_CONTEXT('2D SPACE',''
  ) );
#9566 = PCURVE('',#8940,#9567);
#9567 = DEFINITIONAL_REPRESENTATION('',(#9568),#9572);
#9568 = LINE('',#9569,#9570);
#9569 = CARTESIAN_POINT('',(0.172265625,0.27109375));
#9570 = VECTOR('',#9571,1.);
#9571 = DIRECTION('',(0.125580186416,0.992083472687));
#9572 = ( GEOMETRIC_REPRESENTATION_CONTEXT(2) 
PARAMETRIC_REPRESENTATION_CONTEXT() REPRESENTATION_CONTEXT('2D SPACE',''
  ) );
#9573 = ADVANCED_FACE('',(#9574),#9539,.T.);
#9574 = FACE_BOUND('',#9575,.T.);
#9575 = EDGE_LOOP('',(#9576,#9577,#9600,#9630));
#9576 = ORIENTED_EDGE('',*,*,#9523,.T.);
#9577 = ORIENTED_EDGE('',*,*,#9578,.T.);
#9578 = EDGE_CURVE('',#9501,#9579,#9581,.T.);
#9579 = VERTEX_POINT('',#9580);
#9580 = CARTESIAN_POINT('',(2.1525,-1.312,9.0677734375));
#9581 = SURFACE_CURVE('',#9582,(#9586,#9593),.PCURVE_S1.);
#9582 = B_SPLINE_CURVE_WITH_KNOTS('',2,(#9583,#9584,#9585),
  .UNSPECIFIED.,.F.,.F.,(3,3),(0.,1.),.PIECEWISE_BEZIER_KNOTS.);
#9583 = CARTESIAN_POINT('',(2.141171875,-1.312,9.0685546875));
#9584 = CARTESIAN_POINT('',(2.148203125,-1.312,9.0677734375));
#9585 = CARTESIAN_POINT('',(2.1525,-1.312,9.0677734375));
#9586 = PCURVE('',#9539,#9587);
#9587 = DEFINITIONAL_REPRESENTATION('',(#9588),#9592);
#9588 = LINE('',#9589,#9590);
#9589 = CARTESIAN_POINT('',(0.,-1.2E-02));
#9590 = VECTOR('',#9591,1.);
#9591 = DIRECTION('',(1.,0.));
#9592 = ( GEOMETRIC_REPRESENTATION_CONTEXT(2) 
PARAMETRIC_REPRESENTATION_CONTEXT() REPRESENTATION_CONTEXT('2D SPACE',''
  ) );
#9593 = PCURVE('',#8884,#9594);
#9594 = DEFINITIONAL_REPRESENTATION('',(#9595),#9599);
#9595 = B_SPLINE_CURVE_WITH_KNOTS('',2,(#9596,#9597,#9598),
  .UNSPECIFIED.,.F.,.F.,(3,3),(0.,1.),.PIECEWISE_BEZIER_KNOTS.);
#9596 = CARTESIAN_POINT('',(0.180078125,0.3328125));
#9597 = CARTESIAN_POINT('',(0.187109375,0.33203125));
#9598 = CARTESIAN_POINT('',(0.19140625,0.33203125));
#9599 = ( GEOMETRIC_REPRESENTATION_CONTEXT(2) 
PARAMETRIC_REPRESENTATION_CONTEXT() REPRESENTATION_CONTEXT('2D SPACE',''
  ) );
#9600 = ORIENTED_EDGE('',*,*,#9601,.F.);
#9601 = EDGE_CURVE('',#9602,#9579,#9604,.T.);
#9602 = VERTEX_POINT('',#9603);
#9603 = CARTESIAN_POINT('',(2.1525,-1.3,9.0677734375));
#9604 = SURFACE_CURVE('',#9605,(#9609,#9616),.PCURVE_S1.);
#9605 = LINE('',#9606,#9607);
#9606 = CARTESIAN_POINT('',(2.1525,-1.3,9.0677734375));
#9607 = VECTOR('',#9608,1.);
#9608 = DIRECTION('',(0.,-1.,0.));
#9609 = PCURVE('',#9539,#9610);
#9610 = DEFINITIONAL_REPRESENTATION('',(#9611),#9615);
#9611 = LINE('',#9612,#9613);
#9612 = CARTESIAN_POINT('',(1.,0.));
#9613 = VECTOR('',#9614,1.);
#9614 = DIRECTION('',(0.,-1.));
#9615 = ( GEOMETRIC_REPRESENTATION_CONTEXT(2) 
PARAMETRIC_REPRESENTATION_CONTEXT() REPRESENTATION_CONTEXT('2D SPACE',''
  ) );
#9616 = PCURVE('',#9617,#9624);
#9617 = SURFACE_OF_LINEAR_EXTRUSION('',#9618,#9622);
#9618 = B_SPLINE_CURVE_WITH_KNOTS('',2,(#9619,#9620,#9621),
  .UNSPECIFIED.,.F.,.F.,(3,3),(0.,1.),.PIECEWISE_BEZIER_KNOTS.);
#9619 = CARTESIAN_POINT('',(2.1525,-1.3,9.0677734375));
#9620 = CARTESIAN_POINT('',(2.197421875,-1.3,9.0677734375));
#9621 = CARTESIAN_POINT('',(2.233359375,-1.3,9.0912109375));
#9622 = VECTOR('',#9623,1.);
#9623 = DIRECTION('',(-0.,1.,-0.));
#9624 = DEFINITIONAL_REPRESENTATION('',(#9625),#9629);
#9625 = LINE('',#9626,#9627);
#9626 = CARTESIAN_POINT('',(0.,0.));
#9627 = VECTOR('',#9628,1.);
#9628 = DIRECTION('',(0.,-1.));
#9629 = ( GEOMETRIC_REPRESENTATION_CONTEXT(2) 
PARAMETRIC_REPRESENTATION_CONTEXT() REPRESENTATION_CONTEXT('2D SPACE',''
  ) );
#9630 = ORIENTED_EDGE('',*,*,#9631,.F.);
#9631 = EDGE_CURVE('',#9524,#9602,#9632,.T.);
#9632 = SURFACE_CURVE('',#9633,(#9637,#9644),.PCURVE_S1.);
#9633 = B_SPLINE_CURVE_WITH_KNOTS('',2,(#9634,#9635,#9636),
  .UNSPECIFIED.,.F.,.F.,(3,3),(0.,1.),.PIECEWISE_BEZIER_KNOTS.);
#9634 = CARTESIAN_POINT('',(2.141171875,-1.3,9.0685546875));
#9635 = CARTESIAN_POINT('',(2.148203125,-1.3,9.0677734375));
#9636 = CARTESIAN_POINT('',(2.1525,-1.3,9.0677734375));
#9637 = PCURVE('',#9539,#9638);
#9638 = DEFINITIONAL_REPRESENTATION('',(#9639),#9643);
#9639 = LINE('',#9640,#9641);
#9640 = CARTESIAN_POINT('',(0.,0.));
#9641 = VECTOR('',#9642,1.);
#9642 = DIRECTION('',(1.,0.));
#9643 = ( GEOMETRIC_REPRESENTATION_CONTEXT(2) 
PARAMETRIC_REPRESENTATION_CONTEXT() REPRESENTATION_CONTEXT('2D SPACE',''
  ) );
#9644 = PCURVE('',#8940,#9645);
#9645 = DEFINITIONAL_REPRESENTATION('',(#9646),#9650);
#9646 = B_SPLINE_CURVE_WITH_KNOTS('',2,(#9647,#9648,#9649),
  .UNSPECIFIED.,.F.,.F.,(3,3),(0.,1.),.PIECEWISE_BEZIER_KNOTS.);
#9647 = CARTESIAN_POINT('',(0.180078125,0.3328125));
#9648 = CARTESIAN_POINT('',(0.187109375,0.33203125));
#9649 = CARTESIAN_POINT('',(0.19140625,0.33203125));
#9650 = ( GEOMETRIC_REPRESENTATION_CONTEXT(2) 
PARAMETRIC_REPRESENTATION_CONTEXT() REPRESENTATION_CONTEXT('2D SPACE',''
  ) );
#9651 = ADVANCED_FACE('',(#9652),#9617,.T.);
#9652 = FACE_BOUND('',#9653,.T.);
#9653 = EDGE_LOOP('',(#9654,#9655,#9678,#9708));
#9654 = ORIENTED_EDGE('',*,*,#9601,.T.);
#9655 = ORIENTED_EDGE('',*,*,#9656,.T.);
#9656 = EDGE_CURVE('',#9579,#9657,#9659,.T.);
#9657 = VERTEX_POINT('',#9658);
#9658 = CARTESIAN_POINT('',(2.233359375,-1.312,9.0912109375));
#9659 = SURFACE_CURVE('',#9660,(#9664,#9671),.PCURVE_S1.);
#9660 = B_SPLINE_CURVE_WITH_KNOTS('',2,(#9661,#9662,#9663),
  .UNSPECIFIED.,.F.,.F.,(3,3),(0.,1.),.PIECEWISE_BEZIER_KNOTS.);
#9661 = CARTESIAN_POINT('',(2.1525,-1.312,9.0677734375));
#9662 = CARTESIAN_POINT('',(2.197421875,-1.312,9.0677734375));
#9663 = CARTESIAN_POINT('',(2.233359375,-1.312,9.0912109375));
#9664 = PCURVE('',#9617,#9665);
#9665 = DEFINITIONAL_REPRESENTATION('',(#9666),#9670);
#9666 = LINE('',#9667,#9668);
#9667 = CARTESIAN_POINT('',(0.,-1.2E-02));
#9668 = VECTOR('',#9669,1.);
#9669 = DIRECTION('',(1.,0.));
#9670 = ( GEOMETRIC_REPRESENTATION_CONTEXT(2) 
PARAMETRIC_REPRESENTATION_CONTEXT() REPRESENTATION_CONTEXT('2D SPACE',''
  ) );
#9671 = PCURVE('',#8884,#9672);
#9672 = DEFINITIONAL_REPRESENTATION('',(#9673),#9677);
#9673 = B_SPLINE_CURVE_WITH_KNOTS('',2,(#9674,#9675,#9676),
  .UNSPECIFIED.,.F.,.F.,(3,3),(0.,1.),.PIECEWISE_BEZIER_KNOTS.);
#9674 = CARTESIAN_POINT('',(0.19140625,0.33203125));
#9675 = CARTESIAN_POINT('',(0.236328125,0.33203125));
#9676 = CARTESIAN_POINT('',(0.272265625,0.35546875));
#9677 = ( GEOMETRIC_REPRESENTATION_CONTEXT(2) 
PARAMETRIC_REPRESENTATION_CONTEXT() REPRESENTATION_CONTEXT('2D SPACE',''
  ) );
#9678 = ORIENTED_EDGE('',*,*,#9679,.F.);
#9679 = EDGE_CURVE('',#9680,#9657,#9682,.T.);
#9680 = VERTEX_POINT('',#9681);
#9681 = CARTESIAN_POINT('',(2.233359375,-1.3,9.0912109375));
#9682 = SURFACE_CURVE('',#9683,(#9687,#9694),.PCURVE_S1.);
#9683 = LINE('',#9684,#9685);
#9684 = CARTESIAN_POINT('',(2.233359375,-1.3,9.0912109375));
#9685 = VECTOR('',#9686,1.);
#9686 = DIRECTION('',(0.,-1.,0.));
#9687 = PCURVE('',#9617,#9688);
#9688 = DEFINITIONAL_REPRESENTATION('',(#9689),#9693);
#9689 = LINE('',#9690,#9691);
#9690 = CARTESIAN_POINT('',(1.,0.));
#9691 = VECTOR('',#9692,1.);
#9692 = DIRECTION('',(0.,-1.));
#9693 = ( GEOMETRIC_REPRESENTATION_CONTEXT(2) 
PARAMETRIC_REPRESENTATION_CONTEXT() REPRESENTATION_CONTEXT('2D SPACE',''
  ) );
#9694 = PCURVE('',#9695,#9702);
#9695 = SURFACE_OF_LINEAR_EXTRUSION('',#9696,#9700);
#9696 = B_SPLINE_CURVE_WITH_KNOTS('',2,(#9697,#9698,#9699),
  .UNSPECIFIED.,.F.,.F.,(3,3),(0.,1.),.PIECEWISE_BEZIER_KNOTS.);
#9697 = CARTESIAN_POINT('',(2.233359375,-1.3,9.0912109375));
#9698 = CARTESIAN_POINT('',(2.269296875,-1.3,9.1146484375));
#9699 = CARTESIAN_POINT('',(2.269296875,-1.3,9.1634765625));
#9700 = VECTOR('',#9701,1.);
#9701 = DIRECTION('',(-0.,1.,-0.));
#9702 = DEFINITIONAL_REPRESENTATION('',(#9703),#9707);
#9703 = LINE('',#9704,#9705);
#9704 = CARTESIAN_POINT('',(0.,0.));
#9705 = VECTOR('',#9706,1.);
#9706 = DIRECTION('',(0.,-1.));
#9707 = ( GEOMETRIC_REPRESENTATION_CONTEXT(2) 
PARAMETRIC_REPRESENTATION_CONTEXT() REPRESENTATION_CONTEXT('2D SPACE',''
  ) );
#9708 = ORIENTED_EDGE('',*,*,#9709,.F.);
#9709 = EDGE_CURVE('',#9602,#9680,#9710,.T.);
#9710 = SURFACE_CURVE('',#9711,(#9715,#9722),.PCURVE_S1.);
#9711 = B_SPLINE_CURVE_WITH_KNOTS('',2,(#9712,#9713,#9714),
  .UNSPECIFIED.,.F.,.F.,(3,3),(0.,1.),.PIECEWISE_BEZIER_KNOTS.);
#9712 = CARTESIAN_POINT('',(2.1525,-1.3,9.0677734375));
#9713 = CARTESIAN_POINT('',(2.197421875,-1.3,9.0677734375));
#9714 = CARTESIAN_POINT('',(2.233359375,-1.3,9.0912109375));
#9715 = PCURVE('',#9617,#9716);
#9716 = DEFINITIONAL_REPRESENTATION('',(#9717),#9721);
#9717 = LINE('',#9718,#9719);
#9718 = CARTESIAN_POINT('',(0.,0.));
#9719 = VECTOR('',#9720,1.);
#9720 = DIRECTION('',(1.,0.));
#9721 = ( GEOMETRIC_REPRESENTATION_CONTEXT(2) 
PARAMETRIC_REPRESENTATION_CONTEXT() REPRESENTATION_CONTEXT('2D SPACE',''
  ) );
#9722 = PCURVE('',#8940,#9723);
#9723 = DEFINITIONAL_REPRESENTATION('',(#9724),#9728);
#9724 = B_SPLINE_CURVE_WITH_KNOTS('',2,(#9725,#9726,#9727),
  .UNSPECIFIED.,.F.,.F.,(3,3),(0.,1.),.PIECEWISE_BEZIER_KNOTS.);
#9725 = CARTESIAN_POINT('',(0.19140625,0.33203125));
#9726 = CARTESIAN_POINT('',(0.236328125,0.33203125));
#9727 = CARTESIAN_POINT('',(0.272265625,0.35546875));
#9728 = ( GEOMETRIC_REPRESENTATION_CONTEXT(2) 
PARAMETRIC_REPRESENTATION_CONTEXT() REPRESENTATION_CONTEXT('2D SPACE',''
  ) );
#9729 = ADVANCED_FACE('',(#9730),#9695,.T.);
#9730 = FACE_BOUND('',#9731,.T.);
#9731 = EDGE_LOOP('',(#9732,#9733,#9756,#9786));
#9732 = ORIENTED_EDGE('',*,*,#9679,.T.);
#9733 = ORIENTED_EDGE('',*,*,#9734,.T.);
#9734 = EDGE_CURVE('',#9657,#9735,#9737,.T.);
#9735 = VERTEX_POINT('',#9736);
#9736 = CARTESIAN_POINT('',(2.269296875,-1.312,9.1634765625));
#9737 = SURFACE_CURVE('',#9738,(#9742,#9749),.PCURVE_S1.);
#9738 = B_SPLINE_CURVE_WITH_KNOTS('',2,(#9739,#9740,#9741),
  .UNSPECIFIED.,.F.,.F.,(3,3),(0.,1.),.PIECEWISE_BEZIER_KNOTS.);
#9739 = CARTESIAN_POINT('',(2.233359375,-1.312,9.0912109375));
#9740 = CARTESIAN_POINT('',(2.269296875,-1.312,9.1146484375));
#9741 = CARTESIAN_POINT('',(2.269296875,-1.312,9.1634765625));
#9742 = PCURVE('',#9695,#9743);
#9743 = DEFINITIONAL_REPRESENTATION('',(#9744),#9748);
#9744 = LINE('',#9745,#9746);
#9745 = CARTESIAN_POINT('',(0.,-1.2E-02));
#9746 = VECTOR('',#9747,1.);
#9747 = DIRECTION('',(1.,0.));
#9748 = ( GEOMETRIC_REPRESENTATION_CONTEXT(2) 
PARAMETRIC_REPRESENTATION_CONTEXT() REPRESENTATION_CONTEXT('2D SPACE',''
  ) );
#9749 = PCURVE('',#8884,#9750);
#9750 = DEFINITIONAL_REPRESENTATION('',(#9751),#9755);
#9751 = B_SPLINE_CURVE_WITH_KNOTS('',2,(#9752,#9753,#9754),
  .UNSPECIFIED.,.F.,.F.,(3,3),(0.,1.),.PIECEWISE_BEZIER_KNOTS.);
#9752 = CARTESIAN_POINT('',(0.272265625,0.35546875));
#9753 = CARTESIAN_POINT('',(0.308203125,0.37890625));
#9754 = CARTESIAN_POINT('',(0.308203125,0.427734375));
#9755 = ( GEOMETRIC_REPRESENTATION_CONTEXT(2) 
PARAMETRIC_REPRESENTATION_CONTEXT() REPRESENTATION_CONTEXT('2D SPACE',''
  ) );
#9756 = ORIENTED_EDGE('',*,*,#9757,.F.);
#9757 = EDGE_CURVE('',#9758,#9735,#9760,.T.);
#9758 = VERTEX_POINT('',#9759);
#9759 = CARTESIAN_POINT('',(2.269296875,-1.3,9.1634765625));
#9760 = SURFACE_CURVE('',#9761,(#9765,#9772),.PCURVE_S1.);
#9761 = LINE('',#9762,#9763);
#9762 = CARTESIAN_POINT('',(2.269296875,-1.3,9.1634765625));
#9763 = VECTOR('',#9764,1.);
#9764 = DIRECTION('',(0.,-1.,0.));
#9765 = PCURVE('',#9695,#9766);
#9766 = DEFINITIONAL_REPRESENTATION('',(#9767),#9771);
#9767 = LINE('',#9768,#9769);
#9768 = CARTESIAN_POINT('',(1.,0.));
#9769 = VECTOR('',#9770,1.);
#9770 = DIRECTION('',(0.,-1.));
#9771 = ( GEOMETRIC_REPRESENTATION_CONTEXT(2) 
PARAMETRIC_REPRESENTATION_CONTEXT() REPRESENTATION_CONTEXT('2D SPACE',''
  ) );
#9772 = PCURVE('',#9773,#9780);
#9773 = SURFACE_OF_LINEAR_EXTRUSION('',#9774,#9778);
#9774 = B_SPLINE_CURVE_WITH_KNOTS('',2,(#9775,#9776,#9777),
  .UNSPECIFIED.,.F.,.F.,(3,3),(0.,1.),.PIECEWISE_BEZIER_KNOTS.);
#9775 = CARTESIAN_POINT('',(2.269296875,-1.3,9.1634765625));
#9776 = CARTESIAN_POINT('',(2.269296875,-1.3,9.2021484375));
#9777 = CARTESIAN_POINT('',(2.243125,-1.3,9.2275390625));
#9778 = VECTOR('',#9779,1.);
#9779 = DIRECTION('',(-0.,1.,-0.));
#9780 = DEFINITIONAL_REPRESENTATION('',(#9781),#9785);
#9781 = LINE('',#9782,#9783);
#9782 = CARTESIAN_POINT('',(0.,0.));
#9783 = VECTOR('',#9784,1.);
#9784 = DIRECTION('',(0.,-1.));
#9785 = ( GEOMETRIC_REPRESENTATION_CONTEXT(2) 
PARAMETRIC_REPRESENTATION_CONTEXT() REPRESENTATION_CONTEXT('2D SPACE',''
  ) );
#9786 = ORIENTED_EDGE('',*,*,#9787,.F.);
#9787 = EDGE_CURVE('',#9680,#9758,#9788,.T.);
#9788 = SURFACE_CURVE('',#9789,(#9793,#9800),.PCURVE_S1.);
#9789 = B_SPLINE_CURVE_WITH_KNOTS('',2,(#9790,#9791,#9792),
  .UNSPECIFIED.,.F.,.F.,(3,3),(0.,1.),.PIECEWISE_BEZIER_KNOTS.);
#9790 = CARTESIAN_POINT('',(2.233359375,-1.3,9.0912109375));
#9791 = CARTESIAN_POINT('',(2.269296875,-1.3,9.1146484375));
#9792 = CARTESIAN_POINT('',(2.269296875,-1.3,9.1634765625));
#9793 = PCURVE('',#9695,#9794);
#9794 = DEFINITIONAL_REPRESENTATION('',(#9795),#9799);
#9795 = LINE('',#9796,#9797);
#9796 = CARTESIAN_POINT('',(0.,0.));
#9797 = VECTOR('',#9798,1.);
#9798 = DIRECTION('',(1.,0.));
#9799 = ( GEOMETRIC_REPRESENTATION_CONTEXT(2) 
PARAMETRIC_REPRESENTATION_CONTEXT() REPRESENTATION_CONTEXT('2D SPACE',''
  ) );
#9800 = PCURVE('',#8940,#9801);
#9801 = DEFINITIONAL_REPRESENTATION('',(#9802),#9806);
#9802 = B_SPLINE_CURVE_WITH_KNOTS('',2,(#9803,#9804,#9805),
  .UNSPECIFIED.,.F.,.F.,(3,3),(0.,1.),.PIECEWISE_BEZIER_KNOTS.);
#9803 = CARTESIAN_POINT('',(0.272265625,0.35546875));
#9804 = CARTESIAN_POINT('',(0.308203125,0.37890625));
#9805 = CARTESIAN_POINT('',(0.308203125,0.427734375));
#9806 = ( GEOMETRIC_REPRESENTATION_CONTEXT(2) 
PARAMETRIC_REPRESENTATION_CONTEXT() REPRESENTATION_CONTEXT('2D SPACE',''
  ) );
#9807 = ADVANCED_FACE('',(#9808),#9773,.T.);
#9808 = FACE_BOUND('',#9809,.T.);
#9809 = EDGE_LOOP('',(#9810,#9811,#9834,#9864));
#9810 = ORIENTED_EDGE('',*,*,#9757,.T.);
#9811 = ORIENTED_EDGE('',*,*,#9812,.T.);
#9812 = EDGE_CURVE('',#9735,#9813,#9815,.T.);
#9813 = VERTEX_POINT('',#9814);
#9814 = CARTESIAN_POINT('',(2.243125,-1.312,9.2275390625));
#9815 = SURFACE_CURVE('',#9816,(#9820,#9827),.PCURVE_S1.);
#9816 = B_SPLINE_CURVE_WITH_KNOTS('',2,(#9817,#9818,#9819),
  .UNSPECIFIED.,.F.,.F.,(3,3),(0.,1.),.PIECEWISE_BEZIER_KNOTS.);
#9817 = CARTESIAN_POINT('',(2.269296875,-1.312,9.1634765625));
#9818 = CARTESIAN_POINT('',(2.269296875,-1.312,9.2021484375));
#9819 = CARTESIAN_POINT('',(2.243125,-1.312,9.2275390625));
#9820 = PCURVE('',#9773,#9821);
#9821 = DEFINITIONAL_REPRESENTATION('',(#9822),#9826);
#9822 = LINE('',#9823,#9824);
#9823 = CARTESIAN_POINT('',(0.,-1.2E-02));
#9824 = VECTOR('',#9825,1.);
#9825 = DIRECTION('',(1.,0.));
#9826 = ( GEOMETRIC_REPRESENTATION_CONTEXT(2) 
PARAMETRIC_REPRESENTATION_CONTEXT() REPRESENTATION_CONTEXT('2D SPACE',''
  ) );
#9827 = PCURVE('',#8884,#9828);
#9828 = DEFINITIONAL_REPRESENTATION('',(#9829),#9833);
#9829 = B_SPLINE_CURVE_WITH_KNOTS('',2,(#9830,#9831,#9832),
  .UNSPECIFIED.,.F.,.F.,(3,3),(0.,1.),.PIECEWISE_BEZIER_KNOTS.);
#9830 = CARTESIAN_POINT('',(0.308203125,0.427734375));
#9831 = CARTESIAN_POINT('',(0.308203125,0.46640625));
#9832 = CARTESIAN_POINT('',(0.28203125,0.491796875));
#9833 = ( GEOMETRIC_REPRESENTATION_CONTEXT(2) 
PARAMETRIC_REPRESENTATION_CONTEXT() REPRESENTATION_CONTEXT('2D SPACE',''
  ) );
#9834 = ORIENTED_EDGE('',*,*,#9835,.F.);
#9835 = EDGE_CURVE('',#9836,#9813,#9838,.T.);
#9836 = VERTEX_POINT('',#9837);
#9837 = CARTESIAN_POINT('',(2.243125,-1.3,9.2275390625));
#9838 = SURFACE_CURVE('',#9839,(#9843,#9850),.PCURVE_S1.);
#9839 = LINE('',#9840,#9841);
#9840 = CARTESIAN_POINT('',(2.243125,-1.3,9.2275390625));
#9841 = VECTOR('',#9842,1.);
#9842 = DIRECTION('',(0.,-1.,0.));
#9843 = PCURVE('',#9773,#9844);
#9844 = DEFINITIONAL_REPRESENTATION('',(#9845),#9849);
#9845 = LINE('',#9846,#9847);
#9846 = CARTESIAN_POINT('',(1.,0.));
#9847 = VECTOR('',#9848,1.);
#9848 = DIRECTION('',(0.,-1.));
#9849 = ( GEOMETRIC_REPRESENTATION_CONTEXT(2) 
PARAMETRIC_REPRESENTATION_CONTEXT() REPRESENTATION_CONTEXT('2D SPACE',''
  ) );
#9850 = PCURVE('',#9851,#9858);
#9851 = SURFACE_OF_LINEAR_EXTRUSION('',#9852,#9856);
#9852 = B_SPLINE_CURVE_WITH_KNOTS('',2,(#9853,#9854,#9855),
  .UNSPECIFIED.,.F.,.F.,(3,3),(0.,1.),.PIECEWISE_BEZIER_KNOTS.);
#9853 = CARTESIAN_POINT('',(2.243125,-1.3,9.2275390625));
#9854 = CARTESIAN_POINT('',(2.216953125,-1.3,9.2529296875));
#9855 = CARTESIAN_POINT('',(2.175546875,-1.3,9.2529296875));
#9856 = VECTOR('',#9857,1.);
#9857 = DIRECTION('',(-0.,1.,-0.));
#9858 = DEFINITIONAL_REPRESENTATION('',(#9859),#9863);
#9859 = LINE('',#9860,#9861);
#9860 = CARTESIAN_POINT('',(0.,0.));
#9861 = VECTOR('',#9862,1.);
#9862 = DIRECTION('',(0.,-1.));
#9863 = ( GEOMETRIC_REPRESENTATION_CONTEXT(2) 
PARAMETRIC_REPRESENTATION_CONTEXT() REPRESENTATION_CONTEXT('2D SPACE',''
  ) );
#9864 = ORIENTED_EDGE('',*,*,#9865,.F.);
#9865 = EDGE_CURVE('',#9758,#9836,#9866,.T.);
#9866 = SURFACE_CURVE('',#9867,(#9871,#9878),.PCURVE_S1.);
#9867 = B_SPLINE_CURVE_WITH_KNOTS('',2,(#9868,#9869,#9870),
  .UNSPECIFIED.,.F.,.F.,(3,3),(0.,1.),.PIECEWISE_BEZIER_KNOTS.);
#9868 = CARTESIAN_POINT('',(2.269296875,-1.3,9.1634765625));
#9869 = CARTESIAN_POINT('',(2.269296875,-1.3,9.2021484375));
#9870 = CARTESIAN_POINT('',(2.243125,-1.3,9.2275390625));
#9871 = PCURVE('',#9773,#9872);
#9872 = DEFINITIONAL_REPRESENTATION('',(#9873),#9877);
#9873 = LINE('',#9874,#9875);
#9874 = CARTESIAN_POINT('',(0.,0.));
#9875 = VECTOR('',#9876,1.);
#9876 = DIRECTION('',(1.,0.));
#9877 = ( GEOMETRIC_REPRESENTATION_CONTEXT(2) 
PARAMETRIC_REPRESENTATION_CONTEXT() REPRESENTATION_CONTEXT('2D SPACE',''
  ) );
#9878 = PCURVE('',#8940,#9879);
#9879 = DEFINITIONAL_REPRESENTATION('',(#9880),#9884);
#9880 = B_SPLINE_CURVE_WITH_KNOTS('',2,(#9881,#9882,#9883),
  .UNSPECIFIED.,.F.,.F.,(3,3),(0.,1.),.PIECEWISE_BEZIER_KNOTS.);
#9881 = CARTESIAN_POINT('',(0.308203125,0.427734375));
#9882 = CARTESIAN_POINT('',(0.308203125,0.46640625));
#9883 = CARTESIAN_POINT('',(0.28203125,0.491796875));
#9884 = ( GEOMETRIC_REPRESENTATION_CONTEXT(2) 
PARAMETRIC_REPRESENTATION_CONTEXT() REPRESENTATION_CONTEXT('2D SPACE',''
  ) );
#9885 = ADVANCED_FACE('',(#9886),#9851,.T.);
#9886 = FACE_BOUND('',#9887,.T.);
#9887 = EDGE_LOOP('',(#9888,#9889,#9912,#9942));
#9888 = ORIENTED_EDGE('',*,*,#9835,.T.);
#9889 = ORIENTED_EDGE('',*,*,#9890,.T.);
#9890 = EDGE_CURVE('',#9813,#9891,#9893,.T.);
#9891 = VERTEX_POINT('',#9892);
#9892 = CARTESIAN_POINT('',(2.175546875,-1.312,9.2529296875));
#9893 = SURFACE_CURVE('',#9894,(#9898,#9905),.PCURVE_S1.);
#9894 = B_SPLINE_CURVE_WITH_KNOTS('',2,(#9895,#9896,#9897),
  .UNSPECIFIED.,.F.,.F.,(3,3),(0.,1.),.PIECEWISE_BEZIER_KNOTS.);
#9895 = CARTESIAN_POINT('',(2.243125,-1.312,9.2275390625));
#9896 = CARTESIAN_POINT('',(2.216953125,-1.312,9.2529296875));
#9897 = CARTESIAN_POINT('',(2.175546875,-1.312,9.2529296875));
#9898 = PCURVE('',#9851,#9899);
#9899 = DEFINITIONAL_REPRESENTATION('',(#9900),#9904);
#9900 = LINE('',#9901,#9902);
#9901 = CARTESIAN_POINT('',(0.,-1.2E-02));
#9902 = VECTOR('',#9903,1.);
#9903 = DIRECTION('',(1.,0.));
#9904 = ( GEOMETRIC_REPRESENTATION_CONTEXT(2) 
PARAMETRIC_REPRESENTATION_CONTEXT() REPRESENTATION_CONTEXT('2D SPACE',''
  ) );
#9905 = PCURVE('',#8884,#9906);
#9906 = DEFINITIONAL_REPRESENTATION('',(#9907),#9911);
#9907 = B_SPLINE_CURVE_WITH_KNOTS('',2,(#9908,#9909,#9910),
  .UNSPECIFIED.,.F.,.F.,(3,3),(0.,1.),.PIECEWISE_BEZIER_KNOTS.);
#9908 = CARTESIAN_POINT('',(0.28203125,0.491796875));
#9909 = CARTESIAN_POINT('',(0.255859375,0.5171875));
#9910 = CARTESIAN_POINT('',(0.214453125,0.5171875));
#9911 = ( GEOMETRIC_REPRESENTATION_CONTEXT(2) 
PARAMETRIC_REPRESENTATION_CONTEXT() REPRESENTATION_CONTEXT('2D SPACE',''
  ) );
#9912 = ORIENTED_EDGE('',*,*,#9913,.F.);
#9913 = EDGE_CURVE('',#9914,#9891,#9916,.T.);
#9914 = VERTEX_POINT('',#9915);
#9915 = CARTESIAN_POINT('',(2.175546875,-1.3,9.2529296875));
#9916 = SURFACE_CURVE('',#9917,(#9921,#9928),.PCURVE_S1.);
#9917 = LINE('',#9918,#9919);
#9918 = CARTESIAN_POINT('',(2.175546875,-1.3,9.2529296875));
#9919 = VECTOR('',#9920,1.);
#9920 = DIRECTION('',(0.,-1.,0.));
#9921 = PCURVE('',#9851,#9922);
#9922 = DEFINITIONAL_REPRESENTATION('',(#9923),#9927);
#9923 = LINE('',#9924,#9925);
#9924 = CARTESIAN_POINT('',(1.,0.));
#9925 = VECTOR('',#9926,1.);
#9926 = DIRECTION('',(0.,-1.));
#9927 = ( GEOMETRIC_REPRESENTATION_CONTEXT(2) 
PARAMETRIC_REPRESENTATION_CONTEXT() REPRESENTATION_CONTEXT('2D SPACE',''
  ) );
#9928 = PCURVE('',#9929,#9936);
#9929 = SURFACE_OF_LINEAR_EXTRUSION('',#9930,#9934);
#9930 = B_SPLINE_CURVE_WITH_KNOTS('',2,(#9931,#9932,#9933),
  .UNSPECIFIED.,.F.,.F.,(3,3),(0.,1.),.PIECEWISE_BEZIER_KNOTS.);
#9931 = CARTESIAN_POINT('',(2.175546875,-1.3,9.2529296875));
#9932 = CARTESIAN_POINT('',(2.13453125,-1.3,9.2529296875));
#9933 = CARTESIAN_POINT('',(2.1071875,-1.3,9.2271484375));
#9934 = VECTOR('',#9935,1.);
#9935 = DIRECTION('',(-0.,1.,-0.));
#9936 = DEFINITIONAL_REPRESENTATION('',(#9937),#9941);
#9937 = LINE('',#9938,#9939);
#9938 = CARTESIAN_POINT('',(0.,0.));
#9939 = VECTOR('',#9940,1.);
#9940 = DIRECTION('',(0.,-1.));
#9941 = ( GEOMETRIC_REPRESENTATION_CONTEXT(2) 
PARAMETRIC_REPRESENTATION_CONTEXT() REPRESENTATION_CONTEXT('2D SPACE',''
  ) );
#9942 = ORIENTED_EDGE('',*,*,#9943,.F.);
#9943 = EDGE_CURVE('',#9836,#9914,#9944,.T.);
#9944 = SURFACE_CURVE('',#9945,(#9949,#9956),.PCURVE_S1.);
#9945 = B_SPLINE_CURVE_WITH_KNOTS('',2,(#9946,#9947,#9948),
  .UNSPECIFIED.,.F.,.F.,(3,3),(0.,1.),.PIECEWISE_BEZIER_KNOTS.);
#9946 = CARTESIAN_POINT('',(2.243125,-1.3,9.2275390625));
#9947 = CARTESIAN_POINT('',(2.216953125,-1.3,9.2529296875));
#9948 = CARTESIAN_POINT('',(2.175546875,-1.3,9.2529296875));
#9949 = PCURVE('',#9851,#9950);
#9950 = DEFINITIONAL_REPRESENTATION('',(#9951),#9955);
#9951 = LINE('',#9952,#9953);
#9952 = CARTESIAN_POINT('',(0.,0.));
#9953 = VECTOR('',#9954,1.);
#9954 = DIRECTION('',(1.,0.));
#9955 = ( GEOMETRIC_REPRESENTATION_CONTEXT(2) 
PARAMETRIC_REPRESENTATION_CONTEXT() REPRESENTATION_CONTEXT('2D SPACE',''
  ) );
#9956 = PCURVE('',#8940,#9957);
#9957 = DEFINITIONAL_REPRESENTATION('',(#9958),#9962);
#9958 = B_SPLINE_CURVE_WITH_KNOTS('',2,(#9959,#9960,#9961),
  .UNSPECIFIED.,.F.,.F.,(3,3),(0.,1.),.PIECEWISE_BEZIER_KNOTS.);
#9959 = CARTESIAN_POINT('',(0.28203125,0.491796875));
#9960 = CARTESIAN_POINT('',(0.255859375,0.5171875));
#9961 = CARTESIAN_POINT('',(0.214453125,0.5171875));
#9962 = ( GEOMETRIC_REPRESENTATION_CONTEXT(2) 
PARAMETRIC_REPRESENTATION_CONTEXT() REPRESENTATION_CONTEXT('2D SPACE',''
  ) );
#9963 = ADVANCED_FACE('',(#9964),#9929,.T.);
#9964 = FACE_BOUND('',#9965,.T.);
#9965 = EDGE_LOOP('',(#9966,#9967,#9990,#10020));
#9966 = ORIENTED_EDGE('',*,*,#9913,.T.);
#9967 = ORIENTED_EDGE('',*,*,#9968,.T.);
#9968 = EDGE_CURVE('',#9891,#9969,#9971,.T.);
#9969 = VERTEX_POINT('',#9970);
#9970 = CARTESIAN_POINT('',(2.1071875,-1.312,9.2271484375));
#9971 = SURFACE_CURVE('',#9972,(#9976,#9983),.PCURVE_S1.);
#9972 = B_SPLINE_CURVE_WITH_KNOTS('',2,(#9973,#9974,#9975),
  .UNSPECIFIED.,.F.,.F.,(3,3),(0.,1.),.PIECEWISE_BEZIER_KNOTS.);
#9973 = CARTESIAN_POINT('',(2.175546875,-1.312,9.2529296875));
#9974 = CARTESIAN_POINT('',(2.13453125,-1.312,9.2529296875));
#9975 = CARTESIAN_POINT('',(2.1071875,-1.312,9.2271484375));
#9976 = PCURVE('',#9929,#9977);
#9977 = DEFINITIONAL_REPRESENTATION('',(#9978),#9982);
#9978 = LINE('',#9979,#9980);
#9979 = CARTESIAN_POINT('',(0.,-1.2E-02));
#9980 = VECTOR('',#9981,1.);
#9981 = DIRECTION('',(1.,0.));
#9982 = ( GEOMETRIC_REPRESENTATION_CONTEXT(2) 
PARAMETRIC_REPRESENTATION_CONTEXT() REPRESENTATION_CONTEXT('2D SPACE',''
  ) );
#9983 = PCURVE('',#8884,#9984);
#9984 = DEFINITIONAL_REPRESENTATION('',(#9985),#9989);
#9985 = B_SPLINE_CURVE_WITH_KNOTS('',2,(#9986,#9987,#9988),
  .UNSPECIFIED.,.F.,.F.,(3,3),(0.,1.),.PIECEWISE_BEZIER_KNOTS.);
#9986 = CARTESIAN_POINT('',(0.214453125,0.5171875));
#9987 = CARTESIAN_POINT('',(0.1734375,0.5171875));
#9988 = CARTESIAN_POINT('',(0.14609375,0.49140625));
#9989 = ( GEOMETRIC_REPRESENTATION_CONTEXT(2) 
PARAMETRIC_REPRESENTATION_CONTEXT() REPRESENTATION_CONTEXT('2D SPACE',''
  ) );
#9990 = ORIENTED_EDGE('',*,*,#9991,.F.);
#9991 = EDGE_CURVE('',#9992,#9969,#9994,.T.);
#9992 = VERTEX_POINT('',#9993);
#9993 = CARTESIAN_POINT('',(2.1071875,-1.3,9.2271484375));
#9994 = SURFACE_CURVE('',#9995,(#9999,#10006),.PCURVE_S1.);
#9995 = LINE('',#9996,#9997);
#9996 = CARTESIAN_POINT('',(2.1071875,-1.3,9.2271484375));
#9997 = VECTOR('',#9998,1.);
#9998 = DIRECTION('',(0.,-1.,0.));
#9999 = PCURVE('',#9929,#10000);
#10000 = DEFINITIONAL_REPRESENTATION('',(#10001),#10005);
#10001 = LINE('',#10002,#10003);
#10002 = CARTESIAN_POINT('',(1.,0.));
#10003 = VECTOR('',#10004,1.);
#10004 = DIRECTION('',(0.,-1.));
#10005 = ( GEOMETRIC_REPRESENTATION_CONTEXT(2) 
PARAMETRIC_REPRESENTATION_CONTEXT() REPRESENTATION_CONTEXT('2D SPACE',''
  ) );
#10006 = PCURVE('',#10007,#10014);
#10007 = SURFACE_OF_LINEAR_EXTRUSION('',#10008,#10012);
#10008 = B_SPLINE_CURVE_WITH_KNOTS('',2,(#10009,#10010,#10011),
  .UNSPECIFIED.,.F.,.F.,(3,3),(0.,1.),.PIECEWISE_BEZIER_KNOTS.);
#10009 = CARTESIAN_POINT('',(2.1071875,-1.3,9.2271484375));
#10010 = CARTESIAN_POINT('',(2.07984375,-1.3,9.2013671875));
#10011 = CARTESIAN_POINT('',(2.07203125,-1.3,9.1498046875));
#10012 = VECTOR('',#10013,1.);
#10013 = DIRECTION('',(-0.,1.,-0.));
#10014 = DEFINITIONAL_REPRESENTATION('',(#10015),#10019);
#10015 = LINE('',#10016,#10017);
#10016 = CARTESIAN_POINT('',(0.,0.));
#10017 = VECTOR('',#10018,1.);
#10018 = DIRECTION('',(0.,-1.));
#10019 = ( GEOMETRIC_REPRESENTATION_CONTEXT(2) 
PARAMETRIC_REPRESENTATION_CONTEXT() REPRESENTATION_CONTEXT('2D SPACE',''
  ) );
#10020 = ORIENTED_EDGE('',*,*,#10021,.F.);
#10021 = EDGE_CURVE('',#9914,#9992,#10022,.T.);
#10022 = SURFACE_CURVE('',#10023,(#10027,#10034),.PCURVE_S1.);
#10023 = B_SPLINE_CURVE_WITH_KNOTS('',2,(#10024,#10025,#10026),
  .UNSPECIFIED.,.F.,.F.,(3,3),(0.,1.),.PIECEWISE_BEZIER_KNOTS.);
#10024 = CARTESIAN_POINT('',(2.175546875,-1.3,9.2529296875));
#10025 = CARTESIAN_POINT('',(2.13453125,-1.3,9.2529296875));
#10026 = CARTESIAN_POINT('',(2.1071875,-1.3,9.2271484375));
#10027 = PCURVE('',#9929,#10028);
#10028 = DEFINITIONAL_REPRESENTATION('',(#10029),#10033);
#10029 = LINE('',#10030,#10031);
#10030 = CARTESIAN_POINT('',(0.,0.));
#10031 = VECTOR('',#10032,1.);
#10032 = DIRECTION('',(1.,0.));
#10033 = ( GEOMETRIC_REPRESENTATION_CONTEXT(2) 
PARAMETRIC_REPRESENTATION_CONTEXT() REPRESENTATION_CONTEXT('2D SPACE',''
  ) );
#10034 = PCURVE('',#8940,#10035);
#10035 = DEFINITIONAL_REPRESENTATION('',(#10036),#10040);
#10036 = B_SPLINE_CURVE_WITH_KNOTS('',2,(#10037,#10038,#10039),
  .UNSPECIFIED.,.F.,.F.,(3,3),(0.,1.),.PIECEWISE_BEZIER_KNOTS.);
#10037 = CARTESIAN_POINT('',(0.214453125,0.5171875));
#10038 = CARTESIAN_POINT('',(0.1734375,0.5171875));
#10039 = CARTESIAN_POINT('',(0.14609375,0.49140625));
#10040 = ( GEOMETRIC_REPRESENTATION_CONTEXT(2) 
PARAMETRIC_REPRESENTATION_CONTEXT() REPRESENTATION_CONTEXT('2D SPACE',''
  ) );
#10041 = ADVANCED_FACE('',(#10042),#10007,.T.);
#10042 = FACE_BOUND('',#10043,.T.);
#10043 = EDGE_LOOP('',(#10044,#10045,#10068,#10096));
#10044 = ORIENTED_EDGE('',*,*,#9991,.T.);
#10045 = ORIENTED_EDGE('',*,*,#10046,.T.);
#10046 = EDGE_CURVE('',#9969,#10047,#10049,.T.);
#10047 = VERTEX_POINT('',#10048);
#10048 = CARTESIAN_POINT('',(2.07203125,-1.312,9.1498046875));
#10049 = SURFACE_CURVE('',#10050,(#10054,#10061),.PCURVE_S1.);
#10050 = B_SPLINE_CURVE_WITH_KNOTS('',2,(#10051,#10052,#10053),
  .UNSPECIFIED.,.F.,.F.,(3,3),(0.,1.),.PIECEWISE_BEZIER_KNOTS.);
#10051 = CARTESIAN_POINT('',(2.1071875,-1.312,9.2271484375));
#10052 = CARTESIAN_POINT('',(2.07984375,-1.312,9.2013671875));
#10053 = CARTESIAN_POINT('',(2.07203125,-1.312,9.1498046875));
#10054 = PCURVE('',#10007,#10055);
#10055 = DEFINITIONAL_REPRESENTATION('',(#10056),#10060);
#10056 = LINE('',#10057,#10058);
#10057 = CARTESIAN_POINT('',(0.,-1.2E-02));
#10058 = VECTOR('',#10059,1.);
#10059 = DIRECTION('',(1.,0.));
#10060 = ( GEOMETRIC_REPRESENTATION_CONTEXT(2) 
PARAMETRIC_REPRESENTATION_CONTEXT() REPRESENTATION_CONTEXT('2D SPACE',''
  ) );
#10061 = PCURVE('',#8884,#10062);
#10062 = DEFINITIONAL_REPRESENTATION('',(#10063),#10067);
#10063 = B_SPLINE_CURVE_WITH_KNOTS('',2,(#10064,#10065,#10066),
  .UNSPECIFIED.,.F.,.F.,(3,3),(0.,1.),.PIECEWISE_BEZIER_KNOTS.);
#10064 = CARTESIAN_POINT('',(0.14609375,0.49140625));
#10065 = CARTESIAN_POINT('',(0.11875,0.465625));
#10066 = CARTESIAN_POINT('',(0.1109375,0.4140625));
#10067 = ( GEOMETRIC_REPRESENTATION_CONTEXT(2) 
PARAMETRIC_REPRESENTATION_CONTEXT() REPRESENTATION_CONTEXT('2D SPACE',''
  ) );
#10068 = ORIENTED_EDGE('',*,*,#10069,.F.);
#10069 = EDGE_CURVE('',#10070,#10047,#10072,.T.);
#10070 = VERTEX_POINT('',#10071);
#10071 = CARTESIAN_POINT('',(2.07203125,-1.3,9.1498046875));
#10072 = SURFACE_CURVE('',#10073,(#10077,#10084),.PCURVE_S1.);
#10073 = LINE('',#10074,#10075);
#10074 = CARTESIAN_POINT('',(2.07203125,-1.3,9.1498046875));
#10075 = VECTOR('',#10076,1.);
#10076 = DIRECTION('',(0.,-1.,0.));
#10077 = PCURVE('',#10007,#10078);
#10078 = DEFINITIONAL_REPRESENTATION('',(#10079),#10083);
#10079 = LINE('',#10080,#10081);
#10080 = CARTESIAN_POINT('',(1.,0.));
#10081 = VECTOR('',#10082,1.);
#10082 = DIRECTION('',(0.,-1.));
#10083 = ( GEOMETRIC_REPRESENTATION_CONTEXT(2) 
PARAMETRIC_REPRESENTATION_CONTEXT() REPRESENTATION_CONTEXT('2D SPACE',''
  ) );
#10084 = PCURVE('',#10085,#10090);
#10085 = PLANE('',#10086);
#10086 = AXIS2_PLACEMENT_3D('',#10087,#10088,#10089);
#10087 = CARTESIAN_POINT('',(2.07203125,-1.3,9.1498046875));
#10088 = DIRECTION('',(-0.175033334717,-0.,-0.984562507786));
#10089 = DIRECTION('',(-0.984562507786,0.,0.175033334717));
#10090 = DEFINITIONAL_REPRESENTATION('',(#10091),#10095);
#10091 = LINE('',#10092,#10093);
#10092 = CARTESIAN_POINT('',(0.,0.));
#10093 = VECTOR('',#10094,1.);
#10094 = DIRECTION('',(0.,-1.));
#10095 = ( GEOMETRIC_REPRESENTATION_CONTEXT(2) 
PARAMETRIC_REPRESENTATION_CONTEXT() REPRESENTATION_CONTEXT('2D SPACE',''
  ) );
#10096 = ORIENTED_EDGE('',*,*,#10097,.F.);
#10097 = EDGE_CURVE('',#9992,#10070,#10098,.T.);
#10098 = SURFACE_CURVE('',#10099,(#10103,#10110),.PCURVE_S1.);
#10099 = B_SPLINE_CURVE_WITH_KNOTS('',2,(#10100,#10101,#10102),
  .UNSPECIFIED.,.F.,.F.,(3,3),(0.,1.),.PIECEWISE_BEZIER_KNOTS.);
#10100 = CARTESIAN_POINT('',(2.1071875,-1.3,9.2271484375));
#10101 = CARTESIAN_POINT('',(2.07984375,-1.3,9.2013671875));
#10102 = CARTESIAN_POINT('',(2.07203125,-1.3,9.1498046875));
#10103 = PCURVE('',#10007,#10104);
#10104 = DEFINITIONAL_REPRESENTATION('',(#10105),#10109);
#10105 = LINE('',#10106,#10107);
#10106 = CARTESIAN_POINT('',(0.,0.));
#10107 = VECTOR('',#10108,1.);
#10108 = DIRECTION('',(1.,0.));
#10109 = ( GEOMETRIC_REPRESENTATION_CONTEXT(2) 
PARAMETRIC_REPRESENTATION_CONTEXT() REPRESENTATION_CONTEXT('2D SPACE',''
  ) );
#10110 = PCURVE('',#8940,#10111);
#10111 = DEFINITIONAL_REPRESENTATION('',(#10112),#10116);
#10112 = B_SPLINE_CURVE_WITH_KNOTS('',2,(#10113,#10114,#10115),
  .UNSPECIFIED.,.F.,.F.,(3,3),(0.,1.),.PIECEWISE_BEZIER_KNOTS.);
#10113 = CARTESIAN_POINT('',(0.14609375,0.49140625));
#10114 = CARTESIAN_POINT('',(0.11875,0.465625));
#10115 = CARTESIAN_POINT('',(0.1109375,0.4140625));
#10116 = ( GEOMETRIC_REPRESENTATION_CONTEXT(2) 
PARAMETRIC_REPRESENTATION_CONTEXT() REPRESENTATION_CONTEXT('2D SPACE',''
  ) );
#10117 = ADVANCED_FACE('',(#10118),#10085,.T.);
#10118 = FACE_BOUND('',#10119,.T.);
#10119 = EDGE_LOOP('',(#10120,#10121,#10144,#10174));
#10120 = ORIENTED_EDGE('',*,*,#10069,.T.);
#10121 = ORIENTED_EDGE('',*,*,#10122,.T.);
#10122 = EDGE_CURVE('',#10047,#10123,#10125,.T.);
#10123 = VERTEX_POINT('',#10124);
#10124 = CARTESIAN_POINT('',(2.00171875,-1.312,9.1623046875));
#10125 = SURFACE_CURVE('',#10126,(#10130,#10137),.PCURVE_S1.);
#10126 = LINE('',#10127,#10128);
#10127 = CARTESIAN_POINT('',(2.07203125,-1.312,9.1498046875));
#10128 = VECTOR('',#10129,1.);
#10129 = DIRECTION('',(-0.984562507786,0.,0.175033334717));
#10130 = PCURVE('',#10085,#10131);
#10131 = DEFINITIONAL_REPRESENTATION('',(#10132),#10136);
#10132 = LINE('',#10133,#10134);
#10133 = CARTESIAN_POINT('',(4.372335861306E-16,-1.2E-02));
#10134 = VECTOR('',#10135,1.);
#10135 = DIRECTION('',(1.,0.));
#10136 = ( GEOMETRIC_REPRESENTATION_CONTEXT(2) 
PARAMETRIC_REPRESENTATION_CONTEXT() REPRESENTATION_CONTEXT('2D SPACE',''
  ) );
#10137 = PCURVE('',#8884,#10138);
#10138 = DEFINITIONAL_REPRESENTATION('',(#10139),#10143);
#10139 = LINE('',#10140,#10141);
#10140 = CARTESIAN_POINT('',(0.1109375,0.4140625));
#10141 = VECTOR('',#10142,1.);
#10142 = DIRECTION('',(-0.984562507786,0.175033334717));
#10143 = ( GEOMETRIC_REPRESENTATION_CONTEXT(2) 
PARAMETRIC_REPRESENTATION_CONTEXT() REPRESENTATION_CONTEXT('2D SPACE',''
  ) );
#10144 = ORIENTED_EDGE('',*,*,#10145,.F.);
#10145 = EDGE_CURVE('',#10146,#10123,#10148,.T.);
#10146 = VERTEX_POINT('',#10147);
#10147 = CARTESIAN_POINT('',(2.00171875,-1.3,9.1623046875));
#10148 = SURFACE_CURVE('',#10149,(#10153,#10160),.PCURVE_S1.);
#10149 = LINE('',#10150,#10151);
#10150 = CARTESIAN_POINT('',(2.00171875,-1.3,9.1623046875));
#10151 = VECTOR('',#10152,1.);
#10152 = DIRECTION('',(0.,-1.,0.));
#10153 = PCURVE('',#10085,#10154);
#10154 = DEFINITIONAL_REPRESENTATION('',(#10155),#10159);
#10155 = LINE('',#10156,#10157);
#10156 = CARTESIAN_POINT('',(7.141496801267E-02,0.));
#10157 = VECTOR('',#10158,1.);
#10158 = DIRECTION('',(0.,-1.));
#10159 = ( GEOMETRIC_REPRESENTATION_CONTEXT(2) 
PARAMETRIC_REPRESENTATION_CONTEXT() REPRESENTATION_CONTEXT('2D SPACE',''
  ) );
#10160 = PCURVE('',#10161,#10168);
#10161 = SURFACE_OF_LINEAR_EXTRUSION('',#10162,#10166);
#10162 = B_SPLINE_CURVE_WITH_KNOTS('',2,(#10163,#10164,#10165),
  .UNSPECIFIED.,.F.,.F.,(3,3),(0.,1.),.PIECEWISE_BEZIER_KNOTS.);
#10163 = CARTESIAN_POINT('',(2.00171875,-1.3,9.1623046875));
#10164 = CARTESIAN_POINT('',(2.014609375,-1.3,9.2330078125));
#10165 = CARTESIAN_POINT('',(2.0603125,-1.3,9.271875));
#10166 = VECTOR('',#10167,1.);
#10167 = DIRECTION('',(-0.,1.,-0.));
#10168 = DEFINITIONAL_REPRESENTATION('',(#10169),#10173);
#10169 = LINE('',#10170,#10171);
#10170 = CARTESIAN_POINT('',(0.,0.));
#10171 = VECTOR('',#10172,1.);
#10172 = DIRECTION('',(0.,-1.));
#10173 = ( GEOMETRIC_REPRESENTATION_CONTEXT(2) 
PARAMETRIC_REPRESENTATION_CONTEXT() REPRESENTATION_CONTEXT('2D SPACE',''
  ) );
#10174 = ORIENTED_EDGE('',*,*,#10175,.F.);
#10175 = EDGE_CURVE('',#10070,#10146,#10176,.T.);
#10176 = SURFACE_CURVE('',#10177,(#10181,#10188),.PCURVE_S1.);
#10177 = LINE('',#10178,#10179);
#10178 = CARTESIAN_POINT('',(2.07203125,-1.3,9.1498046875));
#10179 = VECTOR('',#10180,1.);
#10180 = DIRECTION('',(-0.984562507786,0.,0.175033334717));
#10181 = PCURVE('',#10085,#10182);
#10182 = DEFINITIONAL_REPRESENTATION('',(#10183),#10187);
#10183 = LINE('',#10184,#10185);
#10184 = CARTESIAN_POINT('',(4.372335861306E-16,0.));
#10185 = VECTOR('',#10186,1.);
#10186 = DIRECTION('',(1.,0.));
#10187 = ( GEOMETRIC_REPRESENTATION_CONTEXT(2) 
PARAMETRIC_REPRESENTATION_CONTEXT() REPRESENTATION_CONTEXT('2D SPACE',''
  ) );
#10188 = PCURVE('',#8940,#10189);
#10189 = DEFINITIONAL_REPRESENTATION('',(#10190),#10194);
#10190 = LINE('',#10191,#10192);
#10191 = CARTESIAN_POINT('',(0.1109375,0.4140625));
#10192 = VECTOR('',#10193,1.);
#10193 = DIRECTION('',(-0.984562507786,0.175033334717));
#10194 = ( GEOMETRIC_REPRESENTATION_CONTEXT(2) 
PARAMETRIC_REPRESENTATION_CONTEXT() REPRESENTATION_CONTEXT('2D SPACE',''
  ) );
#10195 = ADVANCED_FACE('',(#10196),#10161,.T.);
#10196 = FACE_BOUND('',#10197,.T.);
#10197 = EDGE_LOOP('',(#10198,#10199,#10222,#10252));
#10198 = ORIENTED_EDGE('',*,*,#10145,.T.);
#10199 = ORIENTED_EDGE('',*,*,#10200,.T.);
#10200 = EDGE_CURVE('',#10123,#10201,#10203,.T.);
#10201 = VERTEX_POINT('',#10202);
#10202 = CARTESIAN_POINT('',(2.0603125,-1.312,9.271875));
#10203 = SURFACE_CURVE('',#10204,(#10208,#10215),.PCURVE_S1.);
#10204 = B_SPLINE_CURVE_WITH_KNOTS('',2,(#10205,#10206,#10207),
  .UNSPECIFIED.,.F.,.F.,(3,3),(0.,1.),.PIECEWISE_BEZIER_KNOTS.);
#10205 = CARTESIAN_POINT('',(2.00171875,-1.312,9.1623046875));
#10206 = CARTESIAN_POINT('',(2.014609375,-1.312,9.2330078125));
#10207 = CARTESIAN_POINT('',(2.0603125,-1.312,9.271875));
#10208 = PCURVE('',#10161,#10209);
#10209 = DEFINITIONAL_REPRESENTATION('',(#10210),#10214);
#10210 = LINE('',#10211,#10212);
#10211 = CARTESIAN_POINT('',(0.,-1.2E-02));
#10212 = VECTOR('',#10213,1.);
#10213 = DIRECTION('',(1.,0.));
#10214 = ( GEOMETRIC_REPRESENTATION_CONTEXT(2) 
PARAMETRIC_REPRESENTATION_CONTEXT() REPRESENTATION_CONTEXT('2D SPACE',''
  ) );
#10215 = PCURVE('',#8884,#10216);
#10216 = DEFINITIONAL_REPRESENTATION('',(#10217),#10221);
#10217 = B_SPLINE_CURVE_WITH_KNOTS('',2,(#10218,#10219,#10220),
  .UNSPECIFIED.,.F.,.F.,(3,3),(0.,1.),.PIECEWISE_BEZIER_KNOTS.);
#10218 = CARTESIAN_POINT('',(4.0625E-02,0.4265625));
#10219 = CARTESIAN_POINT('',(5.3515625E-02,0.497265625));
#10220 = CARTESIAN_POINT('',(9.921875E-02,0.5361328125));
#10221 = ( GEOMETRIC_REPRESENTATION_CONTEXT(2) 
PARAMETRIC_REPRESENTATION_CONTEXT() REPRESENTATION_CONTEXT('2D SPACE',''
  ) );
#10222 = ORIENTED_EDGE('',*,*,#10223,.F.);
#10223 = EDGE_CURVE('',#10224,#10201,#10226,.T.);
#10224 = VERTEX_POINT('',#10225);
#10225 = CARTESIAN_POINT('',(2.0603125,-1.3,9.271875));
#10226 = SURFACE_CURVE('',#10227,(#10231,#10238),.PCURVE_S1.);
#10227 = LINE('',#10228,#10229);
#10228 = CARTESIAN_POINT('',(2.0603125,-1.3,9.271875));
#10229 = VECTOR('',#10230,1.);
#10230 = DIRECTION('',(0.,-1.,0.));
#10231 = PCURVE('',#10161,#10232);
#10232 = DEFINITIONAL_REPRESENTATION('',(#10233),#10237);
#10233 = LINE('',#10234,#10235);
#10234 = CARTESIAN_POINT('',(1.,0.));
#10235 = VECTOR('',#10236,1.);
#10236 = DIRECTION('',(0.,-1.));
#10237 = ( GEOMETRIC_REPRESENTATION_CONTEXT(2) 
PARAMETRIC_REPRESENTATION_CONTEXT() REPRESENTATION_CONTEXT('2D SPACE',''
  ) );
#10238 = PCURVE('',#10239,#10246);
#10239 = SURFACE_OF_LINEAR_EXTRUSION('',#10240,#10244);
#10240 = B_SPLINE_CURVE_WITH_KNOTS('',2,(#10241,#10242,#10243),
  .UNSPECIFIED.,.F.,.F.,(3,3),(0.,1.),.PIECEWISE_BEZIER_KNOTS.);
#10241 = CARTESIAN_POINT('',(2.0603125,-1.3,9.271875));
#10242 = CARTESIAN_POINT('',(2.106015625,-1.3,9.3107421875));
#10243 = CARTESIAN_POINT('',(2.173984375,-1.3,9.3107421875));
#10244 = VECTOR('',#10245,1.);
#10245 = DIRECTION('',(-0.,1.,-0.));
#10246 = DEFINITIONAL_REPRESENTATION('',(#10247),#10251);
#10247 = LINE('',#10248,#10249);
#10248 = CARTESIAN_POINT('',(0.,0.));
#10249 = VECTOR('',#10250,1.);
#10250 = DIRECTION('',(0.,-1.));
#10251 = ( GEOMETRIC_REPRESENTATION_CONTEXT(2) 
PARAMETRIC_REPRESENTATION_CONTEXT() REPRESENTATION_CONTEXT('2D SPACE',''
  ) );
#10252 = ORIENTED_EDGE('',*,*,#10253,.F.);
#10253 = EDGE_CURVE('',#10146,#10224,#10254,.T.);
#10254 = SURFACE_CURVE('',#10255,(#10259,#10266),.PCURVE_S1.);
#10255 = B_SPLINE_CURVE_WITH_KNOTS('',2,(#10256,#10257,#10258),
  .UNSPECIFIED.,.F.,.F.,(3,3),(0.,1.),.PIECEWISE_BEZIER_KNOTS.);
#10256 = CARTESIAN_POINT('',(2.00171875,-1.3,9.1623046875));
#10257 = CARTESIAN_POINT('',(2.014609375,-1.3,9.2330078125));
#10258 = CARTESIAN_POINT('',(2.0603125,-1.3,9.271875));
#10259 = PCURVE('',#10161,#10260);
#10260 = DEFINITIONAL_REPRESENTATION('',(#10261),#10265);
#10261 = LINE('',#10262,#10263);
#10262 = CARTESIAN_POINT('',(0.,0.));
#10263 = VECTOR('',#10264,1.);
#10264 = DIRECTION('',(1.,0.));
#10265 = ( GEOMETRIC_REPRESENTATION_CONTEXT(2) 
PARAMETRIC_REPRESENTATION_CONTEXT() REPRESENTATION_CONTEXT('2D SPACE',''
  ) );
#10266 = PCURVE('',#8940,#10267);
#10267 = DEFINITIONAL_REPRESENTATION('',(#10268),#10272);
#10268 = B_SPLINE_CURVE_WITH_KNOTS('',2,(#10269,#10270,#10271),
  .UNSPECIFIED.,.F.,.F.,(3,3),(0.,1.),.PIECEWISE_BEZIER_KNOTS.);
#10269 = CARTESIAN_POINT('',(4.0625E-02,0.4265625));
#10270 = CARTESIAN_POINT('',(5.3515625E-02,0.497265625));
#10271 = CARTESIAN_POINT('',(9.921875E-02,0.5361328125));
#10272 = ( GEOMETRIC_REPRESENTATION_CONTEXT(2) 
PARAMETRIC_REPRESENTATION_CONTEXT() REPRESENTATION_CONTEXT('2D SPACE',''
  ) );
#10273 = ADVANCED_FACE('',(#10274),#10239,.T.);
#10274 = FACE_BOUND('',#10275,.T.);
#10275 = EDGE_LOOP('',(#10276,#10277,#10300,#10330));
#10276 = ORIENTED_EDGE('',*,*,#10223,.T.);
#10277 = ORIENTED_EDGE('',*,*,#10278,.T.);
#10278 = EDGE_CURVE('',#10201,#10279,#10281,.T.);
#10279 = VERTEX_POINT('',#10280);
#10280 = CARTESIAN_POINT('',(2.173984375,-1.312,9.3107421875));
#10281 = SURFACE_CURVE('',#10282,(#10286,#10293),.PCURVE_S1.);
#10282 = B_SPLINE_CURVE_WITH_KNOTS('',2,(#10283,#10284,#10285),
  .UNSPECIFIED.,.F.,.F.,(3,3),(0.,1.),.PIECEWISE_BEZIER_KNOTS.);
#10283 = CARTESIAN_POINT('',(2.0603125,-1.312,9.271875));
#10284 = CARTESIAN_POINT('',(2.106015625,-1.312,9.3107421875));
#10285 = CARTESIAN_POINT('',(2.173984375,-1.312,9.3107421875));
#10286 = PCURVE('',#10239,#10287);
#10287 = DEFINITIONAL_REPRESENTATION('',(#10288),#10292);
#10288 = LINE('',#10289,#10290);
#10289 = CARTESIAN_POINT('',(0.,-1.2E-02));
#10290 = VECTOR('',#10291,1.);
#10291 = DIRECTION('',(1.,0.));
#10292 = ( GEOMETRIC_REPRESENTATION_CONTEXT(2) 
PARAMETRIC_REPRESENTATION_CONTEXT() REPRESENTATION_CONTEXT('2D SPACE',''
  ) );
#10293 = PCURVE('',#8884,#10294);
#10294 = DEFINITIONAL_REPRESENTATION('',(#10295),#10299);
#10295 = B_SPLINE_CURVE_WITH_KNOTS('',2,(#10296,#10297,#10298),
  .UNSPECIFIED.,.F.,.F.,(3,3),(0.,1.),.PIECEWISE_BEZIER_KNOTS.);
#10296 = CARTESIAN_POINT('',(9.921875E-02,0.5361328125));
#10297 = CARTESIAN_POINT('',(0.144921875,0.575));
#10298 = CARTESIAN_POINT('',(0.212890625,0.575));
#10299 = ( GEOMETRIC_REPRESENTATION_CONTEXT(2) 
PARAMETRIC_REPRESENTATION_CONTEXT() REPRESENTATION_CONTEXT('2D SPACE',''
  ) );
#10300 = ORIENTED_EDGE('',*,*,#10301,.F.);
#10301 = EDGE_CURVE('',#10302,#10279,#10304,.T.);
#10302 = VERTEX_POINT('',#10303);
#10303 = CARTESIAN_POINT('',(2.173984375,-1.3,9.3107421875));
#10304 = SURFACE_CURVE('',#10305,(#10309,#10316),.PCURVE_S1.);
#10305 = LINE('',#10306,#10307);
#10306 = CARTESIAN_POINT('',(2.173984375,-1.3,9.3107421875));
#10307 = VECTOR('',#10308,1.);
#10308 = DIRECTION('',(0.,-1.,0.));
#10309 = PCURVE('',#10239,#10310);
#10310 = DEFINITIONAL_REPRESENTATION('',(#10311),#10315);
#10311 = LINE('',#10312,#10313);
#10312 = CARTESIAN_POINT('',(1.,0.));
#10313 = VECTOR('',#10314,1.);
#10314 = DIRECTION('',(0.,-1.));
#10315 = ( GEOMETRIC_REPRESENTATION_CONTEXT(2) 
PARAMETRIC_REPRESENTATION_CONTEXT() REPRESENTATION_CONTEXT('2D SPACE',''
  ) );
#10316 = PCURVE('',#10317,#10324);
#10317 = SURFACE_OF_LINEAR_EXTRUSION('',#10318,#10322);
#10318 = B_SPLINE_CURVE_WITH_KNOTS('',2,(#10319,#10320,#10321),
  .UNSPECIFIED.,.F.,.F.,(3,3),(0.,1.),.PIECEWISE_BEZIER_KNOTS.);
#10319 = CARTESIAN_POINT('',(2.173984375,-1.3,9.3107421875));
#10320 = CARTESIAN_POINT('',(2.220859375,-1.3,9.3107421875));
#10321 = CARTESIAN_POINT('',(2.2603125,-1.3,9.290625));
#10322 = VECTOR('',#10323,1.);
#10323 = DIRECTION('',(-0.,1.,-0.));
#10324 = DEFINITIONAL_REPRESENTATION('',(#10325),#10329);
#10325 = LINE('',#10326,#10327);
#10326 = CARTESIAN_POINT('',(0.,0.));
#10327 = VECTOR('',#10328,1.);
#10328 = DIRECTION('',(0.,-1.));
#10329 = ( GEOMETRIC_REPRESENTATION_CONTEXT(2) 
PARAMETRIC_REPRESENTATION_CONTEXT() REPRESENTATION_CONTEXT('2D SPACE',''
  ) );
#10330 = ORIENTED_EDGE('',*,*,#10331,.F.);
#10331 = EDGE_CURVE('',#10224,#10302,#10332,.T.);
#10332 = SURFACE_CURVE('',#10333,(#10337,#10344),.PCURVE_S1.);
#10333 = B_SPLINE_CURVE_WITH_KNOTS('',2,(#10334,#10335,#10336),
  .UNSPECIFIED.,.F.,.F.,(3,3),(0.,1.),.PIECEWISE_BEZIER_KNOTS.);
#10334 = CARTESIAN_POINT('',(2.0603125,-1.3,9.271875));
#10335 = CARTESIAN_POINT('',(2.106015625,-1.3,9.3107421875));
#10336 = CARTESIAN_POINT('',(2.173984375,-1.3,9.3107421875));
#10337 = PCURVE('',#10239,#10338);
#10338 = DEFINITIONAL_REPRESENTATION('',(#10339),#10343);
#10339 = LINE('',#10340,#10341);
#10340 = CARTESIAN_POINT('',(0.,0.));
#10341 = VECTOR('',#10342,1.);
#10342 = DIRECTION('',(1.,0.));
#10343 = ( GEOMETRIC_REPRESENTATION_CONTEXT(2) 
PARAMETRIC_REPRESENTATION_CONTEXT() REPRESENTATION_CONTEXT('2D SPACE',''
  ) );
#10344 = PCURVE('',#8940,#10345);
#10345 = DEFINITIONAL_REPRESENTATION('',(#10346),#10350);
#10346 = B_SPLINE_CURVE_WITH_KNOTS('',2,(#10347,#10348,#10349),
  .UNSPECIFIED.,.F.,.F.,(3,3),(0.,1.),.PIECEWISE_BEZIER_KNOTS.);
#10347 = CARTESIAN_POINT('',(9.921875E-02,0.5361328125));
#10348 = CARTESIAN_POINT('',(0.144921875,0.575));
#10349 = CARTESIAN_POINT('',(0.212890625,0.575));
#10350 = ( GEOMETRIC_REPRESENTATION_CONTEXT(2) 
PARAMETRIC_REPRESENTATION_CONTEXT() REPRESENTATION_CONTEXT('2D SPACE',''
  ) );
#10351 = ADVANCED_FACE('',(#10352),#10317,.T.);
#10352 = FACE_BOUND('',#10353,.T.);
#10353 = EDGE_LOOP('',(#10354,#10355,#10378,#10408));
#10354 = ORIENTED_EDGE('',*,*,#10301,.T.);
#10355 = ORIENTED_EDGE('',*,*,#10356,.T.);
#10356 = EDGE_CURVE('',#10279,#10357,#10359,.T.);
#10357 = VERTEX_POINT('',#10358);
#10358 = CARTESIAN_POINT('',(2.2603125,-1.312,9.290625));
#10359 = SURFACE_CURVE('',#10360,(#10364,#10371),.PCURVE_S1.);
#10360 = B_SPLINE_CURVE_WITH_KNOTS('',2,(#10361,#10362,#10363),
  .UNSPECIFIED.,.F.,.F.,(3,3),(0.,1.),.PIECEWISE_BEZIER_KNOTS.);
#10361 = CARTESIAN_POINT('',(2.173984375,-1.312,9.3107421875));
#10362 = CARTESIAN_POINT('',(2.220859375,-1.312,9.3107421875));
#10363 = CARTESIAN_POINT('',(2.2603125,-1.312,9.290625));
#10364 = PCURVE('',#10317,#10365);
#10365 = DEFINITIONAL_REPRESENTATION('',(#10366),#10370);
#10366 = LINE('',#10367,#10368);
#10367 = CARTESIAN_POINT('',(0.,-1.2E-02));
#10368 = VECTOR('',#10369,1.);
#10369 = DIRECTION('',(1.,0.));
#10370 = ( GEOMETRIC_REPRESENTATION_CONTEXT(2) 
PARAMETRIC_REPRESENTATION_CONTEXT() REPRESENTATION_CONTEXT('2D SPACE',''
  ) );
#10371 = PCURVE('',#8884,#10372);
#10372 = DEFINITIONAL_REPRESENTATION('',(#10373),#10377);
#10373 = B_SPLINE_CURVE_WITH_KNOTS('',2,(#10374,#10375,#10376),
  .UNSPECIFIED.,.F.,.F.,(3,3),(0.,1.),.PIECEWISE_BEZIER_KNOTS.);
#10374 = CARTESIAN_POINT('',(0.212890625,0.575));
#10375 = CARTESIAN_POINT('',(0.259765625,0.575));
#10376 = CARTESIAN_POINT('',(0.29921875,0.5548828125));
#10377 = ( GEOMETRIC_REPRESENTATION_CONTEXT(2) 
PARAMETRIC_REPRESENTATION_CONTEXT() REPRESENTATION_CONTEXT('2D SPACE',''
  ) );
#10378 = ORIENTED_EDGE('',*,*,#10379,.F.);
#10379 = EDGE_CURVE('',#10380,#10357,#10382,.T.);
#10380 = VERTEX_POINT('',#10381);
#10381 = CARTESIAN_POINT('',(2.2603125,-1.3,9.290625));
#10382 = SURFACE_CURVE('',#10383,(#10387,#10394),.PCURVE_S1.);
#10383 = LINE('',#10384,#10385);
#10384 = CARTESIAN_POINT('',(2.2603125,-1.3,9.290625));
#10385 = VECTOR('',#10386,1.);
#10386 = DIRECTION('',(0.,-1.,0.));
#10387 = PCURVE('',#10317,#10388);
#10388 = DEFINITIONAL_REPRESENTATION('',(#10389),#10393);
#10389 = LINE('',#10390,#10391);
#10390 = CARTESIAN_POINT('',(1.,0.));
#10391 = VECTOR('',#10392,1.);
#10392 = DIRECTION('',(0.,-1.));
#10393 = ( GEOMETRIC_REPRESENTATION_CONTEXT(2) 
PARAMETRIC_REPRESENTATION_CONTEXT() REPRESENTATION_CONTEXT('2D SPACE',''
  ) );
#10394 = PCURVE('',#10395,#10402);
#10395 = SURFACE_OF_LINEAR_EXTRUSION('',#10396,#10400);
#10396 = B_SPLINE_CURVE_WITH_KNOTS('',2,(#10397,#10398,#10399),
  .UNSPECIFIED.,.F.,.F.,(3,3),(0.,1.),.PIECEWISE_BEZIER_KNOTS.);
#10397 = CARTESIAN_POINT('',(2.2603125,-1.3,9.290625));
#10398 = CARTESIAN_POINT('',(2.299765625,-1.3,9.2705078125));
#10399 = CARTESIAN_POINT('',(2.3206640625,-1.3,9.2357421875));
#10400 = VECTOR('',#10401,1.);
#10401 = DIRECTION('',(-0.,1.,-0.));
#10402 = DEFINITIONAL_REPRESENTATION('',(#10403),#10407);
#10403 = LINE('',#10404,#10405);
#10404 = CARTESIAN_POINT('',(0.,0.));
#10405 = VECTOR('',#10406,1.);
#10406 = DIRECTION('',(0.,-1.));
#10407 = ( GEOMETRIC_REPRESENTATION_CONTEXT(2) 
PARAMETRIC_REPRESENTATION_CONTEXT() REPRESENTATION_CONTEXT('2D SPACE',''
  ) );
#10408 = ORIENTED_EDGE('',*,*,#10409,.F.);
#10409 = EDGE_CURVE('',#10302,#10380,#10410,.T.);
#10410 = SURFACE_CURVE('',#10411,(#10415,#10422),.PCURVE_S1.);
#10411 = B_SPLINE_CURVE_WITH_KNOTS('',2,(#10412,#10413,#10414),
  .UNSPECIFIED.,.F.,.F.,(3,3),(0.,1.),.PIECEWISE_BEZIER_KNOTS.);
#10412 = CARTESIAN_POINT('',(2.173984375,-1.3,9.3107421875));
#10413 = CARTESIAN_POINT('',(2.220859375,-1.3,9.3107421875));
#10414 = CARTESIAN_POINT('',(2.2603125,-1.3,9.290625));
#10415 = PCURVE('',#10317,#10416);
#10416 = DEFINITIONAL_REPRESENTATION('',(#10417),#10421);
#10417 = LINE('',#10418,#10419);
#10418 = CARTESIAN_POINT('',(0.,0.));
#10419 = VECTOR('',#10420,1.);
#10420 = DIRECTION('',(1.,0.));
#10421 = ( GEOMETRIC_REPRESENTATION_CONTEXT(2) 
PARAMETRIC_REPRESENTATION_CONTEXT() REPRESENTATION_CONTEXT('2D SPACE',''
  ) );
#10422 = PCURVE('',#8940,#10423);
#10423 = DEFINITIONAL_REPRESENTATION('',(#10424),#10428);
#10424 = B_SPLINE_CURVE_WITH_KNOTS('',2,(#10425,#10426,#10427),
  .UNSPECIFIED.,.F.,.F.,(3,3),(0.,1.),.PIECEWISE_BEZIER_KNOTS.);
#10425 = CARTESIAN_POINT('',(0.212890625,0.575));
#10426 = CARTESIAN_POINT('',(0.259765625,0.575));
#10427 = CARTESIAN_POINT('',(0.29921875,0.5548828125));
#10428 = ( GEOMETRIC_REPRESENTATION_CONTEXT(2) 
PARAMETRIC_REPRESENTATION_CONTEXT() REPRESENTATION_CONTEXT('2D SPACE',''
  ) );
#10429 = ADVANCED_FACE('',(#10430),#10395,.T.);
#10430 = FACE_BOUND('',#10431,.T.);
#10431 = EDGE_LOOP('',(#10432,#10433,#10456,#10486));
#10432 = ORIENTED_EDGE('',*,*,#10379,.T.);
#10433 = ORIENTED_EDGE('',*,*,#10434,.T.);
#10434 = EDGE_CURVE('',#10357,#10435,#10437,.T.);
#10435 = VERTEX_POINT('',#10436);
#10436 = CARTESIAN_POINT('',(2.3206640625,-1.312,9.2357421875));
#10437 = SURFACE_CURVE('',#10438,(#10442,#10449),.PCURVE_S1.);
#10438 = B_SPLINE_CURVE_WITH_KNOTS('',2,(#10439,#10440,#10441),
  .UNSPECIFIED.,.F.,.F.,(3,3),(0.,1.),.PIECEWISE_BEZIER_KNOTS.);
#10439 = CARTESIAN_POINT('',(2.2603125,-1.312,9.290625));
#10440 = CARTESIAN_POINT('',(2.299765625,-1.312,9.2705078125));
#10441 = CARTESIAN_POINT('',(2.3206640625,-1.312,9.2357421875));
#10442 = PCURVE('',#10395,#10443);
#10443 = DEFINITIONAL_REPRESENTATION('',(#10444),#10448);
#10444 = LINE('',#10445,#10446);
#10445 = CARTESIAN_POINT('',(0.,-1.2E-02));
#10446 = VECTOR('',#10447,1.);
#10447 = DIRECTION('',(1.,0.));
#10448 = ( GEOMETRIC_REPRESENTATION_CONTEXT(2) 
PARAMETRIC_REPRESENTATION_CONTEXT() REPRESENTATION_CONTEXT('2D SPACE',''
  ) );
#10449 = PCURVE('',#8884,#10450);
#10450 = DEFINITIONAL_REPRESENTATION('',(#10451),#10455);
#10451 = B_SPLINE_CURVE_WITH_KNOTS('',2,(#10452,#10453,#10454),
  .UNSPECIFIED.,.F.,.F.,(3,3),(0.,1.),.PIECEWISE_BEZIER_KNOTS.);
#10452 = CARTESIAN_POINT('',(0.29921875,0.5548828125));
#10453 = CARTESIAN_POINT('',(0.338671875,0.534765625));
#10454 = CARTESIAN_POINT('',(0.3595703125,0.5));
#10455 = ( GEOMETRIC_REPRESENTATION_CONTEXT(2) 
PARAMETRIC_REPRESENTATION_CONTEXT() REPRESENTATION_CONTEXT('2D SPACE',''
  ) );
#10456 = ORIENTED_EDGE('',*,*,#10457,.F.);
#10457 = EDGE_CURVE('',#10458,#10435,#10460,.T.);
#10458 = VERTEX_POINT('',#10459);
#10459 = CARTESIAN_POINT('',(2.3206640625,-1.3,9.2357421875));
#10460 = SURFACE_CURVE('',#10461,(#10465,#10472),.PCURVE_S1.);
#10461 = LINE('',#10462,#10463);
#10462 = CARTESIAN_POINT('',(2.3206640625,-1.3,9.2357421875));
#10463 = VECTOR('',#10464,1.);
#10464 = DIRECTION('',(0.,-1.,0.));
#10465 = PCURVE('',#10395,#10466);
#10466 = DEFINITIONAL_REPRESENTATION('',(#10467),#10471);
#10467 = LINE('',#10468,#10469);
#10468 = CARTESIAN_POINT('',(1.,0.));
#10469 = VECTOR('',#10470,1.);
#10470 = DIRECTION('',(0.,-1.));
#10471 = ( GEOMETRIC_REPRESENTATION_CONTEXT(2) 
PARAMETRIC_REPRESENTATION_CONTEXT() REPRESENTATION_CONTEXT('2D SPACE',''
  ) );
#10472 = PCURVE('',#10473,#10480);
#10473 = SURFACE_OF_LINEAR_EXTRUSION('',#10474,#10478);
#10474 = B_SPLINE_CURVE_WITH_KNOTS('',2,(#10475,#10476,#10477),
  .UNSPECIFIED.,.F.,.F.,(3,3),(0.,1.),.PIECEWISE_BEZIER_KNOTS.);
#10475 = CARTESIAN_POINT('',(2.3206640625,-1.3,9.2357421875));
#10476 = CARTESIAN_POINT('',(2.3415625,-1.3,9.2009765625));
#10477 = CARTESIAN_POINT('',(2.3415625,-1.3,9.1619140625));
#10478 = VECTOR('',#10479,1.);
#10479 = DIRECTION('',(-0.,1.,-0.));
#10480 = DEFINITIONAL_REPRESENTATION('',(#10481),#10485);
#10481 = LINE('',#10482,#10483);
#10482 = CARTESIAN_POINT('',(0.,0.));
#10483 = VECTOR('',#10484,1.);
#10484 = DIRECTION('',(0.,-1.));
#10485 = ( GEOMETRIC_REPRESENTATION_CONTEXT(2) 
PARAMETRIC_REPRESENTATION_CONTEXT() REPRESENTATION_CONTEXT('2D SPACE',''
  ) );
#10486 = ORIENTED_EDGE('',*,*,#10487,.F.);
#10487 = EDGE_CURVE('',#10380,#10458,#10488,.T.);
#10488 = SURFACE_CURVE('',#10489,(#10493,#10500),.PCURVE_S1.);
#10489 = B_SPLINE_CURVE_WITH_KNOTS('',2,(#10490,#10491,#10492),
  .UNSPECIFIED.,.F.,.F.,(3,3),(0.,1.),.PIECEWISE_BEZIER_KNOTS.);
#10490 = CARTESIAN_POINT('',(2.2603125,-1.3,9.290625));
#10491 = CARTESIAN_POINT('',(2.299765625,-1.3,9.2705078125));
#10492 = CARTESIAN_POINT('',(2.3206640625,-1.3,9.2357421875));
#10493 = PCURVE('',#10395,#10494);
#10494 = DEFINITIONAL_REPRESENTATION('',(#10495),#10499);
#10495 = LINE('',#10496,#10497);
#10496 = CARTESIAN_POINT('',(0.,0.));
#10497 = VECTOR('',#10498,1.);
#10498 = DIRECTION('',(1.,0.));
#10499 = ( GEOMETRIC_REPRESENTATION_CONTEXT(2) 
PARAMETRIC_REPRESENTATION_CONTEXT() REPRESENTATION_CONTEXT('2D SPACE',''
  ) );
#10500 = PCURVE('',#8940,#10501);
#10501 = DEFINITIONAL_REPRESENTATION('',(#10502),#10506);
#10502 = B_SPLINE_CURVE_WITH_KNOTS('',2,(#10503,#10504,#10505),
  .UNSPECIFIED.,.F.,.F.,(3,3),(0.,1.),.PIECEWISE_BEZIER_KNOTS.);
#10503 = CARTESIAN_POINT('',(0.29921875,0.5548828125));
#10504 = CARTESIAN_POINT('',(0.338671875,0.534765625));
#10505 = CARTESIAN_POINT('',(0.3595703125,0.5));
#10506 = ( GEOMETRIC_REPRESENTATION_CONTEXT(2) 
PARAMETRIC_REPRESENTATION_CONTEXT() REPRESENTATION_CONTEXT('2D SPACE',''
  ) );
#10507 = ADVANCED_FACE('',(#10508),#10473,.T.);
#10508 = FACE_BOUND('',#10509,.T.);
#10509 = EDGE_LOOP('',(#10510,#10511,#10534,#10564));
#10510 = ORIENTED_EDGE('',*,*,#10457,.T.);
#10511 = ORIENTED_EDGE('',*,*,#10512,.T.);
#10512 = EDGE_CURVE('',#10435,#10513,#10515,.T.);
#10513 = VERTEX_POINT('',#10514);
#10514 = CARTESIAN_POINT('',(2.3415625,-1.312,9.1619140625));
#10515 = SURFACE_CURVE('',#10516,(#10520,#10527),.PCURVE_S1.);
#10516 = B_SPLINE_CURVE_WITH_KNOTS('',2,(#10517,#10518,#10519),
  .UNSPECIFIED.,.F.,.F.,(3,3),(0.,1.),.PIECEWISE_BEZIER_KNOTS.);
#10517 = CARTESIAN_POINT('',(2.3206640625,-1.312,9.2357421875));
#10518 = CARTESIAN_POINT('',(2.3415625,-1.312,9.2009765625));
#10519 = CARTESIAN_POINT('',(2.3415625,-1.312,9.1619140625));
#10520 = PCURVE('',#10473,#10521);
#10521 = DEFINITIONAL_REPRESENTATION('',(#10522),#10526);
#10522 = LINE('',#10523,#10524);
#10523 = CARTESIAN_POINT('',(0.,-1.2E-02));
#10524 = VECTOR('',#10525,1.);
#10525 = DIRECTION('',(1.,0.));
#10526 = ( GEOMETRIC_REPRESENTATION_CONTEXT(2) 
PARAMETRIC_REPRESENTATION_CONTEXT() REPRESENTATION_CONTEXT('2D SPACE',''
  ) );
#10527 = PCURVE('',#8884,#10528);
#10528 = DEFINITIONAL_REPRESENTATION('',(#10529),#10533);
#10529 = B_SPLINE_CURVE_WITH_KNOTS('',2,(#10530,#10531,#10532),
  .UNSPECIFIED.,.F.,.F.,(3,3),(0.,1.),.PIECEWISE_BEZIER_KNOTS.);
#10530 = CARTESIAN_POINT('',(0.3595703125,0.5));
#10531 = CARTESIAN_POINT('',(0.38046875,0.465234375));
#10532 = CARTESIAN_POINT('',(0.38046875,0.426171875));
#10533 = ( GEOMETRIC_REPRESENTATION_CONTEXT(2) 
PARAMETRIC_REPRESENTATION_CONTEXT() REPRESENTATION_CONTEXT('2D SPACE',''
  ) );
#10534 = ORIENTED_EDGE('',*,*,#10535,.F.);
#10535 = EDGE_CURVE('',#10536,#10513,#10538,.T.);
#10536 = VERTEX_POINT('',#10537);
#10537 = CARTESIAN_POINT('',(2.3415625,-1.3,9.1619140625));
#10538 = SURFACE_CURVE('',#10539,(#10543,#10550),.PCURVE_S1.);
#10539 = LINE('',#10540,#10541);
#10540 = CARTESIAN_POINT('',(2.3415625,-1.3,9.1619140625));
#10541 = VECTOR('',#10542,1.);
#10542 = DIRECTION('',(0.,-1.,0.));
#10543 = PCURVE('',#10473,#10544);
#10544 = DEFINITIONAL_REPRESENTATION('',(#10545),#10549);
#10545 = LINE('',#10546,#10547);
#10546 = CARTESIAN_POINT('',(1.,0.));
#10547 = VECTOR('',#10548,1.);
#10548 = DIRECTION('',(0.,-1.));
#10549 = ( GEOMETRIC_REPRESENTATION_CONTEXT(2) 
PARAMETRIC_REPRESENTATION_CONTEXT() REPRESENTATION_CONTEXT('2D SPACE',''
  ) );
#10550 = PCURVE('',#10551,#10558);
#10551 = SURFACE_OF_LINEAR_EXTRUSION('',#10552,#10556);
#10552 = B_SPLINE_CURVE_WITH_KNOTS('',2,(#10553,#10554,#10555),
  .UNSPECIFIED.,.F.,.F.,(3,3),(0.,1.),.PIECEWISE_BEZIER_KNOTS.);
#10553 = CARTESIAN_POINT('',(2.3415625,-1.3,9.1619140625));
#10554 = CARTESIAN_POINT('',(2.3415625,-1.3,9.1248046875));
#10555 = CARTESIAN_POINT('',(2.321640625,-1.3,9.0943359375));
#10556 = VECTOR('',#10557,1.);
#10557 = DIRECTION('',(-0.,1.,-0.));
#10558 = DEFINITIONAL_REPRESENTATION('',(#10559),#10563);
#10559 = LINE('',#10560,#10561);
#10560 = CARTESIAN_POINT('',(0.,0.));
#10561 = VECTOR('',#10562,1.);
#10562 = DIRECTION('',(0.,-1.));
#10563 = ( GEOMETRIC_REPRESENTATION_CONTEXT(2) 
PARAMETRIC_REPRESENTATION_CONTEXT() REPRESENTATION_CONTEXT('2D SPACE',''
  ) );
#10564 = ORIENTED_EDGE('',*,*,#10565,.F.);
#10565 = EDGE_CURVE('',#10458,#10536,#10566,.T.);
#10566 = SURFACE_CURVE('',#10567,(#10571,#10578),.PCURVE_S1.);
#10567 = B_SPLINE_CURVE_WITH_KNOTS('',2,(#10568,#10569,#10570),
  .UNSPECIFIED.,.F.,.F.,(3,3),(0.,1.),.PIECEWISE_BEZIER_KNOTS.);
#10568 = CARTESIAN_POINT('',(2.3206640625,-1.3,9.2357421875));
#10569 = CARTESIAN_POINT('',(2.3415625,-1.3,9.2009765625));
#10570 = CARTESIAN_POINT('',(2.3415625,-1.3,9.1619140625));
#10571 = PCURVE('',#10473,#10572);
#10572 = DEFINITIONAL_REPRESENTATION('',(#10573),#10577);
#10573 = LINE('',#10574,#10575);
#10574 = CARTESIAN_POINT('',(0.,0.));
#10575 = VECTOR('',#10576,1.);
#10576 = DIRECTION('',(1.,0.));
#10577 = ( GEOMETRIC_REPRESENTATION_CONTEXT(2) 
PARAMETRIC_REPRESENTATION_CONTEXT() REPRESENTATION_CONTEXT('2D SPACE',''
  ) );
#10578 = PCURVE('',#8940,#10579);
#10579 = DEFINITIONAL_REPRESENTATION('',(#10580),#10584);
#10580 = B_SPLINE_CURVE_WITH_KNOTS('',2,(#10581,#10582,#10583),
  .UNSPECIFIED.,.F.,.F.,(3,3),(0.,1.),.PIECEWISE_BEZIER_KNOTS.);
#10581 = CARTESIAN_POINT('',(0.3595703125,0.5));
#10582 = CARTESIAN_POINT('',(0.38046875,0.465234375));
#10583 = CARTESIAN_POINT('',(0.38046875,0.426171875));
#10584 = ( GEOMETRIC_REPRESENTATION_CONTEXT(2) 
PARAMETRIC_REPRESENTATION_CONTEXT() REPRESENTATION_CONTEXT('2D SPACE',''
  ) );
#10585 = ADVANCED_FACE('',(#10586),#10551,.T.);
#10586 = FACE_BOUND('',#10587,.T.);
#10587 = EDGE_LOOP('',(#10588,#10589,#10612,#10642));
#10588 = ORIENTED_EDGE('',*,*,#10535,.T.);
#10589 = ORIENTED_EDGE('',*,*,#10590,.T.);
#10590 = EDGE_CURVE('',#10513,#10591,#10593,.T.);
#10591 = VERTEX_POINT('',#10592);
#10592 = CARTESIAN_POINT('',(2.321640625,-1.312,9.0943359375));
#10593 = SURFACE_CURVE('',#10594,(#10598,#10605),.PCURVE_S1.);
#10594 = B_SPLINE_CURVE_WITH_KNOTS('',2,(#10595,#10596,#10597),
  .UNSPECIFIED.,.F.,.F.,(3,3),(0.,1.),.PIECEWISE_BEZIER_KNOTS.);
#10595 = CARTESIAN_POINT('',(2.3415625,-1.312,9.1619140625));
#10596 = CARTESIAN_POINT('',(2.3415625,-1.312,9.1248046875));
#10597 = CARTESIAN_POINT('',(2.321640625,-1.312,9.0943359375));
#10598 = PCURVE('',#10551,#10599);
#10599 = DEFINITIONAL_REPRESENTATION('',(#10600),#10604);
#10600 = LINE('',#10601,#10602);
#10601 = CARTESIAN_POINT('',(0.,-1.2E-02));
#10602 = VECTOR('',#10603,1.);
#10603 = DIRECTION('',(1.,0.));
#10604 = ( GEOMETRIC_REPRESENTATION_CONTEXT(2) 
PARAMETRIC_REPRESENTATION_CONTEXT() REPRESENTATION_CONTEXT('2D SPACE',''
  ) );
#10605 = PCURVE('',#8884,#10606);
#10606 = DEFINITIONAL_REPRESENTATION('',(#10607),#10611);
#10607 = B_SPLINE_CURVE_WITH_KNOTS('',2,(#10608,#10609,#10610),
  .UNSPECIFIED.,.F.,.F.,(3,3),(0.,1.),.PIECEWISE_BEZIER_KNOTS.);
#10608 = CARTESIAN_POINT('',(0.38046875,0.426171875));
#10609 = CARTESIAN_POINT('',(0.38046875,0.3890625));
#10610 = CARTESIAN_POINT('',(0.360546875,0.35859375));
#10611 = ( GEOMETRIC_REPRESENTATION_CONTEXT(2) 
PARAMETRIC_REPRESENTATION_CONTEXT() REPRESENTATION_CONTEXT('2D SPACE',''
  ) );
#10612 = ORIENTED_EDGE('',*,*,#10613,.F.);
#10613 = EDGE_CURVE('',#10614,#10591,#10616,.T.);
#10614 = VERTEX_POINT('',#10615);
#10615 = CARTESIAN_POINT('',(2.321640625,-1.3,9.0943359375));
#10616 = SURFACE_CURVE('',#10617,(#10621,#10628),.PCURVE_S1.);
#10617 = LINE('',#10618,#10619);
#10618 = CARTESIAN_POINT('',(2.321640625,-1.3,9.0943359375));
#10619 = VECTOR('',#10620,1.);
#10620 = DIRECTION('',(0.,-1.,0.));
#10621 = PCURVE('',#10551,#10622);
#10622 = DEFINITIONAL_REPRESENTATION('',(#10623),#10627);
#10623 = LINE('',#10624,#10625);
#10624 = CARTESIAN_POINT('',(1.,0.));
#10625 = VECTOR('',#10626,1.);
#10626 = DIRECTION('',(0.,-1.));
#10627 = ( GEOMETRIC_REPRESENTATION_CONTEXT(2) 
PARAMETRIC_REPRESENTATION_CONTEXT() REPRESENTATION_CONTEXT('2D SPACE',''
  ) );
#10628 = PCURVE('',#10629,#10636);
#10629 = SURFACE_OF_LINEAR_EXTRUSION('',#10630,#10634);
#10630 = B_SPLINE_CURVE_WITH_KNOTS('',2,(#10631,#10632,#10633),
  .UNSPECIFIED.,.F.,.F.,(3,3),(0.,1.),.PIECEWISE_BEZIER_KNOTS.);
#10631 = CARTESIAN_POINT('',(2.321640625,-1.3,9.0943359375));
#10632 = CARTESIAN_POINT('',(2.30171875,-1.3,9.0638671875));
#10633 = CARTESIAN_POINT('',(2.26265625,-1.3,9.0458984375));
#10634 = VECTOR('',#10635,1.);
#10635 = DIRECTION('',(-0.,1.,-0.));
#10636 = DEFINITIONAL_REPRESENTATION('',(#10637),#10641);
#10637 = LINE('',#10638,#10639);
#10638 = CARTESIAN_POINT('',(0.,0.));
#10639 = VECTOR('',#10640,1.);
#10640 = DIRECTION('',(0.,-1.));
#10641 = ( GEOMETRIC_REPRESENTATION_CONTEXT(2) 
PARAMETRIC_REPRESENTATION_CONTEXT() REPRESENTATION_CONTEXT('2D SPACE',''
  ) );
#10642 = ORIENTED_EDGE('',*,*,#10643,.F.);
#10643 = EDGE_CURVE('',#10536,#10614,#10644,.T.);
#10644 = SURFACE_CURVE('',#10645,(#10649,#10656),.PCURVE_S1.);
#10645 = B_SPLINE_CURVE_WITH_KNOTS('',2,(#10646,#10647,#10648),
  .UNSPECIFIED.,.F.,.F.,(3,3),(0.,1.),.PIECEWISE_BEZIER_KNOTS.);
#10646 = CARTESIAN_POINT('',(2.3415625,-1.3,9.1619140625));
#10647 = CARTESIAN_POINT('',(2.3415625,-1.3,9.1248046875));
#10648 = CARTESIAN_POINT('',(2.321640625,-1.3,9.0943359375));
#10649 = PCURVE('',#10551,#10650);
#10650 = DEFINITIONAL_REPRESENTATION('',(#10651),#10655);
#10651 = LINE('',#10652,#10653);
#10652 = CARTESIAN_POINT('',(0.,0.));
#10653 = VECTOR('',#10654,1.);
#10654 = DIRECTION('',(1.,0.));
#10655 = ( GEOMETRIC_REPRESENTATION_CONTEXT(2) 
PARAMETRIC_REPRESENTATION_CONTEXT() REPRESENTATION_CONTEXT('2D SPACE',''
  ) );
#10656 = PCURVE('',#8940,#10657);
#10657 = DEFINITIONAL_REPRESENTATION('',(#10658),#10662);
#10658 = B_SPLINE_CURVE_WITH_KNOTS('',2,(#10659,#10660,#10661),
  .UNSPECIFIED.,.F.,.F.,(3,3),(0.,1.),.PIECEWISE_BEZIER_KNOTS.);
#10659 = CARTESIAN_POINT('',(0.38046875,0.426171875));
#10660 = CARTESIAN_POINT('',(0.38046875,0.3890625));
#10661 = CARTESIAN_POINT('',(0.360546875,0.35859375));
#10662 = ( GEOMETRIC_REPRESENTATION_CONTEXT(2) 
PARAMETRIC_REPRESENTATION_CONTEXT() REPRESENTATION_CONTEXT('2D SPACE',''
  ) );
#10663 = ADVANCED_FACE('',(#10664),#10629,.T.);
#10664 = FACE_BOUND('',#10665,.T.);
#10665 = EDGE_LOOP('',(#10666,#10667,#10690,#10720));
#10666 = ORIENTED_EDGE('',*,*,#10613,.T.);
#10667 = ORIENTED_EDGE('',*,*,#10668,.T.);
#10668 = EDGE_CURVE('',#10591,#10669,#10671,.T.);
#10669 = VERTEX_POINT('',#10670);
#10670 = CARTESIAN_POINT('',(2.26265625,-1.312,9.0458984375));
#10671 = SURFACE_CURVE('',#10672,(#10676,#10683),.PCURVE_S1.);
#10672 = B_SPLINE_CURVE_WITH_KNOTS('',2,(#10673,#10674,#10675),
  .UNSPECIFIED.,.F.,.F.,(3,3),(0.,1.),.PIECEWISE_BEZIER_KNOTS.);
#10673 = CARTESIAN_POINT('',(2.321640625,-1.312,9.0943359375));
#10674 = CARTESIAN_POINT('',(2.30171875,-1.312,9.0638671875));
#10675 = CARTESIAN_POINT('',(2.26265625,-1.312,9.0458984375));
#10676 = PCURVE('',#10629,#10677);
#10677 = DEFINITIONAL_REPRESENTATION('',(#10678),#10682);
#10678 = LINE('',#10679,#10680);
#10679 = CARTESIAN_POINT('',(0.,-1.2E-02));
#10680 = VECTOR('',#10681,1.);
#10681 = DIRECTION('',(1.,0.));
#10682 = ( GEOMETRIC_REPRESENTATION_CONTEXT(2) 
PARAMETRIC_REPRESENTATION_CONTEXT() REPRESENTATION_CONTEXT('2D SPACE',''
  ) );
#10683 = PCURVE('',#8884,#10684);
#10684 = DEFINITIONAL_REPRESENTATION('',(#10685),#10689);
#10685 = B_SPLINE_CURVE_WITH_KNOTS('',2,(#10686,#10687,#10688),
  .UNSPECIFIED.,.F.,.F.,(3,3),(0.,1.),.PIECEWISE_BEZIER_KNOTS.);
#10686 = CARTESIAN_POINT('',(0.360546875,0.35859375));
#10687 = CARTESIAN_POINT('',(0.340625,0.328125));
#10688 = CARTESIAN_POINT('',(0.3015625,0.31015625));
#10689 = ( GEOMETRIC_REPRESENTATION_CONTEXT(2) 
PARAMETRIC_REPRESENTATION_CONTEXT() REPRESENTATION_CONTEXT('2D SPACE',''
  ) );
#10690 = ORIENTED_EDGE('',*,*,#10691,.F.);
#10691 = EDGE_CURVE('',#10692,#10669,#10694,.T.);
#10692 = VERTEX_POINT('',#10693);
#10693 = CARTESIAN_POINT('',(2.26265625,-1.3,9.0458984375));
#10694 = SURFACE_CURVE('',#10695,(#10699,#10706),.PCURVE_S1.);
#10695 = LINE('',#10696,#10697);
#10696 = CARTESIAN_POINT('',(2.26265625,-1.3,9.0458984375));
#10697 = VECTOR('',#10698,1.);
#10698 = DIRECTION('',(0.,-1.,0.));
#10699 = PCURVE('',#10629,#10700);
#10700 = DEFINITIONAL_REPRESENTATION('',(#10701),#10705);
#10701 = LINE('',#10702,#10703);
#10702 = CARTESIAN_POINT('',(1.,0.));
#10703 = VECTOR('',#10704,1.);
#10704 = DIRECTION('',(0.,-1.));
#10705 = ( GEOMETRIC_REPRESENTATION_CONTEXT(2) 
PARAMETRIC_REPRESENTATION_CONTEXT() REPRESENTATION_CONTEXT('2D SPACE',''
  ) );
#10706 = PCURVE('',#10707,#10714);
#10707 = SURFACE_OF_LINEAR_EXTRUSION('',#10708,#10712);
#10708 = B_SPLINE_CURVE_WITH_KNOTS('',2,(#10709,#10710,#10711),
  .UNSPECIFIED.,.F.,.F.,(3,3),(0.,1.),.PIECEWISE_BEZIER_KNOTS.);
#10709 = CARTESIAN_POINT('',(2.26265625,-1.3,9.0458984375));
#10710 = CARTESIAN_POINT('',(2.3134375,-1.3,9.0341796875));
#10711 = CARTESIAN_POINT('',(2.3415625,-1.3,8.997265625));
#10712 = VECTOR('',#10713,1.);
#10713 = DIRECTION('',(-0.,1.,-0.));
#10714 = DEFINITIONAL_REPRESENTATION('',(#10715),#10719);
#10715 = LINE('',#10716,#10717);
#10716 = CARTESIAN_POINT('',(0.,0.));
#10717 = VECTOR('',#10718,1.);
#10718 = DIRECTION('',(0.,-1.));
#10719 = ( GEOMETRIC_REPRESENTATION_CONTEXT(2) 
PARAMETRIC_REPRESENTATION_CONTEXT() REPRESENTATION_CONTEXT('2D SPACE',''
  ) );
#10720 = ORIENTED_EDGE('',*,*,#10721,.F.);
#10721 = EDGE_CURVE('',#10614,#10692,#10722,.T.);
#10722 = SURFACE_CURVE('',#10723,(#10727,#10734),.PCURVE_S1.);
#10723 = B_SPLINE_CURVE_WITH_KNOTS('',2,(#10724,#10725,#10726),
  .UNSPECIFIED.,.F.,.F.,(3,3),(0.,1.),.PIECEWISE_BEZIER_KNOTS.);
#10724 = CARTESIAN_POINT('',(2.321640625,-1.3,9.0943359375));
#10725 = CARTESIAN_POINT('',(2.30171875,-1.3,9.0638671875));
#10726 = CARTESIAN_POINT('',(2.26265625,-1.3,9.0458984375));
#10727 = PCURVE('',#10629,#10728);
#10728 = DEFINITIONAL_REPRESENTATION('',(#10729),#10733);
#10729 = LINE('',#10730,#10731);
#10730 = CARTESIAN_POINT('',(0.,0.));
#10731 = VECTOR('',#10732,1.);
#10732 = DIRECTION('',(1.,0.));
#10733 = ( GEOMETRIC_REPRESENTATION_CONTEXT(2) 
PARAMETRIC_REPRESENTATION_CONTEXT() REPRESENTATION_CONTEXT('2D SPACE',''
  ) );
#10734 = PCURVE('',#8940,#10735);
#10735 = DEFINITIONAL_REPRESENTATION('',(#10736),#10740);
#10736 = B_SPLINE_CURVE_WITH_KNOTS('',2,(#10737,#10738,#10739),
  .UNSPECIFIED.,.F.,.F.,(3,3),(0.,1.),.PIECEWISE_BEZIER_KNOTS.);
#10737 = CARTESIAN_POINT('',(0.360546875,0.35859375));
#10738 = CARTESIAN_POINT('',(0.340625,0.328125));
#10739 = CARTESIAN_POINT('',(0.3015625,0.31015625));
#10740 = ( GEOMETRIC_REPRESENTATION_CONTEXT(2) 
PARAMETRIC_REPRESENTATION_CONTEXT() REPRESENTATION_CONTEXT('2D SPACE',''
  ) );
#10741 = ADVANCED_FACE('',(#10742),#10707,.T.);
#10742 = FACE_BOUND('',#10743,.T.);
#10743 = EDGE_LOOP('',(#10744,#10745,#10768,#10798));
#10744 = ORIENTED_EDGE('',*,*,#10691,.T.);
#10745 = ORIENTED_EDGE('',*,*,#10746,.T.);
#10746 = EDGE_CURVE('',#10669,#10747,#10749,.T.);
#10747 = VERTEX_POINT('',#10748);
#10748 = CARTESIAN_POINT('',(2.3415625,-1.312,8.997265625));
#10749 = SURFACE_CURVE('',#10750,(#10754,#10761),.PCURVE_S1.);
#10750 = B_SPLINE_CURVE_WITH_KNOTS('',2,(#10751,#10752,#10753),
  .UNSPECIFIED.,.F.,.F.,(3,3),(0.,1.),.PIECEWISE_BEZIER_KNOTS.);
#10751 = CARTESIAN_POINT('',(2.26265625,-1.312,9.0458984375));
#10752 = CARTESIAN_POINT('',(2.3134375,-1.312,9.0341796875));
#10753 = CARTESIAN_POINT('',(2.3415625,-1.312,8.997265625));
#10754 = PCURVE('',#10707,#10755);
#10755 = DEFINITIONAL_REPRESENTATION('',(#10756),#10760);
#10756 = LINE('',#10757,#10758);
#10757 = CARTESIAN_POINT('',(0.,-1.2E-02));
#10758 = VECTOR('',#10759,1.);
#10759 = DIRECTION('',(1.,0.));
#10760 = ( GEOMETRIC_REPRESENTATION_CONTEXT(2) 
PARAMETRIC_REPRESENTATION_CONTEXT() REPRESENTATION_CONTEXT('2D SPACE',''
  ) );
#10761 = PCURVE('',#8884,#10762);
#10762 = DEFINITIONAL_REPRESENTATION('',(#10763),#10767);
#10763 = B_SPLINE_CURVE_WITH_KNOTS('',2,(#10764,#10765,#10766),
  .UNSPECIFIED.,.F.,.F.,(3,3),(0.,1.),.PIECEWISE_BEZIER_KNOTS.);
#10764 = CARTESIAN_POINT('',(0.3015625,0.31015625));
#10765 = CARTESIAN_POINT('',(0.35234375,0.2984375));
#10766 = CARTESIAN_POINT('',(0.38046875,0.2615234375));
#10767 = ( GEOMETRIC_REPRESENTATION_CONTEXT(2) 
PARAMETRIC_REPRESENTATION_CONTEXT() REPRESENTATION_CONTEXT('2D SPACE',''
  ) );
#10768 = ORIENTED_EDGE('',*,*,#10769,.F.);
#10769 = EDGE_CURVE('',#10770,#10747,#10772,.T.);
#10770 = VERTEX_POINT('',#10771);
#10771 = CARTESIAN_POINT('',(2.3415625,-1.3,8.997265625));
#10772 = SURFACE_CURVE('',#10773,(#10777,#10784),.PCURVE_S1.);
#10773 = LINE('',#10774,#10775);
#10774 = CARTESIAN_POINT('',(2.3415625,-1.3,8.997265625));
#10775 = VECTOR('',#10776,1.);
#10776 = DIRECTION('',(0.,-1.,0.));
#10777 = PCURVE('',#10707,#10778);
#10778 = DEFINITIONAL_REPRESENTATION('',(#10779),#10783);
#10779 = LINE('',#10780,#10781);
#10780 = CARTESIAN_POINT('',(1.,0.));
#10781 = VECTOR('',#10782,1.);
#10782 = DIRECTION('',(0.,-1.));
#10783 = ( GEOMETRIC_REPRESENTATION_CONTEXT(2) 
PARAMETRIC_REPRESENTATION_CONTEXT() REPRESENTATION_CONTEXT('2D SPACE',''
  ) );
#10784 = PCURVE('',#10785,#10792);
#10785 = SURFACE_OF_LINEAR_EXTRUSION('',#10786,#10790);
#10786 = B_SPLINE_CURVE_WITH_KNOTS('',2,(#10787,#10788,#10789),
  .UNSPECIFIED.,.F.,.F.,(3,3),(0.,1.),.PIECEWISE_BEZIER_KNOTS.);
#10787 = CARTESIAN_POINT('',(2.3415625,-1.3,8.997265625));
#10788 = CARTESIAN_POINT('',(2.3696875,-1.3,8.9603515625));
#10789 = CARTESIAN_POINT('',(2.3696875,-1.3,8.9048828125));
#10790 = VECTOR('',#10791,1.);
#10791 = DIRECTION('',(-0.,1.,-0.));
#10792 = DEFINITIONAL_REPRESENTATION('',(#10793),#10797);
#10793 = LINE('',#10794,#10795);
#10794 = CARTESIAN_POINT('',(0.,0.));
#10795 = VECTOR('',#10796,1.);
#10796 = DIRECTION('',(0.,-1.));
#10797 = ( GEOMETRIC_REPRESENTATION_CONTEXT(2) 
PARAMETRIC_REPRESENTATION_CONTEXT() REPRESENTATION_CONTEXT('2D SPACE',''
  ) );
#10798 = ORIENTED_EDGE('',*,*,#10799,.F.);
#10799 = EDGE_CURVE('',#10692,#10770,#10800,.T.);
#10800 = SURFACE_CURVE('',#10801,(#10805,#10812),.PCURVE_S1.);
#10801 = B_SPLINE_CURVE_WITH_KNOTS('',2,(#10802,#10803,#10804),
  .UNSPECIFIED.,.F.,.F.,(3,3),(0.,1.),.PIECEWISE_BEZIER_KNOTS.);
#10802 = CARTESIAN_POINT('',(2.26265625,-1.3,9.0458984375));
#10803 = CARTESIAN_POINT('',(2.3134375,-1.3,9.0341796875));
#10804 = CARTESIAN_POINT('',(2.3415625,-1.3,8.997265625));
#10805 = PCURVE('',#10707,#10806);
#10806 = DEFINITIONAL_REPRESENTATION('',(#10807),#10811);
#10807 = LINE('',#10808,#10809);
#10808 = CARTESIAN_POINT('',(0.,0.));
#10809 = VECTOR('',#10810,1.);
#10810 = DIRECTION('',(1.,0.));
#10811 = ( GEOMETRIC_REPRESENTATION_CONTEXT(2) 
PARAMETRIC_REPRESENTATION_CONTEXT() REPRESENTATION_CONTEXT('2D SPACE',''
  ) );
#10812 = PCURVE('',#8940,#10813);
#10813 = DEFINITIONAL_REPRESENTATION('',(#10814),#10818);
#10814 = B_SPLINE_CURVE_WITH_KNOTS('',2,(#10815,#10816,#10817),
  .UNSPECIFIED.,.F.,.F.,(3,3),(0.,1.),.PIECEWISE_BEZIER_KNOTS.);
#10815 = CARTESIAN_POINT('',(0.3015625,0.31015625));
#10816 = CARTESIAN_POINT('',(0.35234375,0.2984375));
#10817 = CARTESIAN_POINT('',(0.38046875,0.2615234375));
#10818 = ( GEOMETRIC_REPRESENTATION_CONTEXT(2) 
PARAMETRIC_REPRESENTATION_CONTEXT() REPRESENTATION_CONTEXT('2D SPACE',''
  ) );
#10819 = ADVANCED_FACE('',(#10820),#10785,.T.);
#10820 = FACE_BOUND('',#10821,.T.);
#10821 = EDGE_LOOP('',(#10822,#10823,#10846,#10876));
#10822 = ORIENTED_EDGE('',*,*,#10769,.T.);
#10823 = ORIENTED_EDGE('',*,*,#10824,.T.);
#10824 = EDGE_CURVE('',#10747,#10825,#10827,.T.);
#10825 = VERTEX_POINT('',#10826);
#10826 = CARTESIAN_POINT('',(2.3696875,-1.312,8.9048828125));
#10827 = SURFACE_CURVE('',#10828,(#10832,#10839),.PCURVE_S1.);
#10828 = B_SPLINE_CURVE_WITH_KNOTS('',2,(#10829,#10830,#10831),
  .UNSPECIFIED.,.F.,.F.,(3,3),(0.,1.),.PIECEWISE_BEZIER_KNOTS.);
#10829 = CARTESIAN_POINT('',(2.3415625,-1.312,8.997265625));
#10830 = CARTESIAN_POINT('',(2.3696875,-1.312,8.9603515625));
#10831 = CARTESIAN_POINT('',(2.3696875,-1.312,8.9048828125));
#10832 = PCURVE('',#10785,#10833);
#10833 = DEFINITIONAL_REPRESENTATION('',(#10834),#10838);
#10834 = LINE('',#10835,#10836);
#10835 = CARTESIAN_POINT('',(0.,-1.2E-02));
#10836 = VECTOR('',#10837,1.);
#10837 = DIRECTION('',(1.,0.));
#10838 = ( GEOMETRIC_REPRESENTATION_CONTEXT(2) 
PARAMETRIC_REPRESENTATION_CONTEXT() REPRESENTATION_CONTEXT('2D SPACE',''
  ) );
#10839 = PCURVE('',#8884,#10840);
#10840 = DEFINITIONAL_REPRESENTATION('',(#10841),#10845);
#10841 = B_SPLINE_CURVE_WITH_KNOTS('',2,(#10842,#10843,#10844),
  .UNSPECIFIED.,.F.,.F.,(3,3),(0.,1.),.PIECEWISE_BEZIER_KNOTS.);
#10842 = CARTESIAN_POINT('',(0.38046875,0.2615234375));
#10843 = CARTESIAN_POINT('',(0.40859375,0.224609375));
#10844 = CARTESIAN_POINT('',(0.40859375,0.169140625));
#10845 = ( GEOMETRIC_REPRESENTATION_CONTEXT(2) 
PARAMETRIC_REPRESENTATION_CONTEXT() REPRESENTATION_CONTEXT('2D SPACE',''
  ) );
#10846 = ORIENTED_EDGE('',*,*,#10847,.F.);
#10847 = EDGE_CURVE('',#10848,#10825,#10850,.T.);
#10848 = VERTEX_POINT('',#10849);
#10849 = CARTESIAN_POINT('',(2.3696875,-1.3,8.9048828125));
#10850 = SURFACE_CURVE('',#10851,(#10855,#10862),.PCURVE_S1.);
#10851 = LINE('',#10852,#10853);
#10852 = CARTESIAN_POINT('',(2.3696875,-1.3,8.9048828125));
#10853 = VECTOR('',#10854,1.);
#10854 = DIRECTION('',(0.,-1.,0.));
#10855 = PCURVE('',#10785,#10856);
#10856 = DEFINITIONAL_REPRESENTATION('',(#10857),#10861);
#10857 = LINE('',#10858,#10859);
#10858 = CARTESIAN_POINT('',(1.,0.));
#10859 = VECTOR('',#10860,1.);
#10860 = DIRECTION('',(0.,-1.));
#10861 = ( GEOMETRIC_REPRESENTATION_CONTEXT(2) 
PARAMETRIC_REPRESENTATION_CONTEXT() REPRESENTATION_CONTEXT('2D SPACE',''
  ) );
#10862 = PCURVE('',#10863,#10870);
#10863 = SURFACE_OF_LINEAR_EXTRUSION('',#10864,#10868);
#10864 = B_SPLINE_CURVE_WITH_KNOTS('',2,(#10865,#10866,#10867),
  .UNSPECIFIED.,.F.,.F.,(3,3),(0.,1.),.PIECEWISE_BEZIER_KNOTS.);
#10865 = CARTESIAN_POINT('',(2.3696875,-1.3,8.9048828125));
#10866 = CARTESIAN_POINT('',(2.3696875,-1.3,8.8298828125));
#10867 = CARTESIAN_POINT('',(2.315,-1.3,8.777734375));
#10868 = VECTOR('',#10869,1.);
#10869 = DIRECTION('',(-0.,1.,-0.));
#10870 = DEFINITIONAL_REPRESENTATION('',(#10871),#10875);
#10871 = LINE('',#10872,#10873);
#10872 = CARTESIAN_POINT('',(0.,0.));
#10873 = VECTOR('',#10874,1.);
#10874 = DIRECTION('',(0.,-1.));
#10875 = ( GEOMETRIC_REPRESENTATION_CONTEXT(2) 
PARAMETRIC_REPRESENTATION_CONTEXT() REPRESENTATION_CONTEXT('2D SPACE',''
  ) );
#10876 = ORIENTED_EDGE('',*,*,#10877,.F.);
#10877 = EDGE_CURVE('',#10770,#10848,#10878,.T.);
#10878 = SURFACE_CURVE('',#10879,(#10883,#10890),.PCURVE_S1.);
#10879 = B_SPLINE_CURVE_WITH_KNOTS('',2,(#10880,#10881,#10882),
  .UNSPECIFIED.,.F.,.F.,(3,3),(0.,1.),.PIECEWISE_BEZIER_KNOTS.);
#10880 = CARTESIAN_POINT('',(2.3415625,-1.3,8.997265625));
#10881 = CARTESIAN_POINT('',(2.3696875,-1.3,8.9603515625));
#10882 = CARTESIAN_POINT('',(2.3696875,-1.3,8.9048828125));
#10883 = PCURVE('',#10785,#10884);
#10884 = DEFINITIONAL_REPRESENTATION('',(#10885),#10889);
#10885 = LINE('',#10886,#10887);
#10886 = CARTESIAN_POINT('',(0.,0.));
#10887 = VECTOR('',#10888,1.);
#10888 = DIRECTION('',(1.,0.));
#10889 = ( GEOMETRIC_REPRESENTATION_CONTEXT(2) 
PARAMETRIC_REPRESENTATION_CONTEXT() REPRESENTATION_CONTEXT('2D SPACE',''
  ) );
#10890 = PCURVE('',#8940,#10891);
#10891 = DEFINITIONAL_REPRESENTATION('',(#10892),#10896);
#10892 = B_SPLINE_CURVE_WITH_KNOTS('',2,(#10893,#10894,#10895),
  .UNSPECIFIED.,.F.,.F.,(3,3),(0.,1.),.PIECEWISE_BEZIER_KNOTS.);
#10893 = CARTESIAN_POINT('',(0.38046875,0.2615234375));
#10894 = CARTESIAN_POINT('',(0.40859375,0.224609375));
#10895 = CARTESIAN_POINT('',(0.40859375,0.169140625));
#10896 = ( GEOMETRIC_REPRESENTATION_CONTEXT(2) 
PARAMETRIC_REPRESENTATION_CONTEXT() REPRESENTATION_CONTEXT('2D SPACE',''
  ) );
#10897 = ADVANCED_FACE('',(#10898),#10863,.T.);
#10898 = FACE_BOUND('',#10899,.T.);
#10899 = EDGE_LOOP('',(#10900,#10901,#10924,#10954));
#10900 = ORIENTED_EDGE('',*,*,#10847,.T.);
#10901 = ORIENTED_EDGE('',*,*,#10902,.T.);
#10902 = EDGE_CURVE('',#10825,#10903,#10905,.T.);
#10903 = VERTEX_POINT('',#10904);
#10904 = CARTESIAN_POINT('',(2.315,-1.312,8.777734375));
#10905 = SURFACE_CURVE('',#10906,(#10910,#10917),.PCURVE_S1.);
#10906 = B_SPLINE_CURVE_WITH_KNOTS('',2,(#10907,#10908,#10909),
  .UNSPECIFIED.,.F.,.F.,(3,3),(0.,1.),.PIECEWISE_BEZIER_KNOTS.);
#10907 = CARTESIAN_POINT('',(2.3696875,-1.312,8.9048828125));
#10908 = CARTESIAN_POINT('',(2.3696875,-1.312,8.8298828125));
#10909 = CARTESIAN_POINT('',(2.315,-1.312,8.777734375));
#10910 = PCURVE('',#10863,#10911);
#10911 = DEFINITIONAL_REPRESENTATION('',(#10912),#10916);
#10912 = LINE('',#10913,#10914);
#10913 = CARTESIAN_POINT('',(0.,-1.2E-02));
#10914 = VECTOR('',#10915,1.);
#10915 = DIRECTION('',(1.,0.));
#10916 = ( GEOMETRIC_REPRESENTATION_CONTEXT(2) 
PARAMETRIC_REPRESENTATION_CONTEXT() REPRESENTATION_CONTEXT('2D SPACE',''
  ) );
#10917 = PCURVE('',#8884,#10918);
#10918 = DEFINITIONAL_REPRESENTATION('',(#10919),#10923);
#10919 = B_SPLINE_CURVE_WITH_KNOTS('',2,(#10920,#10921,#10922),
  .UNSPECIFIED.,.F.,.F.,(3,3),(0.,1.),.PIECEWISE_BEZIER_KNOTS.);
#10920 = CARTESIAN_POINT('',(0.40859375,0.169140625));
#10921 = CARTESIAN_POINT('',(0.40859375,9.4140625E-02));
#10922 = CARTESIAN_POINT('',(0.35390625,4.19921875E-02));
#10923 = ( GEOMETRIC_REPRESENTATION_CONTEXT(2) 
PARAMETRIC_REPRESENTATION_CONTEXT() REPRESENTATION_CONTEXT('2D SPACE',''
  ) );
#10924 = ORIENTED_EDGE('',*,*,#10925,.F.);
#10925 = EDGE_CURVE('',#10926,#10903,#10928,.T.);
#10926 = VERTEX_POINT('',#10927);
#10927 = CARTESIAN_POINT('',(2.315,-1.3,8.777734375));
#10928 = SURFACE_CURVE('',#10929,(#10933,#10940),.PCURVE_S1.);
#10929 = LINE('',#10930,#10931);
#10930 = CARTESIAN_POINT('',(2.315,-1.3,8.777734375));
#10931 = VECTOR('',#10932,1.);
#10932 = DIRECTION('',(0.,-1.,0.));
#10933 = PCURVE('',#10863,#10934);
#10934 = DEFINITIONAL_REPRESENTATION('',(#10935),#10939);
#10935 = LINE('',#10936,#10937);
#10936 = CARTESIAN_POINT('',(1.,0.));
#10937 = VECTOR('',#10938,1.);
#10938 = DIRECTION('',(0.,-1.));
#10939 = ( GEOMETRIC_REPRESENTATION_CONTEXT(2) 
PARAMETRIC_REPRESENTATION_CONTEXT() REPRESENTATION_CONTEXT('2D SPACE',''
  ) );
#10940 = PCURVE('',#10941,#10948);
#10941 = SURFACE_OF_LINEAR_EXTRUSION('',#10942,#10946);
#10942 = B_SPLINE_CURVE_WITH_KNOTS('',2,(#10943,#10944,#10945),
  .UNSPECIFIED.,.F.,.F.,(3,3),(0.,1.),.PIECEWISE_BEZIER_KNOTS.);
#10943 = CARTESIAN_POINT('',(2.315,-1.3,8.777734375));
#10944 = CARTESIAN_POINT('',(2.2603125,-1.3,8.7255859375));
#10945 = CARTESIAN_POINT('',(2.17671875,-1.3,8.7255859375));
#10946 = VECTOR('',#10947,1.);
#10947 = DIRECTION('',(-0.,1.,-0.));
#10948 = DEFINITIONAL_REPRESENTATION('',(#10949),#10953);
#10949 = LINE('',#10950,#10951);
#10950 = CARTESIAN_POINT('',(0.,0.));
#10951 = VECTOR('',#10952,1.);
#10952 = DIRECTION('',(0.,-1.));
#10953 = ( GEOMETRIC_REPRESENTATION_CONTEXT(2) 
PARAMETRIC_REPRESENTATION_CONTEXT() REPRESENTATION_CONTEXT('2D SPACE',''
  ) );
#10954 = ORIENTED_EDGE('',*,*,#10955,.F.);
#10955 = EDGE_CURVE('',#10848,#10926,#10956,.T.);
#10956 = SURFACE_CURVE('',#10957,(#10961,#10968),.PCURVE_S1.);
#10957 = B_SPLINE_CURVE_WITH_KNOTS('',2,(#10958,#10959,#10960),
  .UNSPECIFIED.,.F.,.F.,(3,3),(0.,1.),.PIECEWISE_BEZIER_KNOTS.);
#10958 = CARTESIAN_POINT('',(2.3696875,-1.3,8.9048828125));
#10959 = CARTESIAN_POINT('',(2.3696875,-1.3,8.8298828125));
#10960 = CARTESIAN_POINT('',(2.315,-1.3,8.777734375));
#10961 = PCURVE('',#10863,#10962);
#10962 = DEFINITIONAL_REPRESENTATION('',(#10963),#10967);
#10963 = LINE('',#10964,#10965);
#10964 = CARTESIAN_POINT('',(0.,0.));
#10965 = VECTOR('',#10966,1.);
#10966 = DIRECTION('',(1.,0.));
#10967 = ( GEOMETRIC_REPRESENTATION_CONTEXT(2) 
PARAMETRIC_REPRESENTATION_CONTEXT() REPRESENTATION_CONTEXT('2D SPACE',''
  ) );
#10968 = PCURVE('',#8940,#10969);
#10969 = DEFINITIONAL_REPRESENTATION('',(#10970),#10974);
#10970 = B_SPLINE_CURVE_WITH_KNOTS('',2,(#10971,#10972,#10973),
  .UNSPECIFIED.,.F.,.F.,(3,3),(0.,1.),.PIECEWISE_BEZIER_KNOTS.);
#10971 = CARTESIAN_POINT('',(0.40859375,0.169140625));
#10972 = CARTESIAN_POINT('',(0.40859375,9.4140625E-02));
#10973 = CARTESIAN_POINT('',(0.35390625,4.19921875E-02));
#10974 = ( GEOMETRIC_REPRESENTATION_CONTEXT(2) 
PARAMETRIC_REPRESENTATION_CONTEXT() REPRESENTATION_CONTEXT('2D SPACE',''
  ) );
#10975 = ADVANCED_FACE('',(#10976),#10941,.T.);
#10976 = FACE_BOUND('',#10977,.T.);
#10977 = EDGE_LOOP('',(#10978,#10979,#11002,#11032));
#10978 = ORIENTED_EDGE('',*,*,#10925,.T.);
#10979 = ORIENTED_EDGE('',*,*,#10980,.T.);
#10980 = EDGE_CURVE('',#10903,#10981,#10983,.T.);
#10981 = VERTEX_POINT('',#10982);
#10982 = CARTESIAN_POINT('',(2.17671875,-1.312,8.7255859375));
#10983 = SURFACE_CURVE('',#10984,(#10988,#10995),.PCURVE_S1.);
#10984 = B_SPLINE_CURVE_WITH_KNOTS('',2,(#10985,#10986,#10987),
  .UNSPECIFIED.,.F.,.F.,(3,3),(0.,1.),.PIECEWISE_BEZIER_KNOTS.);
#10985 = CARTESIAN_POINT('',(2.315,-1.312,8.777734375));
#10986 = CARTESIAN_POINT('',(2.2603125,-1.312,8.7255859375));
#10987 = CARTESIAN_POINT('',(2.17671875,-1.312,8.7255859375));
#10988 = PCURVE('',#10941,#10989);
#10989 = DEFINITIONAL_REPRESENTATION('',(#10990),#10994);
#10990 = LINE('',#10991,#10992);
#10991 = CARTESIAN_POINT('',(0.,-1.2E-02));
#10992 = VECTOR('',#10993,1.);
#10993 = DIRECTION('',(1.,0.));
#10994 = ( GEOMETRIC_REPRESENTATION_CONTEXT(2) 
PARAMETRIC_REPRESENTATION_CONTEXT() REPRESENTATION_CONTEXT('2D SPACE',''
  ) );
#10995 = PCURVE('',#8884,#10996);
#10996 = DEFINITIONAL_REPRESENTATION('',(#10997),#11001);
#10997 = B_SPLINE_CURVE_WITH_KNOTS('',2,(#10998,#10999,#11000),
  .UNSPECIFIED.,.F.,.F.,(3,3),(0.,1.),.PIECEWISE_BEZIER_KNOTS.);
#10998 = CARTESIAN_POINT('',(0.35390625,4.19921875E-02));
#10999 = CARTESIAN_POINT('',(0.29921875,-1.015625E-02));
#11000 = CARTESIAN_POINT('',(0.215625,-1.015625E-02));
#11001 = ( GEOMETRIC_REPRESENTATION_CONTEXT(2) 
PARAMETRIC_REPRESENTATION_CONTEXT() REPRESENTATION_CONTEXT('2D SPACE',''
  ) );
#11002 = ORIENTED_EDGE('',*,*,#11003,.F.);
#11003 = EDGE_CURVE('',#11004,#10981,#11006,.T.);
#11004 = VERTEX_POINT('',#11005);
#11005 = CARTESIAN_POINT('',(2.17671875,-1.3,8.7255859375));
#11006 = SURFACE_CURVE('',#11007,(#11011,#11018),.PCURVE_S1.);
#11007 = LINE('',#11008,#11009);
#11008 = CARTESIAN_POINT('',(2.17671875,-1.3,8.7255859375));
#11009 = VECTOR('',#11010,1.);
#11010 = DIRECTION('',(0.,-1.,0.));
#11011 = PCURVE('',#10941,#11012);
#11012 = DEFINITIONAL_REPRESENTATION('',(#11013),#11017);
#11013 = LINE('',#11014,#11015);
#11014 = CARTESIAN_POINT('',(1.,0.));
#11015 = VECTOR('',#11016,1.);
#11016 = DIRECTION('',(0.,-1.));
#11017 = ( GEOMETRIC_REPRESENTATION_CONTEXT(2) 
PARAMETRIC_REPRESENTATION_CONTEXT() REPRESENTATION_CONTEXT('2D SPACE',''
  ) );
#11018 = PCURVE('',#11019,#11026);
#11019 = SURFACE_OF_LINEAR_EXTRUSION('',#11020,#11024);
#11020 = B_SPLINE_CURVE_WITH_KNOTS('',2,(#11021,#11022,#11023),
  .UNSPECIFIED.,.F.,.F.,(3,3),(0.,1.),.PIECEWISE_BEZIER_KNOTS.);
#11021 = CARTESIAN_POINT('',(2.17671875,-1.3,8.7255859375));
#11022 = CARTESIAN_POINT('',(2.101328125,-1.3,8.7255859375));
#11023 = CARTESIAN_POINT('',(2.0515234375,-1.3,8.7705078125));
#11024 = VECTOR('',#11025,1.);
#11025 = DIRECTION('',(-0.,1.,-0.));
#11026 = DEFINITIONAL_REPRESENTATION('',(#11027),#11031);
#11027 = LINE('',#11028,#11029);
#11028 = CARTESIAN_POINT('',(0.,0.));
#11029 = VECTOR('',#11030,1.);
#11030 = DIRECTION('',(0.,-1.));
#11031 = ( GEOMETRIC_REPRESENTATION_CONTEXT(2) 
PARAMETRIC_REPRESENTATION_CONTEXT() REPRESENTATION_CONTEXT('2D SPACE',''
  ) );
#11032 = ORIENTED_EDGE('',*,*,#11033,.F.);
#11033 = EDGE_CURVE('',#10926,#11004,#11034,.T.);
#11034 = SURFACE_CURVE('',#11035,(#11039,#11046),.PCURVE_S1.);
#11035 = B_SPLINE_CURVE_WITH_KNOTS('',2,(#11036,#11037,#11038),
  .UNSPECIFIED.,.F.,.F.,(3,3),(0.,1.),.PIECEWISE_BEZIER_KNOTS.);
#11036 = CARTESIAN_POINT('',(2.315,-1.3,8.777734375));
#11037 = CARTESIAN_POINT('',(2.2603125,-1.3,8.7255859375));
#11038 = CARTESIAN_POINT('',(2.17671875,-1.3,8.7255859375));
#11039 = PCURVE('',#10941,#11040);
#11040 = DEFINITIONAL_REPRESENTATION('',(#11041),#11045);
#11041 = LINE('',#11042,#11043);
#11042 = CARTESIAN_POINT('',(0.,0.));
#11043 = VECTOR('',#11044,1.);
#11044 = DIRECTION('',(1.,0.));
#11045 = ( GEOMETRIC_REPRESENTATION_CONTEXT(2) 
PARAMETRIC_REPRESENTATION_CONTEXT() REPRESENTATION_CONTEXT('2D SPACE',''
  ) );
#11046 = PCURVE('',#8940,#11047);
#11047 = DEFINITIONAL_REPRESENTATION('',(#11048),#11052);
#11048 = B_SPLINE_CURVE_WITH_KNOTS('',2,(#11049,#11050,#11051),
  .UNSPECIFIED.,.F.,.F.,(3,3),(0.,1.),.PIECEWISE_BEZIER_KNOTS.);
#11049 = CARTESIAN_POINT('',(0.35390625,4.19921875E-02));
#11050 = CARTESIAN_POINT('',(0.29921875,-1.015625E-02));
#11051 = CARTESIAN_POINT('',(0.215625,-1.015625E-02));
#11052 = ( GEOMETRIC_REPRESENTATION_CONTEXT(2) 
PARAMETRIC_REPRESENTATION_CONTEXT() REPRESENTATION_CONTEXT('2D SPACE',''
  ) );
#11053 = ADVANCED_FACE('',(#11054),#11019,.T.);
#11054 = FACE_BOUND('',#11055,.T.);
#11055 = EDGE_LOOP('',(#11056,#11057,#11080,#11103));
#11056 = ORIENTED_EDGE('',*,*,#11003,.T.);
#11057 = ORIENTED_EDGE('',*,*,#11058,.T.);
#11058 = EDGE_CURVE('',#10981,#11059,#11061,.T.);
#11059 = VERTEX_POINT('',#11060);
#11060 = CARTESIAN_POINT('',(2.0515234375,-1.312,8.7705078125));
#11061 = SURFACE_CURVE('',#11062,(#11066,#11073),.PCURVE_S1.);
#11062 = B_SPLINE_CURVE_WITH_KNOTS('',2,(#11063,#11064,#11065),
  .UNSPECIFIED.,.F.,.F.,(3,3),(0.,1.),.PIECEWISE_BEZIER_KNOTS.);
#11063 = CARTESIAN_POINT('',(2.17671875,-1.312,8.7255859375));
#11064 = CARTESIAN_POINT('',(2.101328125,-1.312,8.7255859375));
#11065 = CARTESIAN_POINT('',(2.0515234375,-1.312,8.7705078125));
#11066 = PCURVE('',#11019,#11067);
#11067 = DEFINITIONAL_REPRESENTATION('',(#11068),#11072);
#11068 = LINE('',#11069,#11070);
#11069 = CARTESIAN_POINT('',(0.,-1.2E-02));
#11070 = VECTOR('',#11071,1.);
#11071 = DIRECTION('',(1.,0.));
#11072 = ( GEOMETRIC_REPRESENTATION_CONTEXT(2) 
PARAMETRIC_REPRESENTATION_CONTEXT() REPRESENTATION_CONTEXT('2D SPACE',''
  ) );
#11073 = PCURVE('',#8884,#11074);
#11074 = DEFINITIONAL_REPRESENTATION('',(#11075),#11079);
#11075 = B_SPLINE_CURVE_WITH_KNOTS('',2,(#11076,#11077,#11078),
  .UNSPECIFIED.,.F.,.F.,(3,3),(0.,1.),.PIECEWISE_BEZIER_KNOTS.);
#11076 = CARTESIAN_POINT('',(0.215625,-1.015625E-02));
#11077 = CARTESIAN_POINT('',(0.140234375,-1.015625E-02));
#11078 = CARTESIAN_POINT('',(9.04296875E-02,3.4765625E-02));
#11079 = ( GEOMETRIC_REPRESENTATION_CONTEXT(2) 
PARAMETRIC_REPRESENTATION_CONTEXT() REPRESENTATION_CONTEXT('2D SPACE',''
  ) );
#11080 = ORIENTED_EDGE('',*,*,#11081,.F.);
#11081 = EDGE_CURVE('',#11082,#11059,#11084,.T.);
#11082 = VERTEX_POINT('',#11083);
#11083 = CARTESIAN_POINT('',(2.0515234375,-1.3,8.7705078125));
#11084 = SURFACE_CURVE('',#11085,(#11089,#11096),.PCURVE_S1.);
#11085 = LINE('',#11086,#11087);
#11086 = CARTESIAN_POINT('',(2.0515234375,-1.3,8.7705078125));
#11087 = VECTOR('',#11088,1.);
#11088 = DIRECTION('',(0.,-1.,0.));
#11089 = PCURVE('',#11019,#11090);
#11090 = DEFINITIONAL_REPRESENTATION('',(#11091),#11095);
#11091 = LINE('',#11092,#11093);
#11092 = CARTESIAN_POINT('',(1.,0.));
#11093 = VECTOR('',#11094,1.);
#11094 = DIRECTION('',(0.,-1.));
#11095 = ( GEOMETRIC_REPRESENTATION_CONTEXT(2) 
PARAMETRIC_REPRESENTATION_CONTEXT() REPRESENTATION_CONTEXT('2D SPACE',''
  ) );
#11096 = PCURVE('',#8854,#11097);
#11097 = DEFINITIONAL_REPRESENTATION('',(#11098),#11102);
#11098 = LINE('',#11099,#11100);
#11099 = CARTESIAN_POINT('',(0.,0.));
#11100 = VECTOR('',#11101,1.);
#11101 = DIRECTION('',(0.,-1.));
#11102 = ( GEOMETRIC_REPRESENTATION_CONTEXT(2) 
PARAMETRIC_REPRESENTATION_CONTEXT() REPRESENTATION_CONTEXT('2D SPACE',''
  ) );
#11103 = ORIENTED_EDGE('',*,*,#11104,.F.);
#11104 = EDGE_CURVE('',#11004,#11082,#11105,.T.);
#11105 = SURFACE_CURVE('',#11106,(#11110,#11117),.PCURVE_S1.);
#11106 = B_SPLINE_CURVE_WITH_KNOTS('',2,(#11107,#11108,#11109),
  .UNSPECIFIED.,.F.,.F.,(3,3),(0.,1.),.PIECEWISE_BEZIER_KNOTS.);
#11107 = CARTESIAN_POINT('',(2.17671875,-1.3,8.7255859375));
#11108 = CARTESIAN_POINT('',(2.101328125,-1.3,8.7255859375));
#11109 = CARTESIAN_POINT('',(2.0515234375,-1.3,8.7705078125));
#11110 = PCURVE('',#11019,#11111);
#11111 = DEFINITIONAL_REPRESENTATION('',(#11112),#11116);
#11112 = LINE('',#11113,#11114);
#11113 = CARTESIAN_POINT('',(0.,0.));
#11114 = VECTOR('',#11115,1.);
#11115 = DIRECTION('',(1.,0.));
#11116 = ( GEOMETRIC_REPRESENTATION_CONTEXT(2) 
PARAMETRIC_REPRESENTATION_CONTEXT() REPRESENTATION_CONTEXT('2D SPACE',''
  ) );
#11117 = PCURVE('',#8940,#11118);
#11118 = DEFINITIONAL_REPRESENTATION('',(#11119),#11123);
#11119 = B_SPLINE_CURVE_WITH_KNOTS('',2,(#11120,#11121,#11122),
  .UNSPECIFIED.,.F.,.F.,(3,3),(0.,1.),.PIECEWISE_BEZIER_KNOTS.);
#11120 = CARTESIAN_POINT('',(0.215625,-1.015625E-02));
#11121 = CARTESIAN_POINT('',(0.140234375,-1.015625E-02));
#11122 = CARTESIAN_POINT('',(9.04296875E-02,3.4765625E-02));
#11123 = ( GEOMETRIC_REPRESENTATION_CONTEXT(2) 
PARAMETRIC_REPRESENTATION_CONTEXT() REPRESENTATION_CONTEXT('2D SPACE',''
  ) );
#11124 = ADVANCED_FACE('',(#11125),#8854,.T.);
#11125 = FACE_BOUND('',#11126,.T.);
#11126 = EDGE_LOOP('',(#11127,#11128,#11149,#11150));
#11127 = ORIENTED_EDGE('',*,*,#11081,.T.);
#11128 = ORIENTED_EDGE('',*,*,#11129,.T.);
#11129 = EDGE_CURVE('',#11059,#8834,#11130,.T.);
#11130 = SURFACE_CURVE('',#11131,(#11135,#11142),.PCURVE_S1.);
#11131 = B_SPLINE_CURVE_WITH_KNOTS('',2,(#11132,#11133,#11134),
  .UNSPECIFIED.,.F.,.F.,(3,3),(0.,1.),.PIECEWISE_BEZIER_KNOTS.);
#11132 = CARTESIAN_POINT('',(2.0515234375,-1.312,8.7705078125));
#11133 = CARTESIAN_POINT('',(2.00171875,-1.312,8.8154296875));
#11134 = CARTESIAN_POINT('',(1.9946875,-1.312,8.8869140625));
#11135 = PCURVE('',#8854,#11136);
#11136 = DEFINITIONAL_REPRESENTATION('',(#11137),#11141);
#11137 = LINE('',#11138,#11139);
#11138 = CARTESIAN_POINT('',(0.,-1.2E-02));
#11139 = VECTOR('',#11140,1.);
#11140 = DIRECTION('',(1.,0.));
#11141 = ( GEOMETRIC_REPRESENTATION_CONTEXT(2) 
PARAMETRIC_REPRESENTATION_CONTEXT() REPRESENTATION_CONTEXT('2D SPACE',''
  ) );
#11142 = PCURVE('',#8884,#11143);
#11143 = DEFINITIONAL_REPRESENTATION('',(#11144),#11148);
#11144 = B_SPLINE_CURVE_WITH_KNOTS('',2,(#11145,#11146,#11147),
  .UNSPECIFIED.,.F.,.F.,(3,3),(0.,1.),.PIECEWISE_BEZIER_KNOTS.);
#11145 = CARTESIAN_POINT('',(9.04296875E-02,3.4765625E-02));
#11146 = CARTESIAN_POINT('',(4.0625E-02,7.96875E-02));
#11147 = CARTESIAN_POINT('',(3.359375E-02,0.151171875));
#11148 = ( GEOMETRIC_REPRESENTATION_CONTEXT(2) 
PARAMETRIC_REPRESENTATION_CONTEXT() REPRESENTATION_CONTEXT('2D SPACE',''
  ) );
#11149 = ORIENTED_EDGE('',*,*,#8831,.F.);
#11150 = ORIENTED_EDGE('',*,*,#11151,.F.);
#11151 = EDGE_CURVE('',#11082,#8832,#11152,.T.);
#11152 = SURFACE_CURVE('',#11153,(#11157,#11164),.PCURVE_S1.);
#11153 = B_SPLINE_CURVE_WITH_KNOTS('',2,(#11154,#11155,#11156),
  .UNSPECIFIED.,.F.,.F.,(3,3),(0.,1.),.PIECEWISE_BEZIER_KNOTS.);
#11154 = CARTESIAN_POINT('',(2.0515234375,-1.3,8.7705078125));
#11155 = CARTESIAN_POINT('',(2.00171875,-1.3,8.8154296875));
#11156 = CARTESIAN_POINT('',(1.9946875,-1.3,8.8869140625));
#11157 = PCURVE('',#8854,#11158);
#11158 = DEFINITIONAL_REPRESENTATION('',(#11159),#11163);
#11159 = LINE('',#11160,#11161);
#11160 = CARTESIAN_POINT('',(0.,0.));
#11161 = VECTOR('',#11162,1.);
#11162 = DIRECTION('',(1.,0.));
#11163 = ( GEOMETRIC_REPRESENTATION_CONTEXT(2) 
PARAMETRIC_REPRESENTATION_CONTEXT() REPRESENTATION_CONTEXT('2D SPACE',''
  ) );
#11164 = PCURVE('',#8940,#11165);
#11165 = DEFINITIONAL_REPRESENTATION('',(#11166),#11170);
#11166 = B_SPLINE_CURVE_WITH_KNOTS('',2,(#11167,#11168,#11169),
  .UNSPECIFIED.,.F.,.F.,(3,3),(0.,1.),.PIECEWISE_BEZIER_KNOTS.);
#11167 = CARTESIAN_POINT('',(9.04296875E-02,3.4765625E-02));
#11168 = CARTESIAN_POINT('',(4.0625E-02,7.96875E-02));
#11169 = CARTESIAN_POINT('',(3.359375E-02,0.151171875));
#11170 = ( GEOMETRIC_REPRESENTATION_CONTEXT(2) 
PARAMETRIC_REPRESENTATION_CONTEXT() REPRESENTATION_CONTEXT('2D SPACE',''
  ) );
#11171 = ADVANCED_FACE('',(#11172),#8940,.F.);
#11172 = FACE_BOUND('',#11173,.T.);
#11173 = EDGE_LOOP('',(#11174,#11175,#11176,#11177,#11178,#11179,#11180,
    #11181,#11182,#11183,#11184,#11185,#11186,#11187,#11188,#11189,
    #11190,#11191,#11192,#11193,#11194,#11195,#11196,#11197,#11198,
    #11199,#11200,#11201,#11202,#11203));
#11174 = ORIENTED_EDGE('',*,*,#8926,.T.);
#11175 = ORIENTED_EDGE('',*,*,#9009,.T.);
#11176 = ORIENTED_EDGE('',*,*,#9087,.T.);
#11177 = ORIENTED_EDGE('',*,*,#9165,.T.);
#11178 = ORIENTED_EDGE('',*,*,#9243,.T.);
#11179 = ORIENTED_EDGE('',*,*,#9321,.T.);
#11180 = ORIENTED_EDGE('',*,*,#9399,.T.);
#11181 = ORIENTED_EDGE('',*,*,#9475,.T.);
#11182 = ORIENTED_EDGE('',*,*,#9553,.T.);
#11183 = ORIENTED_EDGE('',*,*,#9631,.T.);
#11184 = ORIENTED_EDGE('',*,*,#9709,.T.);
#11185 = ORIENTED_EDGE('',*,*,#9787,.T.);
#11186 = ORIENTED_EDGE('',*,*,#9865,.T.);
#11187 = ORIENTED_EDGE('',*,*,#9943,.T.);
#11188 = ORIENTED_EDGE('',*,*,#10021,.T.);
#11189 = ORIENTED_EDGE('',*,*,#10097,.T.);
#11190 = ORIENTED_EDGE('',*,*,#10175,.T.);
#11191 = ORIENTED_EDGE('',*,*,#10253,.T.);
#11192 = ORIENTED_EDGE('',*,*,#10331,.T.);
#11193 = ORIENTED_EDGE('',*,*,#10409,.T.);
#11194 = ORIENTED_EDGE('',*,*,#10487,.T.);
#11195 = ORIENTED_EDGE('',*,*,#10565,.T.);
#11196 = ORIENTED_EDGE('',*,*,#10643,.T.);
#11197 = ORIENTED_EDGE('',*,*,#10721,.T.);
#11198 = ORIENTED_EDGE('',*,*,#10799,.T.);
#11199 = ORIENTED_EDGE('',*,*,#10877,.T.);
#11200 = ORIENTED_EDGE('',*,*,#10955,.T.);
#11201 = ORIENTED_EDGE('',*,*,#11033,.T.);
#11202 = ORIENTED_EDGE('',*,*,#11104,.T.);
#11203 = ORIENTED_EDGE('',*,*,#11151,.T.);
#11204 = ADVANCED_FACE('',(#11205),#8884,.T.);
#11205 = FACE_BOUND('',#11206,.F.);
#11206 = EDGE_LOOP('',(#11207,#11208,#11209,#11210,#11211,#11212,#11213,
    #11214,#11215,#11216,#11217,#11218,#11219,#11220,#11221,#11222,
    #11223,#11224,#11225,#11226,#11227,#11228,#11229,#11230,#11231,
    #11232,#11233,#11234,#11235,#11236));
#11207 = ORIENTED_EDGE('',*,*,#8868,.T.);
#11208 = ORIENTED_EDGE('',*,*,#8956,.T.);
#11209 = ORIENTED_EDGE('',*,*,#9034,.T.);
#11210 = ORIENTED_EDGE('',*,*,#9112,.T.);
#11211 = ORIENTED_EDGE('',*,*,#9190,.T.);
#11212 = ORIENTED_EDGE('',*,*,#9268,.T.);
#11213 = ORIENTED_EDGE('',*,*,#9346,.T.);
#11214 = ORIENTED_EDGE('',*,*,#9424,.T.);
#11215 = ORIENTED_EDGE('',*,*,#9500,.T.);
#11216 = ORIENTED_EDGE('',*,*,#9578,.T.);
#11217 = ORIENTED_EDGE('',*,*,#9656,.T.);
#11218 = ORIENTED_EDGE('',*,*,#9734,.T.);
#11219 = ORIENTED_EDGE('',*,*,#9812,.T.);
#11220 = ORIENTED_EDGE('',*,*,#9890,.T.);
#11221 = ORIENTED_EDGE('',*,*,#9968,.T.);
#11222 = ORIENTED_EDGE('',*,*,#10046,.T.);
#11223 = ORIENTED_EDGE('',*,*,#10122,.T.);
#11224 = ORIENTED_EDGE('',*,*,#10200,.T.);
#11225 = ORIENTED_EDGE('',*,*,#10278,.T.);
#11226 = ORIENTED_EDGE('',*,*,#10356,.T.);
#11227 = ORIENTED_EDGE('',*,*,#10434,.T.);
#11228 = ORIENTED_EDGE('',*,*,#10512,.T.);
#11229 = ORIENTED_EDGE('',*,*,#10590,.T.);
#11230 = ORIENTED_EDGE('',*,*,#10668,.T.);
#11231 = ORIENTED_EDGE('',*,*,#10746,.T.);
#11232 = ORIENTED_EDGE('',*,*,#10824,.T.);
#11233 = ORIENTED_EDGE('',*,*,#10902,.T.);
#11234 = ORIENTED_EDGE('',*,*,#10980,.T.);
#11235 = ORIENTED_EDGE('',*,*,#11058,.T.);
#11236 = ORIENTED_EDGE('',*,*,#11129,.T.);
#11237 = MANIFOLD_SOLID_BREP('',#11238);
#11238 = CLOSED_SHELL('',(#11239,#11365,#11443,#11521,#11599,#11677,
    #11755,#11833,#11911,#11989,#12067,#12138,#12185,#12301,#12379,
    #12457,#12535,#12613,#12691,#12762,#12809,#12834));
#11239 = ADVANCED_FACE('',(#11240),#11254,.T.);
#11240 = FACE_BOUND('',#11241,.T.);
#11241 = EDGE_LOOP('',(#11242,#11281,#11309,#11339));
#11242 = ORIENTED_EDGE('',*,*,#11243,.T.);
#11243 = EDGE_CURVE('',#11244,#11246,#11248,.T.);
#11244 = VERTEX_POINT('',#11245);
#11245 = CARTESIAN_POINT('',(2.43921875,-1.3,9.0181640625));
#11246 = VERTEX_POINT('',#11247);
#11247 = CARTESIAN_POINT('',(2.43921875,-1.312,9.0181640625));
#11248 = SURFACE_CURVE('',#11249,(#11253,#11267),.PCURVE_S1.);
#11249 = LINE('',#11250,#11251);
#11250 = CARTESIAN_POINT('',(2.43921875,-1.3,9.0181640625));
#11251 = VECTOR('',#11252,1.);
#11252 = DIRECTION('',(0.,-1.,0.));
#11253 = PCURVE('',#11254,#11261);
#11254 = SURFACE_OF_LINEAR_EXTRUSION('',#11255,#11259);
#11255 = B_SPLINE_CURVE_WITH_KNOTS('',2,(#11256,#11257,#11258),
  .UNSPECIFIED.,.F.,.F.,(3,3),(0.,1.),.PIECEWISE_BEZIER_KNOTS.);
#11256 = CARTESIAN_POINT('',(2.43921875,-1.3,9.0181640625));
#11257 = CARTESIAN_POINT('',(2.43921875,-1.3,9.1197265625));
#11258 = CARTESIAN_POINT('',(2.4601171875,-1.3,9.181640625));
#11259 = VECTOR('',#11260,1.);
#11260 = DIRECTION('',(-0.,1.,-0.));
#11261 = DEFINITIONAL_REPRESENTATION('',(#11262),#11266);
#11262 = LINE('',#11263,#11264);
#11263 = CARTESIAN_POINT('',(0.,0.));
#11264 = VECTOR('',#11265,1.);
#11265 = DIRECTION('',(0.,-1.));
#11266 = ( GEOMETRIC_REPRESENTATION_CONTEXT(2) 
PARAMETRIC_REPRESENTATION_CONTEXT() REPRESENTATION_CONTEXT('2D SPACE',''
  ) );
#11267 = PCURVE('',#11268,#11275);
#11268 = SURFACE_OF_LINEAR_EXTRUSION('',#11269,#11273);
#11269 = B_SPLINE_CURVE_WITH_KNOTS('',2,(#11270,#11271,#11272),
  .UNSPECIFIED.,.F.,.F.,(3,3),(0.,1.),.PIECEWISE_BEZIER_KNOTS.);
#11270 = CARTESIAN_POINT('',(2.495859375,-1.3,8.7853515625));
#11271 = CARTESIAN_POINT('',(2.43921875,-1.3,8.8568359375));
#11272 = CARTESIAN_POINT('',(2.43921875,-1.3,9.0181640625));
#11273 = VECTOR('',#11274,1.);
#11274 = DIRECTION('',(-0.,1.,-0.));
#11275 = DEFINITIONAL_REPRESENTATION('',(#11276),#11280);
#11276 = LINE('',#11277,#11278);
#11277 = CARTESIAN_POINT('',(1.,0.));
#11278 = VECTOR('',#11279,1.);
#11279 = DIRECTION('',(0.,-1.));
#11280 = ( GEOMETRIC_REPRESENTATION_CONTEXT(2) 
PARAMETRIC_REPRESENTATION_CONTEXT() REPRESENTATION_CONTEXT('2D SPACE',''
  ) );
#11281 = ORIENTED_EDGE('',*,*,#11282,.T.);
#11282 = EDGE_CURVE('',#11246,#11283,#11285,.T.);
#11283 = VERTEX_POINT('',#11284);
#11284 = CARTESIAN_POINT('',(2.4601171875,-1.312,9.181640625));
#11285 = SURFACE_CURVE('',#11286,(#11290,#11297),.PCURVE_S1.);
#11286 = B_SPLINE_CURVE_WITH_KNOTS('',2,(#11287,#11288,#11289),
  .UNSPECIFIED.,.F.,.F.,(3,3),(0.,1.),.PIECEWISE_BEZIER_KNOTS.);
#11287 = CARTESIAN_POINT('',(2.43921875,-1.312,9.0181640625));
#11288 = CARTESIAN_POINT('',(2.43921875,-1.312,9.1197265625));
#11289 = CARTESIAN_POINT('',(2.4601171875,-1.312,9.181640625));
#11290 = PCURVE('',#11254,#11291);
#11291 = DEFINITIONAL_REPRESENTATION('',(#11292),#11296);
#11292 = LINE('',#11293,#11294);
#11293 = CARTESIAN_POINT('',(0.,-1.2E-02));
#11294 = VECTOR('',#11295,1.);
#11295 = DIRECTION('',(1.,0.));
#11296 = ( GEOMETRIC_REPRESENTATION_CONTEXT(2) 
PARAMETRIC_REPRESENTATION_CONTEXT() REPRESENTATION_CONTEXT('2D SPACE',''
  ) );
#11297 = PCURVE('',#11298,#11303);
#11298 = PLANE('',#11299);
#11299 = AXIS2_PLACEMENT_3D('',#11300,#11301,#11302);
#11300 = CARTESIAN_POINT('',(2.406015625,-1.312,8.7357421875));
#11301 = DIRECTION('',(0.,-1.,0.));
#11302 = DIRECTION('',(1.,0.,0.));
#11303 = DEFINITIONAL_REPRESENTATION('',(#11304),#11308);
#11304 = B_SPLINE_CURVE_WITH_KNOTS('',2,(#11305,#11306,#11307),
  .UNSPECIFIED.,.F.,.F.,(3,3),(0.,1.),.PIECEWISE_BEZIER_KNOTS.);
#11305 = CARTESIAN_POINT('',(3.3203125E-02,0.282421875));
#11306 = CARTESIAN_POINT('',(3.3203125E-02,0.383984375));
#11307 = CARTESIAN_POINT('',(5.41015625E-02,0.4458984375));
#11308 = ( GEOMETRIC_REPRESENTATION_CONTEXT(2) 
PARAMETRIC_REPRESENTATION_CONTEXT() REPRESENTATION_CONTEXT('2D SPACE',''
  ) );
#11309 = ORIENTED_EDGE('',*,*,#11310,.F.);
#11310 = EDGE_CURVE('',#11311,#11283,#11313,.T.);
#11311 = VERTEX_POINT('',#11312);
#11312 = CARTESIAN_POINT('',(2.4601171875,-1.3,9.181640625));
#11313 = SURFACE_CURVE('',#11314,(#11318,#11325),.PCURVE_S1.);
#11314 = LINE('',#11315,#11316);
#11315 = CARTESIAN_POINT('',(2.4601171875,-1.3,9.181640625));
#11316 = VECTOR('',#11317,1.);
#11317 = DIRECTION('',(0.,-1.,0.));
#11318 = PCURVE('',#11254,#11319);
#11319 = DEFINITIONAL_REPRESENTATION('',(#11320),#11324);
#11320 = LINE('',#11321,#11322);
#11321 = CARTESIAN_POINT('',(1.,0.));
#11322 = VECTOR('',#11323,1.);
#11323 = DIRECTION('',(0.,-1.));
#11324 = ( GEOMETRIC_REPRESENTATION_CONTEXT(2) 
PARAMETRIC_REPRESENTATION_CONTEXT() REPRESENTATION_CONTEXT('2D SPACE',''
  ) );
#11325 = PCURVE('',#11326,#11333);
#11326 = SURFACE_OF_LINEAR_EXTRUSION('',#11327,#11331);
#11327 = B_SPLINE_CURVE_WITH_KNOTS('',2,(#11328,#11329,#11330),
  .UNSPECIFIED.,.F.,.F.,(3,3),(0.,1.),.PIECEWISE_BEZIER_KNOTS.);
#11328 = CARTESIAN_POINT('',(2.4601171875,-1.3,9.181640625));
#11329 = CARTESIAN_POINT('',(2.481015625,-1.3,9.2435546875));
#11330 = CARTESIAN_POINT('',(2.5222265625,-1.3,9.2771484375));
#11331 = VECTOR('',#11332,1.);
#11332 = DIRECTION('',(-0.,1.,-0.));
#11333 = DEFINITIONAL_REPRESENTATION('',(#11334),#11338);
#11334 = LINE('',#11335,#11336);
#11335 = CARTESIAN_POINT('',(0.,0.));
#11336 = VECTOR('',#11337,1.);
#11337 = DIRECTION('',(0.,-1.));
#11338 = ( GEOMETRIC_REPRESENTATION_CONTEXT(2) 
PARAMETRIC_REPRESENTATION_CONTEXT() REPRESENTATION_CONTEXT('2D SPACE',''
  ) );
#11339 = ORIENTED_EDGE('',*,*,#11340,.F.);
#11340 = EDGE_CURVE('',#11244,#11311,#11341,.T.);
#11341 = SURFACE_CURVE('',#11342,(#11346,#11353),.PCURVE_S1.);
#11342 = B_SPLINE_CURVE_WITH_KNOTS('',2,(#11343,#11344,#11345),
  .UNSPECIFIED.,.F.,.F.,(3,3),(0.,1.),.PIECEWISE_BEZIER_KNOTS.);
#11343 = CARTESIAN_POINT('',(2.43921875,-1.3,9.0181640625));
#11344 = CARTESIAN_POINT('',(2.43921875,-1.3,9.1197265625));
#11345 = CARTESIAN_POINT('',(2.4601171875,-1.3,9.181640625));
#11346 = PCURVE('',#11254,#11347);
#11347 = DEFINITIONAL_REPRESENTATION('',(#11348),#11352);
#11348 = LINE('',#11349,#11350);
#11349 = CARTESIAN_POINT('',(0.,0.));
#11350 = VECTOR('',#11351,1.);
#11351 = DIRECTION('',(1.,0.));
#11352 = ( GEOMETRIC_REPRESENTATION_CONTEXT(2) 
PARAMETRIC_REPRESENTATION_CONTEXT() REPRESENTATION_CONTEXT('2D SPACE',''
  ) );
#11353 = PCURVE('',#11354,#11359);
#11354 = PLANE('',#11355);
#11355 = AXIS2_PLACEMENT_3D('',#11356,#11357,#11358);
#11356 = CARTESIAN_POINT('',(2.406015625,-1.3,8.7357421875));
#11357 = DIRECTION('',(0.,-1.,0.));
#11358 = DIRECTION('',(1.,0.,0.));
#11359 = DEFINITIONAL_REPRESENTATION('',(#11360),#11364);
#11360 = B_SPLINE_CURVE_WITH_KNOTS('',2,(#11361,#11362,#11363),
  .UNSPECIFIED.,.F.,.F.,(3,3),(0.,1.),.PIECEWISE_BEZIER_KNOTS.);
#11361 = CARTESIAN_POINT('',(3.3203125E-02,0.282421875));
#11362 = CARTESIAN_POINT('',(3.3203125E-02,0.383984375));
#11363 = CARTESIAN_POINT('',(5.41015625E-02,0.4458984375));
#11364 = ( GEOMETRIC_REPRESENTATION_CONTEXT(2) 
PARAMETRIC_REPRESENTATION_CONTEXT() REPRESENTATION_CONTEXT('2D SPACE',''
  ) );
#11365 = ADVANCED_FACE('',(#11366),#11326,.T.);
#11366 = FACE_BOUND('',#11367,.T.);
#11367 = EDGE_LOOP('',(#11368,#11369,#11392,#11422));
#11368 = ORIENTED_EDGE('',*,*,#11310,.T.);
#11369 = ORIENTED_EDGE('',*,*,#11370,.T.);
#11370 = EDGE_CURVE('',#11283,#11371,#11373,.T.);
#11371 = VERTEX_POINT('',#11372);
#11372 = CARTESIAN_POINT('',(2.5222265625,-1.312,9.2771484375));
#11373 = SURFACE_CURVE('',#11374,(#11378,#11385),.PCURVE_S1.);
#11374 = B_SPLINE_CURVE_WITH_KNOTS('',2,(#11375,#11376,#11377),
  .UNSPECIFIED.,.F.,.F.,(3,3),(0.,1.),.PIECEWISE_BEZIER_KNOTS.);
#11375 = CARTESIAN_POINT('',(2.4601171875,-1.312,9.181640625));
#11376 = CARTESIAN_POINT('',(2.481015625,-1.312,9.2435546875));
#11377 = CARTESIAN_POINT('',(2.5222265625,-1.312,9.2771484375));
#11378 = PCURVE('',#11326,#11379);
#11379 = DEFINITIONAL_REPRESENTATION('',(#11380),#11384);
#11380 = LINE('',#11381,#11382);
#11381 = CARTESIAN_POINT('',(0.,-1.2E-02));
#11382 = VECTOR('',#11383,1.);
#11383 = DIRECTION('',(1.,0.));
#11384 = ( GEOMETRIC_REPRESENTATION_CONTEXT(2) 
PARAMETRIC_REPRESENTATION_CONTEXT() REPRESENTATION_CONTEXT('2D SPACE',''
  ) );
#11385 = PCURVE('',#11298,#11386);
#11386 = DEFINITIONAL_REPRESENTATION('',(#11387),#11391);
#11387 = B_SPLINE_CURVE_WITH_KNOTS('',2,(#11388,#11389,#11390),
  .UNSPECIFIED.,.F.,.F.,(3,3),(0.,1.),.PIECEWISE_BEZIER_KNOTS.);
#11388 = CARTESIAN_POINT('',(5.41015625E-02,0.4458984375));
#11389 = CARTESIAN_POINT('',(7.5E-02,0.5078125));
#11390 = CARTESIAN_POINT('',(0.1162109375,0.54140625));
#11391 = ( GEOMETRIC_REPRESENTATION_CONTEXT(2) 
PARAMETRIC_REPRESENTATION_CONTEXT() REPRESENTATION_CONTEXT('2D SPACE',''
  ) );
#11392 = ORIENTED_EDGE('',*,*,#11393,.F.);
#11393 = EDGE_CURVE('',#11394,#11371,#11396,.T.);
#11394 = VERTEX_POINT('',#11395);
#11395 = CARTESIAN_POINT('',(2.5222265625,-1.3,9.2771484375));
#11396 = SURFACE_CURVE('',#11397,(#11401,#11408),.PCURVE_S1.);
#11397 = LINE('',#11398,#11399);
#11398 = CARTESIAN_POINT('',(2.5222265625,-1.3,9.2771484375));
#11399 = VECTOR('',#11400,1.);
#11400 = DIRECTION('',(0.,-1.,0.));
#11401 = PCURVE('',#11326,#11402);
#11402 = DEFINITIONAL_REPRESENTATION('',(#11403),#11407);
#11403 = LINE('',#11404,#11405);
#11404 = CARTESIAN_POINT('',(1.,0.));
#11405 = VECTOR('',#11406,1.);
#11406 = DIRECTION('',(0.,-1.));
#11407 = ( GEOMETRIC_REPRESENTATION_CONTEXT(2) 
PARAMETRIC_REPRESENTATION_CONTEXT() REPRESENTATION_CONTEXT('2D SPACE',''
  ) );
#11408 = PCURVE('',#11409,#11416);
#11409 = SURFACE_OF_LINEAR_EXTRUSION('',#11410,#11414);
#11410 = B_SPLINE_CURVE_WITH_KNOTS('',2,(#11411,#11412,#11413),
  .UNSPECIFIED.,.F.,.F.,(3,3),(0.,1.),.PIECEWISE_BEZIER_KNOTS.);
#11411 = CARTESIAN_POINT('',(2.5222265625,-1.3,9.2771484375));
#11412 = CARTESIAN_POINT('',(2.5634375,-1.3,9.3107421875));
#11413 = CARTESIAN_POINT('',(2.6259375,-1.3,9.3107421875));
#11414 = VECTOR('',#11415,1.);
#11415 = DIRECTION('',(-0.,1.,-0.));
#11416 = DEFINITIONAL_REPRESENTATION('',(#11417),#11421);
#11417 = LINE('',#11418,#11419);
#11418 = CARTESIAN_POINT('',(0.,0.));
#11419 = VECTOR('',#11420,1.);
#11420 = DIRECTION('',(0.,-1.));
#11421 = ( GEOMETRIC_REPRESENTATION_CONTEXT(2) 
PARAMETRIC_REPRESENTATION_CONTEXT() REPRESENTATION_CONTEXT('2D SPACE',''
  ) );
#11422 = ORIENTED_EDGE('',*,*,#11423,.F.);
#11423 = EDGE_CURVE('',#11311,#11394,#11424,.T.);
#11424 = SURFACE_CURVE('',#11425,(#11429,#11436),.PCURVE_S1.);
#11425 = B_SPLINE_CURVE_WITH_KNOTS('',2,(#11426,#11427,#11428),
  .UNSPECIFIED.,.F.,.F.,(3,3),(0.,1.),.PIECEWISE_BEZIER_KNOTS.);
#11426 = CARTESIAN_POINT('',(2.4601171875,-1.3,9.181640625));
#11427 = CARTESIAN_POINT('',(2.481015625,-1.3,9.2435546875));
#11428 = CARTESIAN_POINT('',(2.5222265625,-1.3,9.2771484375));
#11429 = PCURVE('',#11326,#11430);
#11430 = DEFINITIONAL_REPRESENTATION('',(#11431),#11435);
#11431 = LINE('',#11432,#11433);
#11432 = CARTESIAN_POINT('',(0.,0.));
#11433 = VECTOR('',#11434,1.);
#11434 = DIRECTION('',(1.,0.));
#11435 = ( GEOMETRIC_REPRESENTATION_CONTEXT(2) 
PARAMETRIC_REPRESENTATION_CONTEXT() REPRESENTATION_CONTEXT('2D SPACE',''
  ) );
#11436 = PCURVE('',#11354,#11437);
#11437 = DEFINITIONAL_REPRESENTATION('',(#11438),#11442);
#11438 = B_SPLINE_CURVE_WITH_KNOTS('',2,(#11439,#11440,#11441),
  .UNSPECIFIED.,.F.,.F.,(3,3),(0.,1.),.PIECEWISE_BEZIER_KNOTS.);
#11439 = CARTESIAN_POINT('',(5.41015625E-02,0.4458984375));
#11440 = CARTESIAN_POINT('',(7.5E-02,0.5078125));
#11441 = CARTESIAN_POINT('',(0.1162109375,0.54140625));
#11442 = ( GEOMETRIC_REPRESENTATION_CONTEXT(2) 
PARAMETRIC_REPRESENTATION_CONTEXT() REPRESENTATION_CONTEXT('2D SPACE',''
  ) );
#11443 = ADVANCED_FACE('',(#11444),#11409,.T.);
#11444 = FACE_BOUND('',#11445,.T.);
#11445 = EDGE_LOOP('',(#11446,#11447,#11470,#11500));
#11446 = ORIENTED_EDGE('',*,*,#11393,.T.);
#11447 = ORIENTED_EDGE('',*,*,#11448,.T.);
#11448 = EDGE_CURVE('',#11371,#11449,#11451,.T.);
#11449 = VERTEX_POINT('',#11450);
#11450 = CARTESIAN_POINT('',(2.6259375,-1.312,9.3107421875));
#11451 = SURFACE_CURVE('',#11452,(#11456,#11463),.PCURVE_S1.);
#11452 = B_SPLINE_CURVE_WITH_KNOTS('',2,(#11453,#11454,#11455),
  .UNSPECIFIED.,.F.,.F.,(3,3),(0.,1.),.PIECEWISE_BEZIER_KNOTS.);
#11453 = CARTESIAN_POINT('',(2.5222265625,-1.312,9.2771484375));
#11454 = CARTESIAN_POINT('',(2.5634375,-1.312,9.3107421875));
#11455 = CARTESIAN_POINT('',(2.6259375,-1.312,9.3107421875));
#11456 = PCURVE('',#11409,#11457);
#11457 = DEFINITIONAL_REPRESENTATION('',(#11458),#11462);
#11458 = LINE('',#11459,#11460);
#11459 = CARTESIAN_POINT('',(0.,-1.2E-02));
#11460 = VECTOR('',#11461,1.);
#11461 = DIRECTION('',(1.,0.));
#11462 = ( GEOMETRIC_REPRESENTATION_CONTEXT(2) 
PARAMETRIC_REPRESENTATION_CONTEXT() REPRESENTATION_CONTEXT('2D SPACE',''
  ) );
#11463 = PCURVE('',#11298,#11464);
#11464 = DEFINITIONAL_REPRESENTATION('',(#11465),#11469);
#11465 = B_SPLINE_CURVE_WITH_KNOTS('',2,(#11466,#11467,#11468),
  .UNSPECIFIED.,.F.,.F.,(3,3),(0.,1.),.PIECEWISE_BEZIER_KNOTS.);
#11466 = CARTESIAN_POINT('',(0.1162109375,0.54140625));
#11467 = CARTESIAN_POINT('',(0.157421875,0.575));
#11468 = CARTESIAN_POINT('',(0.219921875,0.575));
#11469 = ( GEOMETRIC_REPRESENTATION_CONTEXT(2) 
PARAMETRIC_REPRESENTATION_CONTEXT() REPRESENTATION_CONTEXT('2D SPACE',''
  ) );
#11470 = ORIENTED_EDGE('',*,*,#11471,.F.);
#11471 = EDGE_CURVE('',#11472,#11449,#11474,.T.);
#11472 = VERTEX_POINT('',#11473);
#11473 = CARTESIAN_POINT('',(2.6259375,-1.3,9.3107421875));
#11474 = SURFACE_CURVE('',#11475,(#11479,#11486),.PCURVE_S1.);
#11475 = LINE('',#11476,#11477);
#11476 = CARTESIAN_POINT('',(2.6259375,-1.3,9.3107421875));
#11477 = VECTOR('',#11478,1.);
#11478 = DIRECTION('',(0.,-1.,0.));
#11479 = PCURVE('',#11409,#11480);
#11480 = DEFINITIONAL_REPRESENTATION('',(#11481),#11485);
#11481 = LINE('',#11482,#11483);
#11482 = CARTESIAN_POINT('',(1.,0.));
#11483 = VECTOR('',#11484,1.);
#11484 = DIRECTION('',(0.,-1.));
#11485 = ( GEOMETRIC_REPRESENTATION_CONTEXT(2) 
PARAMETRIC_REPRESENTATION_CONTEXT() REPRESENTATION_CONTEXT('2D SPACE',''
  ) );
#11486 = PCURVE('',#11487,#11494);
#11487 = SURFACE_OF_LINEAR_EXTRUSION('',#11488,#11492);
#11488 = B_SPLINE_CURVE_WITH_KNOTS('',2,(#11489,#11490,#11491),
  .UNSPECIFIED.,.F.,.F.,(3,3),(0.,1.),.PIECEWISE_BEZIER_KNOTS.);
#11489 = CARTESIAN_POINT('',(2.6259375,-1.3,9.3107421875));
#11490 = CARTESIAN_POINT('',(2.67203125,-1.3,9.3107421875));
#11491 = CARTESIAN_POINT('',(2.706796875,-1.3,9.2921875));
#11492 = VECTOR('',#11493,1.);
#11493 = DIRECTION('',(-0.,1.,-0.));
#11494 = DEFINITIONAL_REPRESENTATION('',(#11495),#11499);
#11495 = LINE('',#11496,#11497);
#11496 = CARTESIAN_POINT('',(0.,0.));
#11497 = VECTOR('',#11498,1.);
#11498 = DIRECTION('',(0.,-1.));
#11499 = ( GEOMETRIC_REPRESENTATION_CONTEXT(2) 
PARAMETRIC_REPRESENTATION_CONTEXT() REPRESENTATION_CONTEXT('2D SPACE',''
  ) );
#11500 = ORIENTED_EDGE('',*,*,#11501,.F.);
#11501 = EDGE_CURVE('',#11394,#11472,#11502,.T.);
#11502 = SURFACE_CURVE('',#11503,(#11507,#11514),.PCURVE_S1.);
#11503 = B_SPLINE_CURVE_WITH_KNOTS('',2,(#11504,#11505,#11506),
  .UNSPECIFIED.,.F.,.F.,(3,3),(0.,1.),.PIECEWISE_BEZIER_KNOTS.);
#11504 = CARTESIAN_POINT('',(2.5222265625,-1.3,9.2771484375));
#11505 = CARTESIAN_POINT('',(2.5634375,-1.3,9.3107421875));
#11506 = CARTESIAN_POINT('',(2.6259375,-1.3,9.3107421875));
#11507 = PCURVE('',#11409,#11508);
#11508 = DEFINITIONAL_REPRESENTATION('',(#11509),#11513);
#11509 = LINE('',#11510,#11511);
#11510 = CARTESIAN_POINT('',(0.,0.));
#11511 = VECTOR('',#11512,1.);
#11512 = DIRECTION('',(1.,0.));
#11513 = ( GEOMETRIC_REPRESENTATION_CONTEXT(2) 
PARAMETRIC_REPRESENTATION_CONTEXT() REPRESENTATION_CONTEXT('2D SPACE',''
  ) );
#11514 = PCURVE('',#11354,#11515);
#11515 = DEFINITIONAL_REPRESENTATION('',(#11516),#11520);
#11516 = B_SPLINE_CURVE_WITH_KNOTS('',2,(#11517,#11518,#11519),
  .UNSPECIFIED.,.F.,.F.,(3,3),(0.,1.),.PIECEWISE_BEZIER_KNOTS.);
#11517 = CARTESIAN_POINT('',(0.1162109375,0.54140625));
#11518 = CARTESIAN_POINT('',(0.157421875,0.575));
#11519 = CARTESIAN_POINT('',(0.219921875,0.575));
#11520 = ( GEOMETRIC_REPRESENTATION_CONTEXT(2) 
PARAMETRIC_REPRESENTATION_CONTEXT() REPRESENTATION_CONTEXT('2D SPACE',''
  ) );
#11521 = ADVANCED_FACE('',(#11522),#11487,.T.);
#11522 = FACE_BOUND('',#11523,.T.);
#11523 = EDGE_LOOP('',(#11524,#11525,#11548,#11578));
#11524 = ORIENTED_EDGE('',*,*,#11471,.T.);
#11525 = ORIENTED_EDGE('',*,*,#11526,.T.);
#11526 = EDGE_CURVE('',#11449,#11527,#11529,.T.);
#11527 = VERTEX_POINT('',#11528);
#11528 = CARTESIAN_POINT('',(2.706796875,-1.312,9.2921875));
#11529 = SURFACE_CURVE('',#11530,(#11534,#11541),.PCURVE_S1.);
#11530 = B_SPLINE_CURVE_WITH_KNOTS('',2,(#11531,#11532,#11533),
  .UNSPECIFIED.,.F.,.F.,(3,3),(0.,1.),.PIECEWISE_BEZIER_KNOTS.);
#11531 = CARTESIAN_POINT('',(2.6259375,-1.312,9.3107421875));
#11532 = CARTESIAN_POINT('',(2.67203125,-1.312,9.3107421875));
#11533 = CARTESIAN_POINT('',(2.706796875,-1.312,9.2921875));
#11534 = PCURVE('',#11487,#11535);
#11535 = DEFINITIONAL_REPRESENTATION('',(#11536),#11540);
#11536 = LINE('',#11537,#11538);
#11537 = CARTESIAN_POINT('',(0.,-1.2E-02));
#11538 = VECTOR('',#11539,1.);
#11539 = DIRECTION('',(1.,0.));
#11540 = ( GEOMETRIC_REPRESENTATION_CONTEXT(2) 
PARAMETRIC_REPRESENTATION_CONTEXT() REPRESENTATION_CONTEXT('2D SPACE',''
  ) );
#11541 = PCURVE('',#11298,#11542);
#11542 = DEFINITIONAL_REPRESENTATION('',(#11543),#11547);
#11543 = B_SPLINE_CURVE_WITH_KNOTS('',2,(#11544,#11545,#11546),
  .UNSPECIFIED.,.F.,.F.,(3,3),(0.,1.),.PIECEWISE_BEZIER_KNOTS.);
#11544 = CARTESIAN_POINT('',(0.219921875,0.575));
#11545 = CARTESIAN_POINT('',(0.266015625,0.575));
#11546 = CARTESIAN_POINT('',(0.30078125,0.5564453125));
#11547 = ( GEOMETRIC_REPRESENTATION_CONTEXT(2) 
PARAMETRIC_REPRESENTATION_CONTEXT() REPRESENTATION_CONTEXT('2D SPACE',''
  ) );
#11548 = ORIENTED_EDGE('',*,*,#11549,.F.);
#11549 = EDGE_CURVE('',#11550,#11527,#11552,.T.);
#11550 = VERTEX_POINT('',#11551);
#11551 = CARTESIAN_POINT('',(2.706796875,-1.3,9.2921875));
#11552 = SURFACE_CURVE('',#11553,(#11557,#11564),.PCURVE_S1.);
#11553 = LINE('',#11554,#11555);
#11554 = CARTESIAN_POINT('',(2.706796875,-1.3,9.2921875));
#11555 = VECTOR('',#11556,1.);
#11556 = DIRECTION('',(0.,-1.,0.));
#11557 = PCURVE('',#11487,#11558);
#11558 = DEFINITIONAL_REPRESENTATION('',(#11559),#11563);
#11559 = LINE('',#11560,#11561);
#11560 = CARTESIAN_POINT('',(1.,0.));
#11561 = VECTOR('',#11562,1.);
#11562 = DIRECTION('',(0.,-1.));
#11563 = ( GEOMETRIC_REPRESENTATION_CONTEXT(2) 
PARAMETRIC_REPRESENTATION_CONTEXT() REPRESENTATION_CONTEXT('2D SPACE',''
  ) );
#11564 = PCURVE('',#11565,#11572);
#11565 = SURFACE_OF_LINEAR_EXTRUSION('',#11566,#11570);
#11566 = B_SPLINE_CURVE_WITH_KNOTS('',2,(#11567,#11568,#11569),
  .UNSPECIFIED.,.F.,.F.,(3,3),(0.,1.),.PIECEWISE_BEZIER_KNOTS.);
#11567 = CARTESIAN_POINT('',(2.706796875,-1.3,9.2921875));
#11568 = CARTESIAN_POINT('',(2.7415625,-1.3,9.2736328125));
#11569 = CARTESIAN_POINT('',(2.76421875,-1.3,9.238671875));
#11570 = VECTOR('',#11571,1.);
#11571 = DIRECTION('',(-0.,1.,-0.));
#11572 = DEFINITIONAL_REPRESENTATION('',(#11573),#11577);
#11573 = LINE('',#11574,#11575);
#11574 = CARTESIAN_POINT('',(0.,0.));
#11575 = VECTOR('',#11576,1.);
#11576 = DIRECTION('',(0.,-1.));
#11577 = ( GEOMETRIC_REPRESENTATION_CONTEXT(2) 
PARAMETRIC_REPRESENTATION_CONTEXT() REPRESENTATION_CONTEXT('2D SPACE',''
  ) );
#11578 = ORIENTED_EDGE('',*,*,#11579,.F.);
#11579 = EDGE_CURVE('',#11472,#11550,#11580,.T.);
#11580 = SURFACE_CURVE('',#11581,(#11585,#11592),.PCURVE_S1.);
#11581 = B_SPLINE_CURVE_WITH_KNOTS('',2,(#11582,#11583,#11584),
  .UNSPECIFIED.,.F.,.F.,(3,3),(0.,1.),.PIECEWISE_BEZIER_KNOTS.);
#11582 = CARTESIAN_POINT('',(2.6259375,-1.3,9.3107421875));
#11583 = CARTESIAN_POINT('',(2.67203125,-1.3,9.3107421875));
#11584 = CARTESIAN_POINT('',(2.706796875,-1.3,9.2921875));
#11585 = PCURVE('',#11487,#11586);
#11586 = DEFINITIONAL_REPRESENTATION('',(#11587),#11591);
#11587 = LINE('',#11588,#11589);
#11588 = CARTESIAN_POINT('',(0.,0.));
#11589 = VECTOR('',#11590,1.);
#11590 = DIRECTION('',(1.,0.));
#11591 = ( GEOMETRIC_REPRESENTATION_CONTEXT(2) 
PARAMETRIC_REPRESENTATION_CONTEXT() REPRESENTATION_CONTEXT('2D SPACE',''
  ) );
#11592 = PCURVE('',#11354,#11593);
#11593 = DEFINITIONAL_REPRESENTATION('',(#11594),#11598);
#11594 = B_SPLINE_CURVE_WITH_KNOTS('',2,(#11595,#11596,#11597),
  .UNSPECIFIED.,.F.,.F.,(3,3),(0.,1.),.PIECEWISE_BEZIER_KNOTS.);
#11595 = CARTESIAN_POINT('',(0.219921875,0.575));
#11596 = CARTESIAN_POINT('',(0.266015625,0.575));
#11597 = CARTESIAN_POINT('',(0.30078125,0.5564453125));
#11598 = ( GEOMETRIC_REPRESENTATION_CONTEXT(2) 
PARAMETRIC_REPRESENTATION_CONTEXT() REPRESENTATION_CONTEXT('2D SPACE',''
  ) );
#11599 = ADVANCED_FACE('',(#11600),#11565,.T.);
#11600 = FACE_BOUND('',#11601,.T.);
#11601 = EDGE_LOOP('',(#11602,#11603,#11626,#11656));
#11602 = ORIENTED_EDGE('',*,*,#11549,.T.);
#11603 = ORIENTED_EDGE('',*,*,#11604,.T.);
#11604 = EDGE_CURVE('',#11527,#11605,#11607,.T.);
#11605 = VERTEX_POINT('',#11606);
#11606 = CARTESIAN_POINT('',(2.76421875,-1.312,9.238671875));
#11607 = SURFACE_CURVE('',#11608,(#11612,#11619),.PCURVE_S1.);
#11608 = B_SPLINE_CURVE_WITH_KNOTS('',2,(#11609,#11610,#11611),
  .UNSPECIFIED.,.F.,.F.,(3,3),(0.,1.),.PIECEWISE_BEZIER_KNOTS.);
#11609 = CARTESIAN_POINT('',(2.706796875,-1.312,9.2921875));
#11610 = CARTESIAN_POINT('',(2.7415625,-1.312,9.2736328125));
#11611 = CARTESIAN_POINT('',(2.76421875,-1.312,9.238671875));
#11612 = PCURVE('',#11565,#11613);
#11613 = DEFINITIONAL_REPRESENTATION('',(#11614),#11618);
#11614 = LINE('',#11615,#11616);
#11615 = CARTESIAN_POINT('',(0.,-1.2E-02));
#11616 = VECTOR('',#11617,1.);
#11617 = DIRECTION('',(1.,0.));
#11618 = ( GEOMETRIC_REPRESENTATION_CONTEXT(2) 
PARAMETRIC_REPRESENTATION_CONTEXT() REPRESENTATION_CONTEXT('2D SPACE',''
  ) );
#11619 = PCURVE('',#11298,#11620);
#11620 = DEFINITIONAL_REPRESENTATION('',(#11621),#11625);
#11621 = B_SPLINE_CURVE_WITH_KNOTS('',2,(#11622,#11623,#11624),
  .UNSPECIFIED.,.F.,.F.,(3,3),(0.,1.),.PIECEWISE_BEZIER_KNOTS.);
#11622 = CARTESIAN_POINT('',(0.30078125,0.5564453125));
#11623 = CARTESIAN_POINT('',(0.335546875,0.537890625));
#11624 = CARTESIAN_POINT('',(0.358203125,0.5029296875));
#11625 = ( GEOMETRIC_REPRESENTATION_CONTEXT(2) 
PARAMETRIC_REPRESENTATION_CONTEXT() REPRESENTATION_CONTEXT('2D SPACE',''
  ) );
#11626 = ORIENTED_EDGE('',*,*,#11627,.F.);
#11627 = EDGE_CURVE('',#11628,#11605,#11630,.T.);
#11628 = VERTEX_POINT('',#11629);
#11629 = CARTESIAN_POINT('',(2.76421875,-1.3,9.238671875));
#11630 = SURFACE_CURVE('',#11631,(#11635,#11642),.PCURVE_S1.);
#11631 = LINE('',#11632,#11633);
#11632 = CARTESIAN_POINT('',(2.76421875,-1.3,9.238671875));
#11633 = VECTOR('',#11634,1.);
#11634 = DIRECTION('',(0.,-1.,0.));
#11635 = PCURVE('',#11565,#11636);
#11636 = DEFINITIONAL_REPRESENTATION('',(#11637),#11641);
#11637 = LINE('',#11638,#11639);
#11638 = CARTESIAN_POINT('',(1.,0.));
#11639 = VECTOR('',#11640,1.);
#11640 = DIRECTION('',(0.,-1.));
#11641 = ( GEOMETRIC_REPRESENTATION_CONTEXT(2) 
PARAMETRIC_REPRESENTATION_CONTEXT() REPRESENTATION_CONTEXT('2D SPACE',''
  ) );
#11642 = PCURVE('',#11643,#11650);
#11643 = SURFACE_OF_LINEAR_EXTRUSION('',#11644,#11648);
#11644 = B_SPLINE_CURVE_WITH_KNOTS('',2,(#11645,#11646,#11647),
  .UNSPECIFIED.,.F.,.F.,(3,3),(0.,1.),.PIECEWISE_BEZIER_KNOTS.);
#11645 = CARTESIAN_POINT('',(2.76421875,-1.3,9.238671875));
#11646 = CARTESIAN_POINT('',(2.786875,-1.3,9.2037109375));
#11647 = CARTESIAN_POINT('',(2.799765625,-1.3,9.153515625));
#11648 = VECTOR('',#11649,1.);
#11649 = DIRECTION('',(-0.,1.,-0.));
#11650 = DEFINITIONAL_REPRESENTATION('',(#11651),#11655);
#11651 = LINE('',#11652,#11653);
#11652 = CARTESIAN_POINT('',(0.,0.));
#11653 = VECTOR('',#11654,1.);
#11654 = DIRECTION('',(0.,-1.));
#11655 = ( GEOMETRIC_REPRESENTATION_CONTEXT(2) 
PARAMETRIC_REPRESENTATION_CONTEXT() REPRESENTATION_CONTEXT('2D SPACE',''
  ) );
#11656 = ORIENTED_EDGE('',*,*,#11657,.F.);
#11657 = EDGE_CURVE('',#11550,#11628,#11658,.T.);
#11658 = SURFACE_CURVE('',#11659,(#11663,#11670),.PCURVE_S1.);
#11659 = B_SPLINE_CURVE_WITH_KNOTS('',2,(#11660,#11661,#11662),
  .UNSPECIFIED.,.F.,.F.,(3,3),(0.,1.),.PIECEWISE_BEZIER_KNOTS.);
#11660 = CARTESIAN_POINT('',(2.706796875,-1.3,9.2921875));
#11661 = CARTESIAN_POINT('',(2.7415625,-1.3,9.2736328125));
#11662 = CARTESIAN_POINT('',(2.76421875,-1.3,9.238671875));
#11663 = PCURVE('',#11565,#11664);
#11664 = DEFINITIONAL_REPRESENTATION('',(#11665),#11669);
#11665 = LINE('',#11666,#11667);
#11666 = CARTESIAN_POINT('',(0.,0.));
#11667 = VECTOR('',#11668,1.);
#11668 = DIRECTION('',(1.,0.));
#11669 = ( GEOMETRIC_REPRESENTATION_CONTEXT(2) 
PARAMETRIC_REPRESENTATION_CONTEXT() REPRESENTATION_CONTEXT('2D SPACE',''
  ) );
#11670 = PCURVE('',#11354,#11671);
#11671 = DEFINITIONAL_REPRESENTATION('',(#11672),#11676);
#11672 = B_SPLINE_CURVE_WITH_KNOTS('',2,(#11673,#11674,#11675),
  .UNSPECIFIED.,.F.,.F.,(3,3),(0.,1.),.PIECEWISE_BEZIER_KNOTS.);
#11673 = CARTESIAN_POINT('',(0.30078125,0.5564453125));
#11674 = CARTESIAN_POINT('',(0.335546875,0.537890625));
#11675 = CARTESIAN_POINT('',(0.358203125,0.5029296875));
#11676 = ( GEOMETRIC_REPRESENTATION_CONTEXT(2) 
PARAMETRIC_REPRESENTATION_CONTEXT() REPRESENTATION_CONTEXT('2D SPACE',''
  ) );
#11677 = ADVANCED_FACE('',(#11678),#11643,.T.);
#11678 = FACE_BOUND('',#11679,.T.);
#11679 = EDGE_LOOP('',(#11680,#11681,#11704,#11734));
#11680 = ORIENTED_EDGE('',*,*,#11627,.T.);
#11681 = ORIENTED_EDGE('',*,*,#11682,.T.);
#11682 = EDGE_CURVE('',#11605,#11683,#11685,.T.);
#11683 = VERTEX_POINT('',#11684);
#11684 = CARTESIAN_POINT('',(2.799765625,-1.312,9.153515625));
#11685 = SURFACE_CURVE('',#11686,(#11690,#11697),.PCURVE_S1.);
#11686 = B_SPLINE_CURVE_WITH_KNOTS('',2,(#11687,#11688,#11689),
  .UNSPECIFIED.,.F.,.F.,(3,3),(0.,1.),.PIECEWISE_BEZIER_KNOTS.);
#11687 = CARTESIAN_POINT('',(2.76421875,-1.312,9.238671875));
#11688 = CARTESIAN_POINT('',(2.786875,-1.312,9.2037109375));
#11689 = CARTESIAN_POINT('',(2.799765625,-1.312,9.153515625));
#11690 = PCURVE('',#11643,#11691);
#11691 = DEFINITIONAL_REPRESENTATION('',(#11692),#11696);
#11692 = LINE('',#11693,#11694);
#11693 = CARTESIAN_POINT('',(0.,-1.2E-02));
#11694 = VECTOR('',#11695,1.);
#11695 = DIRECTION('',(1.,0.));
#11696 = ( GEOMETRIC_REPRESENTATION_CONTEXT(2) 
PARAMETRIC_REPRESENTATION_CONTEXT() REPRESENTATION_CONTEXT('2D SPACE',''
  ) );
#11697 = PCURVE('',#11298,#11698);
#11698 = DEFINITIONAL_REPRESENTATION('',(#11699),#11703);
#11699 = B_SPLINE_CURVE_WITH_KNOTS('',2,(#11700,#11701,#11702),
  .UNSPECIFIED.,.F.,.F.,(3,3),(0.,1.),.PIECEWISE_BEZIER_KNOTS.);
#11700 = CARTESIAN_POINT('',(0.358203125,0.5029296875));
#11701 = CARTESIAN_POINT('',(0.380859375,0.46796875));
#11702 = CARTESIAN_POINT('',(0.39375,0.4177734375));
#11703 = ( GEOMETRIC_REPRESENTATION_CONTEXT(2) 
PARAMETRIC_REPRESENTATION_CONTEXT() REPRESENTATION_CONTEXT('2D SPACE',''
  ) );
#11704 = ORIENTED_EDGE('',*,*,#11705,.F.);
#11705 = EDGE_CURVE('',#11706,#11683,#11708,.T.);
#11706 = VERTEX_POINT('',#11707);
#11707 = CARTESIAN_POINT('',(2.799765625,-1.3,9.153515625));
#11708 = SURFACE_CURVE('',#11709,(#11713,#11720),.PCURVE_S1.);
#11709 = LINE('',#11710,#11711);
#11710 = CARTESIAN_POINT('',(2.799765625,-1.3,9.153515625));
#11711 = VECTOR('',#11712,1.);
#11712 = DIRECTION('',(0.,-1.,0.));
#11713 = PCURVE('',#11643,#11714);
#11714 = DEFINITIONAL_REPRESENTATION('',(#11715),#11719);
#11715 = LINE('',#11716,#11717);
#11716 = CARTESIAN_POINT('',(1.,0.));
#11717 = VECTOR('',#11718,1.);
#11718 = DIRECTION('',(0.,-1.));
#11719 = ( GEOMETRIC_REPRESENTATION_CONTEXT(2) 
PARAMETRIC_REPRESENTATION_CONTEXT() REPRESENTATION_CONTEXT('2D SPACE',''
  ) );
#11720 = PCURVE('',#11721,#11728);
#11721 = SURFACE_OF_LINEAR_EXTRUSION('',#11722,#11726);
#11722 = B_SPLINE_CURVE_WITH_KNOTS('',2,(#11723,#11724,#11725),
  .UNSPECIFIED.,.F.,.F.,(3,3),(0.,1.),.PIECEWISE_BEZIER_KNOTS.);
#11723 = CARTESIAN_POINT('',(2.799765625,-1.3,9.153515625));
#11724 = CARTESIAN_POINT('',(2.81265625,-1.3,9.1033203125));
#11725 = CARTESIAN_POINT('',(2.81265625,-1.3,9.0181640625));
#11726 = VECTOR('',#11727,1.);
#11727 = DIRECTION('',(-0.,1.,-0.));
#11728 = DEFINITIONAL_REPRESENTATION('',(#11729),#11733);
#11729 = LINE('',#11730,#11731);
#11730 = CARTESIAN_POINT('',(0.,0.));
#11731 = VECTOR('',#11732,1.);
#11732 = DIRECTION('',(0.,-1.));
#11733 = ( GEOMETRIC_REPRESENTATION_CONTEXT(2) 
PARAMETRIC_REPRESENTATION_CONTEXT() REPRESENTATION_CONTEXT('2D SPACE',''
  ) );
#11734 = ORIENTED_EDGE('',*,*,#11735,.F.);
#11735 = EDGE_CURVE('',#11628,#11706,#11736,.T.);
#11736 = SURFACE_CURVE('',#11737,(#11741,#11748),.PCURVE_S1.);
#11737 = B_SPLINE_CURVE_WITH_KNOTS('',2,(#11738,#11739,#11740),
  .UNSPECIFIED.,.F.,.F.,(3,3),(0.,1.),.PIECEWISE_BEZIER_KNOTS.);
#11738 = CARTESIAN_POINT('',(2.76421875,-1.3,9.238671875));
#11739 = CARTESIAN_POINT('',(2.786875,-1.3,9.2037109375));
#11740 = CARTESIAN_POINT('',(2.799765625,-1.3,9.153515625));
#11741 = PCURVE('',#11643,#11742);
#11742 = DEFINITIONAL_REPRESENTATION('',(#11743),#11747);
#11743 = LINE('',#11744,#11745);
#11744 = CARTESIAN_POINT('',(0.,0.));
#11745 = VECTOR('',#11746,1.);
#11746 = DIRECTION('',(1.,0.));
#11747 = ( GEOMETRIC_REPRESENTATION_CONTEXT(2) 
PARAMETRIC_REPRESENTATION_CONTEXT() REPRESENTATION_CONTEXT('2D SPACE',''
  ) );
#11748 = PCURVE('',#11354,#11749);
#11749 = DEFINITIONAL_REPRESENTATION('',(#11750),#11754);
#11750 = B_SPLINE_CURVE_WITH_KNOTS('',2,(#11751,#11752,#11753),
  .UNSPECIFIED.,.F.,.F.,(3,3),(0.,1.),.PIECEWISE_BEZIER_KNOTS.);
#11751 = CARTESIAN_POINT('',(0.358203125,0.5029296875));
#11752 = CARTESIAN_POINT('',(0.380859375,0.46796875));
#11753 = CARTESIAN_POINT('',(0.39375,0.4177734375));
#11754 = ( GEOMETRIC_REPRESENTATION_CONTEXT(2) 
PARAMETRIC_REPRESENTATION_CONTEXT() REPRESENTATION_CONTEXT('2D SPACE',''
  ) );
#11755 = ADVANCED_FACE('',(#11756),#11721,.T.);
#11756 = FACE_BOUND('',#11757,.T.);
#11757 = EDGE_LOOP('',(#11758,#11759,#11782,#11812));
#11758 = ORIENTED_EDGE('',*,*,#11705,.T.);
#11759 = ORIENTED_EDGE('',*,*,#11760,.T.);
#11760 = EDGE_CURVE('',#11683,#11761,#11763,.T.);
#11761 = VERTEX_POINT('',#11762);
#11762 = CARTESIAN_POINT('',(2.81265625,-1.312,9.0181640625));
#11763 = SURFACE_CURVE('',#11764,(#11768,#11775),.PCURVE_S1.);
#11764 = B_SPLINE_CURVE_WITH_KNOTS('',2,(#11765,#11766,#11767),
  .UNSPECIFIED.,.F.,.F.,(3,3),(0.,1.),.PIECEWISE_BEZIER_KNOTS.);
#11765 = CARTESIAN_POINT('',(2.799765625,-1.312,9.153515625));
#11766 = CARTESIAN_POINT('',(2.81265625,-1.312,9.1033203125));
#11767 = CARTESIAN_POINT('',(2.81265625,-1.312,9.0181640625));
#11768 = PCURVE('',#11721,#11769);
#11769 = DEFINITIONAL_REPRESENTATION('',(#11770),#11774);
#11770 = LINE('',#11771,#11772);
#11771 = CARTESIAN_POINT('',(0.,-1.2E-02));
#11772 = VECTOR('',#11773,1.);
#11773 = DIRECTION('',(1.,0.));
#11774 = ( GEOMETRIC_REPRESENTATION_CONTEXT(2) 
PARAMETRIC_REPRESENTATION_CONTEXT() REPRESENTATION_CONTEXT('2D SPACE',''
  ) );
#11775 = PCURVE('',#11298,#11776);
#11776 = DEFINITIONAL_REPRESENTATION('',(#11777),#11781);
#11777 = B_SPLINE_CURVE_WITH_KNOTS('',2,(#11778,#11779,#11780),
  .UNSPECIFIED.,.F.,.F.,(3,3),(0.,1.),.PIECEWISE_BEZIER_KNOTS.);
#11778 = CARTESIAN_POINT('',(0.39375,0.4177734375));
#11779 = CARTESIAN_POINT('',(0.406640625,0.367578125));
#11780 = CARTESIAN_POINT('',(0.406640625,0.282421875));
#11781 = ( GEOMETRIC_REPRESENTATION_CONTEXT(2) 
PARAMETRIC_REPRESENTATION_CONTEXT() REPRESENTATION_CONTEXT('2D SPACE',''
  ) );
#11782 = ORIENTED_EDGE('',*,*,#11783,.F.);
#11783 = EDGE_CURVE('',#11784,#11761,#11786,.T.);
#11784 = VERTEX_POINT('',#11785);
#11785 = CARTESIAN_POINT('',(2.81265625,-1.3,9.0181640625));
#11786 = SURFACE_CURVE('',#11787,(#11791,#11798),.PCURVE_S1.);
#11787 = LINE('',#11788,#11789);
#11788 = CARTESIAN_POINT('',(2.81265625,-1.3,9.0181640625));
#11789 = VECTOR('',#11790,1.);
#11790 = DIRECTION('',(0.,-1.,0.));
#11791 = PCURVE('',#11721,#11792);
#11792 = DEFINITIONAL_REPRESENTATION('',(#11793),#11797);
#11793 = LINE('',#11794,#11795);
#11794 = CARTESIAN_POINT('',(1.,0.));
#11795 = VECTOR('',#11796,1.);
#11796 = DIRECTION('',(0.,-1.));
#11797 = ( GEOMETRIC_REPRESENTATION_CONTEXT(2) 
PARAMETRIC_REPRESENTATION_CONTEXT() REPRESENTATION_CONTEXT('2D SPACE',''
  ) );
#11798 = PCURVE('',#11799,#11806);
#11799 = SURFACE_OF_LINEAR_EXTRUSION('',#11800,#11804);
#11800 = B_SPLINE_CURVE_WITH_KNOTS('',2,(#11801,#11802,#11803),
  .UNSPECIFIED.,.F.,.F.,(3,3),(0.,1.),.PIECEWISE_BEZIER_KNOTS.);
#11801 = CARTESIAN_POINT('',(2.81265625,-1.3,9.0181640625));
#11802 = CARTESIAN_POINT('',(2.81265625,-1.3,8.9173828125));
#11803 = CARTESIAN_POINT('',(2.791953125,-1.3,8.85546875));
#11804 = VECTOR('',#11805,1.);
#11805 = DIRECTION('',(-0.,1.,-0.));
#11806 = DEFINITIONAL_REPRESENTATION('',(#11807),#11811);
#11807 = LINE('',#11808,#11809);
#11808 = CARTESIAN_POINT('',(0.,0.));
#11809 = VECTOR('',#11810,1.);
#11810 = DIRECTION('',(0.,-1.));
#11811 = ( GEOMETRIC_REPRESENTATION_CONTEXT(2) 
PARAMETRIC_REPRESENTATION_CONTEXT() REPRESENTATION_CONTEXT('2D SPACE',''
  ) );
#11812 = ORIENTED_EDGE('',*,*,#11813,.F.);
#11813 = EDGE_CURVE('',#11706,#11784,#11814,.T.);
#11814 = SURFACE_CURVE('',#11815,(#11819,#11826),.PCURVE_S1.);
#11815 = B_SPLINE_CURVE_WITH_KNOTS('',2,(#11816,#11817,#11818),
  .UNSPECIFIED.,.F.,.F.,(3,3),(0.,1.),.PIECEWISE_BEZIER_KNOTS.);
#11816 = CARTESIAN_POINT('',(2.799765625,-1.3,9.153515625));
#11817 = CARTESIAN_POINT('',(2.81265625,-1.3,9.1033203125));
#11818 = CARTESIAN_POINT('',(2.81265625,-1.3,9.0181640625));
#11819 = PCURVE('',#11721,#11820);
#11820 = DEFINITIONAL_REPRESENTATION('',(#11821),#11825);
#11821 = LINE('',#11822,#11823);
#11822 = CARTESIAN_POINT('',(0.,0.));
#11823 = VECTOR('',#11824,1.);
#11824 = DIRECTION('',(1.,0.));
#11825 = ( GEOMETRIC_REPRESENTATION_CONTEXT(2) 
PARAMETRIC_REPRESENTATION_CONTEXT() REPRESENTATION_CONTEXT('2D SPACE',''
  ) );
#11826 = PCURVE('',#11354,#11827);
#11827 = DEFINITIONAL_REPRESENTATION('',(#11828),#11832);
#11828 = B_SPLINE_CURVE_WITH_KNOTS('',2,(#11829,#11830,#11831),
  .UNSPECIFIED.,.F.,.F.,(3,3),(0.,1.),.PIECEWISE_BEZIER_KNOTS.);
#11829 = CARTESIAN_POINT('',(0.39375,0.4177734375));
#11830 = CARTESIAN_POINT('',(0.406640625,0.367578125));
#11831 = CARTESIAN_POINT('',(0.406640625,0.282421875));
#11832 = ( GEOMETRIC_REPRESENTATION_CONTEXT(2) 
PARAMETRIC_REPRESENTATION_CONTEXT() REPRESENTATION_CONTEXT('2D SPACE',''
  ) );
#11833 = ADVANCED_FACE('',(#11834),#11799,.T.);
#11834 = FACE_BOUND('',#11835,.T.);
#11835 = EDGE_LOOP('',(#11836,#11837,#11860,#11890));
#11836 = ORIENTED_EDGE('',*,*,#11783,.T.);
#11837 = ORIENTED_EDGE('',*,*,#11838,.T.);
#11838 = EDGE_CURVE('',#11761,#11839,#11841,.T.);
#11839 = VERTEX_POINT('',#11840);
#11840 = CARTESIAN_POINT('',(2.791953125,-1.312,8.85546875));
#11841 = SURFACE_CURVE('',#11842,(#11846,#11853),.PCURVE_S1.);
#11842 = B_SPLINE_CURVE_WITH_KNOTS('',2,(#11843,#11844,#11845),
  .UNSPECIFIED.,.F.,.F.,(3,3),(0.,1.),.PIECEWISE_BEZIER_KNOTS.);
#11843 = CARTESIAN_POINT('',(2.81265625,-1.312,9.0181640625));
#11844 = CARTESIAN_POINT('',(2.81265625,-1.312,8.9173828125));
#11845 = CARTESIAN_POINT('',(2.791953125,-1.312,8.85546875));
#11846 = PCURVE('',#11799,#11847);
#11847 = DEFINITIONAL_REPRESENTATION('',(#11848),#11852);
#11848 = LINE('',#11849,#11850);
#11849 = CARTESIAN_POINT('',(0.,-1.2E-02));
#11850 = VECTOR('',#11851,1.);
#11851 = DIRECTION('',(1.,0.));
#11852 = ( GEOMETRIC_REPRESENTATION_CONTEXT(2) 
PARAMETRIC_REPRESENTATION_CONTEXT() REPRESENTATION_CONTEXT('2D SPACE',''
  ) );
#11853 = PCURVE('',#11298,#11854);
#11854 = DEFINITIONAL_REPRESENTATION('',(#11855),#11859);
#11855 = B_SPLINE_CURVE_WITH_KNOTS('',2,(#11856,#11857,#11858),
  .UNSPECIFIED.,.F.,.F.,(3,3),(0.,1.),.PIECEWISE_BEZIER_KNOTS.);
#11856 = CARTESIAN_POINT('',(0.406640625,0.282421875));
#11857 = CARTESIAN_POINT('',(0.406640625,0.181640625));
#11858 = CARTESIAN_POINT('',(0.3859375,0.1197265625));
#11859 = ( GEOMETRIC_REPRESENTATION_CONTEXT(2) 
PARAMETRIC_REPRESENTATION_CONTEXT() REPRESENTATION_CONTEXT('2D SPACE',''
  ) );
#11860 = ORIENTED_EDGE('',*,*,#11861,.F.);
#11861 = EDGE_CURVE('',#11862,#11839,#11864,.T.);
#11862 = VERTEX_POINT('',#11863);
#11863 = CARTESIAN_POINT('',(2.791953125,-1.3,8.85546875));
#11864 = SURFACE_CURVE('',#11865,(#11869,#11876),.PCURVE_S1.);
#11865 = LINE('',#11866,#11867);
#11866 = CARTESIAN_POINT('',(2.791953125,-1.3,8.85546875));
#11867 = VECTOR('',#11868,1.);
#11868 = DIRECTION('',(0.,-1.,0.));
#11869 = PCURVE('',#11799,#11870);
#11870 = DEFINITIONAL_REPRESENTATION('',(#11871),#11875);
#11871 = LINE('',#11872,#11873);
#11872 = CARTESIAN_POINT('',(1.,0.));
#11873 = VECTOR('',#11874,1.);
#11874 = DIRECTION('',(0.,-1.));
#11875 = ( GEOMETRIC_REPRESENTATION_CONTEXT(2) 
PARAMETRIC_REPRESENTATION_CONTEXT() REPRESENTATION_CONTEXT('2D SPACE',''
  ) );
#11876 = PCURVE('',#11877,#11884);
#11877 = SURFACE_OF_LINEAR_EXTRUSION('',#11878,#11882);
#11878 = B_SPLINE_CURVE_WITH_KNOTS('',2,(#11879,#11880,#11881),
  .UNSPECIFIED.,.F.,.F.,(3,3),(0.,1.),.PIECEWISE_BEZIER_KNOTS.);
#11879 = CARTESIAN_POINT('',(2.791953125,-1.3,8.85546875));
#11880 = CARTESIAN_POINT('',(2.77125,-1.3,8.7935546875));
#11881 = CARTESIAN_POINT('',(2.7300390625,-1.3,8.759765625));
#11882 = VECTOR('',#11883,1.);
#11883 = DIRECTION('',(-0.,1.,-0.));
#11884 = DEFINITIONAL_REPRESENTATION('',(#11885),#11889);
#11885 = LINE('',#11886,#11887);
#11886 = CARTESIAN_POINT('',(0.,0.));
#11887 = VECTOR('',#11888,1.);
#11888 = DIRECTION('',(0.,-1.));
#11889 = ( GEOMETRIC_REPRESENTATION_CONTEXT(2) 
PARAMETRIC_REPRESENTATION_CONTEXT() REPRESENTATION_CONTEXT('2D SPACE',''
  ) );
#11890 = ORIENTED_EDGE('',*,*,#11891,.F.);
#11891 = EDGE_CURVE('',#11784,#11862,#11892,.T.);
#11892 = SURFACE_CURVE('',#11893,(#11897,#11904),.PCURVE_S1.);
#11893 = B_SPLINE_CURVE_WITH_KNOTS('',2,(#11894,#11895,#11896),
  .UNSPECIFIED.,.F.,.F.,(3,3),(0.,1.),.PIECEWISE_BEZIER_KNOTS.);
#11894 = CARTESIAN_POINT('',(2.81265625,-1.3,9.0181640625));
#11895 = CARTESIAN_POINT('',(2.81265625,-1.3,8.9173828125));
#11896 = CARTESIAN_POINT('',(2.791953125,-1.3,8.85546875));
#11897 = PCURVE('',#11799,#11898);
#11898 = DEFINITIONAL_REPRESENTATION('',(#11899),#11903);
#11899 = LINE('',#11900,#11901);
#11900 = CARTESIAN_POINT('',(0.,0.));
#11901 = VECTOR('',#11902,1.);
#11902 = DIRECTION('',(1.,0.));
#11903 = ( GEOMETRIC_REPRESENTATION_CONTEXT(2) 
PARAMETRIC_REPRESENTATION_CONTEXT() REPRESENTATION_CONTEXT('2D SPACE',''
  ) );
#11904 = PCURVE('',#11354,#11905);
#11905 = DEFINITIONAL_REPRESENTATION('',(#11906),#11910);
#11906 = B_SPLINE_CURVE_WITH_KNOTS('',2,(#11907,#11908,#11909),
  .UNSPECIFIED.,.F.,.F.,(3,3),(0.,1.),.PIECEWISE_BEZIER_KNOTS.);
#11907 = CARTESIAN_POINT('',(0.406640625,0.282421875));
#11908 = CARTESIAN_POINT('',(0.406640625,0.181640625));
#11909 = CARTESIAN_POINT('',(0.3859375,0.1197265625));
#11910 = ( GEOMETRIC_REPRESENTATION_CONTEXT(2) 
PARAMETRIC_REPRESENTATION_CONTEXT() REPRESENTATION_CONTEXT('2D SPACE',''
  ) );
#11911 = ADVANCED_FACE('',(#11912),#11877,.T.);
#11912 = FACE_BOUND('',#11913,.T.);
#11913 = EDGE_LOOP('',(#11914,#11915,#11938,#11968));
#11914 = ORIENTED_EDGE('',*,*,#11861,.T.);
#11915 = ORIENTED_EDGE('',*,*,#11916,.T.);
#11916 = EDGE_CURVE('',#11839,#11917,#11919,.T.);
#11917 = VERTEX_POINT('',#11918);
#11918 = CARTESIAN_POINT('',(2.7300390625,-1.312,8.759765625));
#11919 = SURFACE_CURVE('',#11920,(#11924,#11931),.PCURVE_S1.);
#11920 = B_SPLINE_CURVE_WITH_KNOTS('',2,(#11921,#11922,#11923),
  .UNSPECIFIED.,.F.,.F.,(3,3),(0.,1.),.PIECEWISE_BEZIER_KNOTS.);
#11921 = CARTESIAN_POINT('',(2.791953125,-1.312,8.85546875));
#11922 = CARTESIAN_POINT('',(2.77125,-1.312,8.7935546875));
#11923 = CARTESIAN_POINT('',(2.7300390625,-1.312,8.759765625));
#11924 = PCURVE('',#11877,#11925);
#11925 = DEFINITIONAL_REPRESENTATION('',(#11926),#11930);
#11926 = LINE('',#11927,#11928);
#11927 = CARTESIAN_POINT('',(0.,-1.2E-02));
#11928 = VECTOR('',#11929,1.);
#11929 = DIRECTION('',(1.,0.));
#11930 = ( GEOMETRIC_REPRESENTATION_CONTEXT(2) 
PARAMETRIC_REPRESENTATION_CONTEXT() REPRESENTATION_CONTEXT('2D SPACE',''
  ) );
#11931 = PCURVE('',#11298,#11932);
#11932 = DEFINITIONAL_REPRESENTATION('',(#11933),#11937);
#11933 = B_SPLINE_CURVE_WITH_KNOTS('',2,(#11934,#11935,#11936),
  .UNSPECIFIED.,.F.,.F.,(3,3),(0.,1.),.PIECEWISE_BEZIER_KNOTS.);
#11934 = CARTESIAN_POINT('',(0.3859375,0.1197265625));
#11935 = CARTESIAN_POINT('',(0.365234375,5.78125E-02));
#11936 = CARTESIAN_POINT('',(0.3240234375,2.40234375E-02));
#11937 = ( GEOMETRIC_REPRESENTATION_CONTEXT(2) 
PARAMETRIC_REPRESENTATION_CONTEXT() REPRESENTATION_CONTEXT('2D SPACE',''
  ) );
#11938 = ORIENTED_EDGE('',*,*,#11939,.F.);
#11939 = EDGE_CURVE('',#11940,#11917,#11942,.T.);
#11940 = VERTEX_POINT('',#11941);
#11941 = CARTESIAN_POINT('',(2.7300390625,-1.3,8.759765625));
#11942 = SURFACE_CURVE('',#11943,(#11947,#11954),.PCURVE_S1.);
#11943 = LINE('',#11944,#11945);
#11944 = CARTESIAN_POINT('',(2.7300390625,-1.3,8.759765625));
#11945 = VECTOR('',#11946,1.);
#11946 = DIRECTION('',(0.,-1.,0.));
#11947 = PCURVE('',#11877,#11948);
#11948 = DEFINITIONAL_REPRESENTATION('',(#11949),#11953);
#11949 = LINE('',#11950,#11951);
#11950 = CARTESIAN_POINT('',(1.,0.));
#11951 = VECTOR('',#11952,1.);
#11952 = DIRECTION('',(0.,-1.));
#11953 = ( GEOMETRIC_REPRESENTATION_CONTEXT(2) 
PARAMETRIC_REPRESENTATION_CONTEXT() REPRESENTATION_CONTEXT('2D SPACE',''
  ) );
#11954 = PCURVE('',#11955,#11962);
#11955 = SURFACE_OF_LINEAR_EXTRUSION('',#11956,#11960);
#11956 = B_SPLINE_CURVE_WITH_KNOTS('',2,(#11957,#11958,#11959),
  .UNSPECIFIED.,.F.,.F.,(3,3),(0.,1.),.PIECEWISE_BEZIER_KNOTS.);
#11957 = CARTESIAN_POINT('',(2.7300390625,-1.3,8.759765625));
#11958 = CARTESIAN_POINT('',(2.688828125,-1.3,8.7259765625));
#11959 = CARTESIAN_POINT('',(2.6259375,-1.3,8.7259765625));
#11960 = VECTOR('',#11961,1.);
#11961 = DIRECTION('',(-0.,1.,-0.));
#11962 = DEFINITIONAL_REPRESENTATION('',(#11963),#11967);
#11963 = LINE('',#11964,#11965);
#11964 = CARTESIAN_POINT('',(0.,0.));
#11965 = VECTOR('',#11966,1.);
#11966 = DIRECTION('',(0.,-1.));
#11967 = ( GEOMETRIC_REPRESENTATION_CONTEXT(2) 
PARAMETRIC_REPRESENTATION_CONTEXT() REPRESENTATION_CONTEXT('2D SPACE',''
  ) );
#11968 = ORIENTED_EDGE('',*,*,#11969,.F.);
#11969 = EDGE_CURVE('',#11862,#11940,#11970,.T.);
#11970 = SURFACE_CURVE('',#11971,(#11975,#11982),.PCURVE_S1.);
#11971 = B_SPLINE_CURVE_WITH_KNOTS('',2,(#11972,#11973,#11974),
  .UNSPECIFIED.,.F.,.F.,(3,3),(0.,1.),.PIECEWISE_BEZIER_KNOTS.);
#11972 = CARTESIAN_POINT('',(2.791953125,-1.3,8.85546875));
#11973 = CARTESIAN_POINT('',(2.77125,-1.3,8.7935546875));
#11974 = CARTESIAN_POINT('',(2.7300390625,-1.3,8.759765625));
#11975 = PCURVE('',#11877,#11976);
#11976 = DEFINITIONAL_REPRESENTATION('',(#11977),#11981);
#11977 = LINE('',#11978,#11979);
#11978 = CARTESIAN_POINT('',(0.,0.));
#11979 = VECTOR('',#11980,1.);
#11980 = DIRECTION('',(1.,0.));
#11981 = ( GEOMETRIC_REPRESENTATION_CONTEXT(2) 
PARAMETRIC_REPRESENTATION_CONTEXT() REPRESENTATION_CONTEXT('2D SPACE',''
  ) );
#11982 = PCURVE('',#11354,#11983);
#11983 = DEFINITIONAL_REPRESENTATION('',(#11984),#11988);
#11984 = B_SPLINE_CURVE_WITH_KNOTS('',2,(#11985,#11986,#11987),
  .UNSPECIFIED.,.F.,.F.,(3,3),(0.,1.),.PIECEWISE_BEZIER_KNOTS.);
#11985 = CARTESIAN_POINT('',(0.3859375,0.1197265625));
#11986 = CARTESIAN_POINT('',(0.365234375,5.78125E-02));
#11987 = CARTESIAN_POINT('',(0.3240234375,2.40234375E-02));
#11988 = ( GEOMETRIC_REPRESENTATION_CONTEXT(2) 
PARAMETRIC_REPRESENTATION_CONTEXT() REPRESENTATION_CONTEXT('2D SPACE',''
  ) );
#11989 = ADVANCED_FACE('',(#11990),#11955,.T.);
#11990 = FACE_BOUND('',#11991,.T.);
#11991 = EDGE_LOOP('',(#11992,#11993,#12016,#12046));
#11992 = ORIENTED_EDGE('',*,*,#11939,.T.);
#11993 = ORIENTED_EDGE('',*,*,#11994,.T.);
#11994 = EDGE_CURVE('',#11917,#11995,#11997,.T.);
#11995 = VERTEX_POINT('',#11996);
#11996 = CARTESIAN_POINT('',(2.6259375,-1.312,8.7259765625));
#11997 = SURFACE_CURVE('',#11998,(#12002,#12009),.PCURVE_S1.);
#11998 = B_SPLINE_CURVE_WITH_KNOTS('',2,(#11999,#12000,#12001),
  .UNSPECIFIED.,.F.,.F.,(3,3),(0.,1.),.PIECEWISE_BEZIER_KNOTS.);
#11999 = CARTESIAN_POINT('',(2.7300390625,-1.312,8.759765625));
#12000 = CARTESIAN_POINT('',(2.688828125,-1.312,8.7259765625));
#12001 = CARTESIAN_POINT('',(2.6259375,-1.312,8.7259765625));
#12002 = PCURVE('',#11955,#12003);
#12003 = DEFINITIONAL_REPRESENTATION('',(#12004),#12008);
#12004 = LINE('',#12005,#12006);
#12005 = CARTESIAN_POINT('',(0.,-1.2E-02));
#12006 = VECTOR('',#12007,1.);
#12007 = DIRECTION('',(1.,0.));
#12008 = ( GEOMETRIC_REPRESENTATION_CONTEXT(2) 
PARAMETRIC_REPRESENTATION_CONTEXT() REPRESENTATION_CONTEXT('2D SPACE',''
  ) );
#12009 = PCURVE('',#11298,#12010);
#12010 = DEFINITIONAL_REPRESENTATION('',(#12011),#12015);
#12011 = B_SPLINE_CURVE_WITH_KNOTS('',2,(#12012,#12013,#12014),
  .UNSPECIFIED.,.F.,.F.,(3,3),(0.,1.),.PIECEWISE_BEZIER_KNOTS.);
#12012 = CARTESIAN_POINT('',(0.3240234375,2.40234375E-02));
#12013 = CARTESIAN_POINT('',(0.2828125,-9.765625E-03));
#12014 = CARTESIAN_POINT('',(0.219921875,-9.765625E-03));
#12015 = ( GEOMETRIC_REPRESENTATION_CONTEXT(2) 
PARAMETRIC_REPRESENTATION_CONTEXT() REPRESENTATION_CONTEXT('2D SPACE',''
  ) );
#12016 = ORIENTED_EDGE('',*,*,#12017,.F.);
#12017 = EDGE_CURVE('',#12018,#11995,#12020,.T.);
#12018 = VERTEX_POINT('',#12019);
#12019 = CARTESIAN_POINT('',(2.6259375,-1.3,8.7259765625));
#12020 = SURFACE_CURVE('',#12021,(#12025,#12032),.PCURVE_S1.);
#12021 = LINE('',#12022,#12023);
#12022 = CARTESIAN_POINT('',(2.6259375,-1.3,8.7259765625));
#12023 = VECTOR('',#12024,1.);
#12024 = DIRECTION('',(0.,-1.,0.));
#12025 = PCURVE('',#11955,#12026);
#12026 = DEFINITIONAL_REPRESENTATION('',(#12027),#12031);
#12027 = LINE('',#12028,#12029);
#12028 = CARTESIAN_POINT('',(1.,0.));
#12029 = VECTOR('',#12030,1.);
#12030 = DIRECTION('',(0.,-1.));
#12031 = ( GEOMETRIC_REPRESENTATION_CONTEXT(2) 
PARAMETRIC_REPRESENTATION_CONTEXT() REPRESENTATION_CONTEXT('2D SPACE',''
  ) );
#12032 = PCURVE('',#12033,#12040);
#12033 = SURFACE_OF_LINEAR_EXTRUSION('',#12034,#12038);
#12034 = B_SPLINE_CURVE_WITH_KNOTS('',2,(#12035,#12036,#12037),
  .UNSPECIFIED.,.F.,.F.,(3,3),(0.,1.),.PIECEWISE_BEZIER_KNOTS.);
#12035 = CARTESIAN_POINT('',(2.6259375,-1.3,8.7259765625));
#12036 = CARTESIAN_POINT('',(2.543125,-1.3,8.7259765625));
#12037 = CARTESIAN_POINT('',(2.495859375,-1.3,8.7853515625));
#12038 = VECTOR('',#12039,1.);
#12039 = DIRECTION('',(-0.,1.,-0.));
#12040 = DEFINITIONAL_REPRESENTATION('',(#12041),#12045);
#12041 = LINE('',#12042,#12043);
#12042 = CARTESIAN_POINT('',(0.,0.));
#12043 = VECTOR('',#12044,1.);
#12044 = DIRECTION('',(0.,-1.));
#12045 = ( GEOMETRIC_REPRESENTATION_CONTEXT(2) 
PARAMETRIC_REPRESENTATION_CONTEXT() REPRESENTATION_CONTEXT('2D SPACE',''
  ) );
#12046 = ORIENTED_EDGE('',*,*,#12047,.F.);
#12047 = EDGE_CURVE('',#11940,#12018,#12048,.T.);
#12048 = SURFACE_CURVE('',#12049,(#12053,#12060),.PCURVE_S1.);
#12049 = B_SPLINE_CURVE_WITH_KNOTS('',2,(#12050,#12051,#12052),
  .UNSPECIFIED.,.F.,.F.,(3,3),(0.,1.),.PIECEWISE_BEZIER_KNOTS.);
#12050 = CARTESIAN_POINT('',(2.7300390625,-1.3,8.759765625));
#12051 = CARTESIAN_POINT('',(2.688828125,-1.3,8.7259765625));
#12052 = CARTESIAN_POINT('',(2.6259375,-1.3,8.7259765625));
#12053 = PCURVE('',#11955,#12054);
#12054 = DEFINITIONAL_REPRESENTATION('',(#12055),#12059);
#12055 = LINE('',#12056,#12057);
#12056 = CARTESIAN_POINT('',(0.,0.));
#12057 = VECTOR('',#12058,1.);
#12058 = DIRECTION('',(1.,0.));
#12059 = ( GEOMETRIC_REPRESENTATION_CONTEXT(2) 
PARAMETRIC_REPRESENTATION_CONTEXT() REPRESENTATION_CONTEXT('2D SPACE',''
  ) );
#12060 = PCURVE('',#11354,#12061);
#12061 = DEFINITIONAL_REPRESENTATION('',(#12062),#12066);
#12062 = B_SPLINE_CURVE_WITH_KNOTS('',2,(#12063,#12064,#12065),
  .UNSPECIFIED.,.F.,.F.,(3,3),(0.,1.),.PIECEWISE_BEZIER_KNOTS.);
#12063 = CARTESIAN_POINT('',(0.3240234375,2.40234375E-02));
#12064 = CARTESIAN_POINT('',(0.2828125,-9.765625E-03));
#12065 = CARTESIAN_POINT('',(0.219921875,-9.765625E-03));
#12066 = ( GEOMETRIC_REPRESENTATION_CONTEXT(2) 
PARAMETRIC_REPRESENTATION_CONTEXT() REPRESENTATION_CONTEXT('2D SPACE',''
  ) );
#12067 = ADVANCED_FACE('',(#12068),#12033,.T.);
#12068 = FACE_BOUND('',#12069,.T.);
#12069 = EDGE_LOOP('',(#12070,#12071,#12094,#12117));
#12070 = ORIENTED_EDGE('',*,*,#12017,.T.);
#12071 = ORIENTED_EDGE('',*,*,#12072,.T.);
#12072 = EDGE_CURVE('',#11995,#12073,#12075,.T.);
#12073 = VERTEX_POINT('',#12074);
#12074 = CARTESIAN_POINT('',(2.495859375,-1.312,8.7853515625));
#12075 = SURFACE_CURVE('',#12076,(#12080,#12087),.PCURVE_S1.);
#12076 = B_SPLINE_CURVE_WITH_KNOTS('',2,(#12077,#12078,#12079),
  .UNSPECIFIED.,.F.,.F.,(3,3),(0.,1.),.PIECEWISE_BEZIER_KNOTS.);
#12077 = CARTESIAN_POINT('',(2.6259375,-1.312,8.7259765625));
#12078 = CARTESIAN_POINT('',(2.543125,-1.312,8.7259765625));
#12079 = CARTESIAN_POINT('',(2.495859375,-1.312,8.7853515625));
#12080 = PCURVE('',#12033,#12081);
#12081 = DEFINITIONAL_REPRESENTATION('',(#12082),#12086);
#12082 = LINE('',#12083,#12084);
#12083 = CARTESIAN_POINT('',(0.,-1.2E-02));
#12084 = VECTOR('',#12085,1.);
#12085 = DIRECTION('',(1.,0.));
#12086 = ( GEOMETRIC_REPRESENTATION_CONTEXT(2) 
PARAMETRIC_REPRESENTATION_CONTEXT() REPRESENTATION_CONTEXT('2D SPACE',''
  ) );
#12087 = PCURVE('',#11298,#12088);
#12088 = DEFINITIONAL_REPRESENTATION('',(#12089),#12093);
#12089 = B_SPLINE_CURVE_WITH_KNOTS('',2,(#12090,#12091,#12092),
  .UNSPECIFIED.,.F.,.F.,(3,3),(0.,1.),.PIECEWISE_BEZIER_KNOTS.);
#12090 = CARTESIAN_POINT('',(0.219921875,-9.765625E-03));
#12091 = CARTESIAN_POINT('',(0.137109375,-9.765625E-03));
#12092 = CARTESIAN_POINT('',(8.984375E-02,4.9609375E-02));
#12093 = ( GEOMETRIC_REPRESENTATION_CONTEXT(2) 
PARAMETRIC_REPRESENTATION_CONTEXT() REPRESENTATION_CONTEXT('2D SPACE',''
  ) );
#12094 = ORIENTED_EDGE('',*,*,#12095,.F.);
#12095 = EDGE_CURVE('',#12096,#12073,#12098,.T.);
#12096 = VERTEX_POINT('',#12097);
#12097 = CARTESIAN_POINT('',(2.495859375,-1.3,8.7853515625));
#12098 = SURFACE_CURVE('',#12099,(#12103,#12110),.PCURVE_S1.);
#12099 = LINE('',#12100,#12101);
#12100 = CARTESIAN_POINT('',(2.495859375,-1.3,8.7853515625));
#12101 = VECTOR('',#12102,1.);
#12102 = DIRECTION('',(0.,-1.,0.));
#12103 = PCURVE('',#12033,#12104);
#12104 = DEFINITIONAL_REPRESENTATION('',(#12105),#12109);
#12105 = LINE('',#12106,#12107);
#12106 = CARTESIAN_POINT('',(1.,0.));
#12107 = VECTOR('',#12108,1.);
#12108 = DIRECTION('',(0.,-1.));
#12109 = ( GEOMETRIC_REPRESENTATION_CONTEXT(2) 
PARAMETRIC_REPRESENTATION_CONTEXT() REPRESENTATION_CONTEXT('2D SPACE',''
  ) );
#12110 = PCURVE('',#11268,#12111);
#12111 = DEFINITIONAL_REPRESENTATION('',(#12112),#12116);
#12112 = LINE('',#12113,#12114);
#12113 = CARTESIAN_POINT('',(0.,0.));
#12114 = VECTOR('',#12115,1.);
#12115 = DIRECTION('',(0.,-1.));
#12116 = ( GEOMETRIC_REPRESENTATION_CONTEXT(2) 
PARAMETRIC_REPRESENTATION_CONTEXT() REPRESENTATION_CONTEXT('2D SPACE',''
  ) );
#12117 = ORIENTED_EDGE('',*,*,#12118,.F.);
#12118 = EDGE_CURVE('',#12018,#12096,#12119,.T.);
#12119 = SURFACE_CURVE('',#12120,(#12124,#12131),.PCURVE_S1.);
#12120 = B_SPLINE_CURVE_WITH_KNOTS('',2,(#12121,#12122,#12123),
  .UNSPECIFIED.,.F.,.F.,(3,3),(0.,1.),.PIECEWISE_BEZIER_KNOTS.);
#12121 = CARTESIAN_POINT('',(2.6259375,-1.3,8.7259765625));
#12122 = CARTESIAN_POINT('',(2.543125,-1.3,8.7259765625));
#12123 = CARTESIAN_POINT('',(2.495859375,-1.3,8.7853515625));
#12124 = PCURVE('',#12033,#12125);
#12125 = DEFINITIONAL_REPRESENTATION('',(#12126),#12130);
#12126 = LINE('',#12127,#12128);
#12127 = CARTESIAN_POINT('',(0.,0.));
#12128 = VECTOR('',#12129,1.);
#12129 = DIRECTION('',(1.,0.));
#12130 = ( GEOMETRIC_REPRESENTATION_CONTEXT(2) 
PARAMETRIC_REPRESENTATION_CONTEXT() REPRESENTATION_CONTEXT('2D SPACE',''
  ) );
#12131 = PCURVE('',#11354,#12132);
#12132 = DEFINITIONAL_REPRESENTATION('',(#12133),#12137);
#12133 = B_SPLINE_CURVE_WITH_KNOTS('',2,(#12134,#12135,#12136),
  .UNSPECIFIED.,.F.,.F.,(3,3),(0.,1.),.PIECEWISE_BEZIER_KNOTS.);
#12134 = CARTESIAN_POINT('',(0.219921875,-9.765625E-03));
#12135 = CARTESIAN_POINT('',(0.137109375,-9.765625E-03));
#12136 = CARTESIAN_POINT('',(8.984375E-02,4.9609375E-02));
#12137 = ( GEOMETRIC_REPRESENTATION_CONTEXT(2) 
PARAMETRIC_REPRESENTATION_CONTEXT() REPRESENTATION_CONTEXT('2D SPACE',''
  ) );
#12138 = ADVANCED_FACE('',(#12139),#11268,.T.);
#12139 = FACE_BOUND('',#12140,.T.);
#12140 = EDGE_LOOP('',(#12141,#12142,#12163,#12164));
#12141 = ORIENTED_EDGE('',*,*,#12095,.T.);
#12142 = ORIENTED_EDGE('',*,*,#12143,.T.);
#12143 = EDGE_CURVE('',#12073,#11246,#12144,.T.);
#12144 = SURFACE_CURVE('',#12145,(#12149,#12156),.PCURVE_S1.);
#12145 = B_SPLINE_CURVE_WITH_KNOTS('',2,(#12146,#12147,#12148),
  .UNSPECIFIED.,.F.,.F.,(3,3),(0.,1.),.PIECEWISE_BEZIER_KNOTS.);
#12146 = CARTESIAN_POINT('',(2.495859375,-1.312,8.7853515625));
#12147 = CARTESIAN_POINT('',(2.43921875,-1.312,8.8568359375));
#12148 = CARTESIAN_POINT('',(2.43921875,-1.312,9.0181640625));
#12149 = PCURVE('',#11268,#12150);
#12150 = DEFINITIONAL_REPRESENTATION('',(#12151),#12155);
#12151 = LINE('',#12152,#12153);
#12152 = CARTESIAN_POINT('',(0.,-1.2E-02));
#12153 = VECTOR('',#12154,1.);
#12154 = DIRECTION('',(1.,0.));
#12155 = ( GEOMETRIC_REPRESENTATION_CONTEXT(2) 
PARAMETRIC_REPRESENTATION_CONTEXT() REPRESENTATION_CONTEXT('2D SPACE',''
  ) );
#12156 = PCURVE('',#11298,#12157);
#12157 = DEFINITIONAL_REPRESENTATION('',(#12158),#12162);
#12158 = B_SPLINE_CURVE_WITH_KNOTS('',2,(#12159,#12160,#12161),
  .UNSPECIFIED.,.F.,.F.,(3,3),(0.,1.),.PIECEWISE_BEZIER_KNOTS.);
#12159 = CARTESIAN_POINT('',(8.984375E-02,4.9609375E-02));
#12160 = CARTESIAN_POINT('',(3.3203125E-02,0.12109375));
#12161 = CARTESIAN_POINT('',(3.3203125E-02,0.282421875));
#12162 = ( GEOMETRIC_REPRESENTATION_CONTEXT(2) 
PARAMETRIC_REPRESENTATION_CONTEXT() REPRESENTATION_CONTEXT('2D SPACE',''
  ) );
#12163 = ORIENTED_EDGE('',*,*,#11243,.F.);
#12164 = ORIENTED_EDGE('',*,*,#12165,.F.);
#12165 = EDGE_CURVE('',#12096,#11244,#12166,.T.);
#12166 = SURFACE_CURVE('',#12167,(#12171,#12178),.PCURVE_S1.);
#12167 = B_SPLINE_CURVE_WITH_KNOTS('',2,(#12168,#12169,#12170),
  .UNSPECIFIED.,.F.,.F.,(3,3),(0.,1.),.PIECEWISE_BEZIER_KNOTS.);
#12168 = CARTESIAN_POINT('',(2.495859375,-1.3,8.7853515625));
#12169 = CARTESIAN_POINT('',(2.43921875,-1.3,8.8568359375));
#12170 = CARTESIAN_POINT('',(2.43921875,-1.3,9.0181640625));
#12171 = PCURVE('',#11268,#12172);
#12172 = DEFINITIONAL_REPRESENTATION('',(#12173),#12177);
#12173 = LINE('',#12174,#12175);
#12174 = CARTESIAN_POINT('',(0.,0.));
#12175 = VECTOR('',#12176,1.);
#12176 = DIRECTION('',(1.,0.));
#12177 = ( GEOMETRIC_REPRESENTATION_CONTEXT(2) 
PARAMETRIC_REPRESENTATION_CONTEXT() REPRESENTATION_CONTEXT('2D SPACE',''
  ) );
#12178 = PCURVE('',#11354,#12179);
#12179 = DEFINITIONAL_REPRESENTATION('',(#12180),#12184);
#12180 = B_SPLINE_CURVE_WITH_KNOTS('',2,(#12181,#12182,#12183),
  .UNSPECIFIED.,.F.,.F.,(3,3),(0.,1.),.PIECEWISE_BEZIER_KNOTS.);
#12181 = CARTESIAN_POINT('',(8.984375E-02,4.9609375E-02));
#12182 = CARTESIAN_POINT('',(3.3203125E-02,0.12109375));
#12183 = CARTESIAN_POINT('',(3.3203125E-02,0.282421875));
#12184 = ( GEOMETRIC_REPRESENTATION_CONTEXT(2) 
PARAMETRIC_REPRESENTATION_CONTEXT() REPRESENTATION_CONTEXT('2D SPACE',''
  ) );
#12185 = ADVANCED_FACE('',(#12186),#12200,.T.);
#12186 = FACE_BOUND('',#12187,.T.);
#12187 = EDGE_LOOP('',(#12188,#12227,#12250,#12280));
#12188 = ORIENTED_EDGE('',*,*,#12189,.T.);
#12189 = EDGE_CURVE('',#12190,#12192,#12194,.T.);
#12190 = VERTEX_POINT('',#12191);
#12191 = CARTESIAN_POINT('',(2.511484375,-1.3,9.0181640625));
#12192 = VERTEX_POINT('',#12193);
#12193 = CARTESIAN_POINT('',(2.511484375,-1.312,9.0181640625));
#12194 = SURFACE_CURVE('',#12195,(#12199,#12213),.PCURVE_S1.);
#12195 = LINE('',#12196,#12197);
#12196 = CARTESIAN_POINT('',(2.511484375,-1.3,9.0181640625));
#12197 = VECTOR('',#12198,1.);
#12198 = DIRECTION('',(0.,-1.,0.));
#12199 = PCURVE('',#12200,#12207);
#12200 = SURFACE_OF_LINEAR_EXTRUSION('',#12201,#12205);
#12201 = B_SPLINE_CURVE_WITH_KNOTS('',2,(#12202,#12203,#12204),
  .UNSPECIFIED.,.F.,.F.,(3,3),(0.,1.),.PIECEWISE_BEZIER_KNOTS.);
#12202 = CARTESIAN_POINT('',(2.511484375,-1.3,9.0181640625));
#12203 = CARTESIAN_POINT('',(2.511484375,-1.3,8.8771484375));
#12204 = CARTESIAN_POINT('',(2.5444921875,-1.3,8.83046875));
#12205 = VECTOR('',#12206,1.);
#12206 = DIRECTION('',(-0.,1.,-0.));
#12207 = DEFINITIONAL_REPRESENTATION('',(#12208),#12212);
#12208 = LINE('',#12209,#12210);
#12209 = CARTESIAN_POINT('',(0.,0.));
#12210 = VECTOR('',#12211,1.);
#12211 = DIRECTION('',(0.,-1.));
#12212 = ( GEOMETRIC_REPRESENTATION_CONTEXT(2) 
PARAMETRIC_REPRESENTATION_CONTEXT() REPRESENTATION_CONTEXT('2D SPACE',''
  ) );
#12213 = PCURVE('',#12214,#12221);
#12214 = SURFACE_OF_LINEAR_EXTRUSION('',#12215,#12219);
#12215 = B_SPLINE_CURVE_WITH_KNOTS('',2,(#12216,#12217,#12218),
  .UNSPECIFIED.,.F.,.F.,(3,3),(0.,1.),.PIECEWISE_BEZIER_KNOTS.);
#12216 = CARTESIAN_POINT('',(2.5478125,-1.3,9.2115234375));
#12217 = CARTESIAN_POINT('',(2.511484375,-1.3,9.1591796875));
#12218 = CARTESIAN_POINT('',(2.511484375,-1.3,9.0181640625));
#12219 = VECTOR('',#12220,1.);
#12220 = DIRECTION('',(-0.,1.,-0.));
#12221 = DEFINITIONAL_REPRESENTATION('',(#12222),#12226);
#12222 = LINE('',#12223,#12224);
#12223 = CARTESIAN_POINT('',(1.,0.));
#12224 = VECTOR('',#12225,1.);
#12225 = DIRECTION('',(0.,-1.));
#12226 = ( GEOMETRIC_REPRESENTATION_CONTEXT(2) 
PARAMETRIC_REPRESENTATION_CONTEXT() REPRESENTATION_CONTEXT('2D SPACE',''
  ) );
#12227 = ORIENTED_EDGE('',*,*,#12228,.T.);
#12228 = EDGE_CURVE('',#12192,#12229,#12231,.T.);
#12229 = VERTEX_POINT('',#12230);
#12230 = CARTESIAN_POINT('',(2.5444921875,-1.312,8.83046875));
#12231 = SURFACE_CURVE('',#12232,(#12236,#12243),.PCURVE_S1.);
#12232 = B_SPLINE_CURVE_WITH_KNOTS('',2,(#12233,#12234,#12235),
  .UNSPECIFIED.,.F.,.F.,(3,3),(0.,1.),.PIECEWISE_BEZIER_KNOTS.);
#12233 = CARTESIAN_POINT('',(2.511484375,-1.312,9.0181640625));
#12234 = CARTESIAN_POINT('',(2.511484375,-1.312,8.8771484375));
#12235 = CARTESIAN_POINT('',(2.5444921875,-1.312,8.83046875));
#12236 = PCURVE('',#12200,#12237);
#12237 = DEFINITIONAL_REPRESENTATION('',(#12238),#12242);
#12238 = LINE('',#12239,#12240);
#12239 = CARTESIAN_POINT('',(0.,-1.2E-02));
#12240 = VECTOR('',#12241,1.);
#12241 = DIRECTION('',(1.,0.));
#12242 = ( GEOMETRIC_REPRESENTATION_CONTEXT(2) 
PARAMETRIC_REPRESENTATION_CONTEXT() REPRESENTATION_CONTEXT('2D SPACE',''
  ) );
#12243 = PCURVE('',#11298,#12244);
#12244 = DEFINITIONAL_REPRESENTATION('',(#12245),#12249);
#12245 = B_SPLINE_CURVE_WITH_KNOTS('',2,(#12246,#12247,#12248),
  .UNSPECIFIED.,.F.,.F.,(3,3),(0.,1.),.PIECEWISE_BEZIER_KNOTS.);
#12246 = CARTESIAN_POINT('',(0.10546875,0.282421875));
#12247 = CARTESIAN_POINT('',(0.10546875,0.14140625));
#12248 = CARTESIAN_POINT('',(0.1384765625,9.47265625E-02));
#12249 = ( GEOMETRIC_REPRESENTATION_CONTEXT(2) 
PARAMETRIC_REPRESENTATION_CONTEXT() REPRESENTATION_CONTEXT('2D SPACE',''
  ) );
#12250 = ORIENTED_EDGE('',*,*,#12251,.F.);
#12251 = EDGE_CURVE('',#12252,#12229,#12254,.T.);
#12252 = VERTEX_POINT('',#12253);
#12253 = CARTESIAN_POINT('',(2.5444921875,-1.3,8.83046875));
#12254 = SURFACE_CURVE('',#12255,(#12259,#12266),.PCURVE_S1.);
#12255 = LINE('',#12256,#12257);
#12256 = CARTESIAN_POINT('',(2.5444921875,-1.3,8.83046875));
#12257 = VECTOR('',#12258,1.);
#12258 = DIRECTION('',(0.,-1.,0.));
#12259 = PCURVE('',#12200,#12260);
#12260 = DEFINITIONAL_REPRESENTATION('',(#12261),#12265);
#12261 = LINE('',#12262,#12263);
#12262 = CARTESIAN_POINT('',(1.,0.));
#12263 = VECTOR('',#12264,1.);
#12264 = DIRECTION('',(0.,-1.));
#12265 = ( GEOMETRIC_REPRESENTATION_CONTEXT(2) 
PARAMETRIC_REPRESENTATION_CONTEXT() REPRESENTATION_CONTEXT('2D SPACE',''
  ) );
#12266 = PCURVE('',#12267,#12274);
#12267 = SURFACE_OF_LINEAR_EXTRUSION('',#12268,#12272);
#12268 = B_SPLINE_CURVE_WITH_KNOTS('',2,(#12269,#12270,#12271),
  .UNSPECIFIED.,.F.,.F.,(3,3),(0.,1.),.PIECEWISE_BEZIER_KNOTS.);
#12269 = CARTESIAN_POINT('',(2.5444921875,-1.3,8.83046875));
#12270 = CARTESIAN_POINT('',(2.5775,-1.3,8.7837890625));
#12271 = CARTESIAN_POINT('',(2.6259375,-1.3,8.7837890625));
#12272 = VECTOR('',#12273,1.);
#12273 = DIRECTION('',(-0.,1.,-0.));
#12274 = DEFINITIONAL_REPRESENTATION('',(#12275),#12279);
#12275 = LINE('',#12276,#12277);
#12276 = CARTESIAN_POINT('',(0.,0.));
#12277 = VECTOR('',#12278,1.);
#12278 = DIRECTION('',(0.,-1.));
#12279 = ( GEOMETRIC_REPRESENTATION_CONTEXT(2) 
PARAMETRIC_REPRESENTATION_CONTEXT() REPRESENTATION_CONTEXT('2D SPACE',''
  ) );
#12280 = ORIENTED_EDGE('',*,*,#12281,.F.);
#12281 = EDGE_CURVE('',#12190,#12252,#12282,.T.);
#12282 = SURFACE_CURVE('',#12283,(#12287,#12294),.PCURVE_S1.);
#12283 = B_SPLINE_CURVE_WITH_KNOTS('',2,(#12284,#12285,#12286),
  .UNSPECIFIED.,.F.,.F.,(3,3),(0.,1.),.PIECEWISE_BEZIER_KNOTS.);
#12284 = CARTESIAN_POINT('',(2.511484375,-1.3,9.0181640625));
#12285 = CARTESIAN_POINT('',(2.511484375,-1.3,8.8771484375));
#12286 = CARTESIAN_POINT('',(2.5444921875,-1.3,8.83046875));
#12287 = PCURVE('',#12200,#12288);
#12288 = DEFINITIONAL_REPRESENTATION('',(#12289),#12293);
#12289 = LINE('',#12290,#12291);
#12290 = CARTESIAN_POINT('',(0.,0.));
#12291 = VECTOR('',#12292,1.);
#12292 = DIRECTION('',(1.,0.));
#12293 = ( GEOMETRIC_REPRESENTATION_CONTEXT(2) 
PARAMETRIC_REPRESENTATION_CONTEXT() REPRESENTATION_CONTEXT('2D SPACE',''
  ) );
#12294 = PCURVE('',#11354,#12295);
#12295 = DEFINITIONAL_REPRESENTATION('',(#12296),#12300);
#12296 = B_SPLINE_CURVE_WITH_KNOTS('',2,(#12297,#12298,#12299),
  .UNSPECIFIED.,.F.,.F.,(3,3),(0.,1.),.PIECEWISE_BEZIER_KNOTS.);
#12297 = CARTESIAN_POINT('',(0.10546875,0.282421875));
#12298 = CARTESIAN_POINT('',(0.10546875,0.14140625));
#12299 = CARTESIAN_POINT('',(0.1384765625,9.47265625E-02));
#12300 = ( GEOMETRIC_REPRESENTATION_CONTEXT(2) 
PARAMETRIC_REPRESENTATION_CONTEXT() REPRESENTATION_CONTEXT('2D SPACE',''
  ) );
#12301 = ADVANCED_FACE('',(#12302),#12267,.T.);
#12302 = FACE_BOUND('',#12303,.T.);
#12303 = EDGE_LOOP('',(#12304,#12305,#12328,#12358));
#12304 = ORIENTED_EDGE('',*,*,#12251,.T.);
#12305 = ORIENTED_EDGE('',*,*,#12306,.T.);
#12306 = EDGE_CURVE('',#12229,#12307,#12309,.T.);
#12307 = VERTEX_POINT('',#12308);
#12308 = CARTESIAN_POINT('',(2.6259375,-1.312,8.7837890625));
#12309 = SURFACE_CURVE('',#12310,(#12314,#12321),.PCURVE_S1.);
#12310 = B_SPLINE_CURVE_WITH_KNOTS('',2,(#12311,#12312,#12313),
  .UNSPECIFIED.,.F.,.F.,(3,3),(0.,1.),.PIECEWISE_BEZIER_KNOTS.);
#12311 = CARTESIAN_POINT('',(2.5444921875,-1.312,8.83046875));
#12312 = CARTESIAN_POINT('',(2.5775,-1.312,8.7837890625));
#12313 = CARTESIAN_POINT('',(2.6259375,-1.312,8.7837890625));
#12314 = PCURVE('',#12267,#12315);
#12315 = DEFINITIONAL_REPRESENTATION('',(#12316),#12320);
#12316 = LINE('',#12317,#12318);
#12317 = CARTESIAN_POINT('',(0.,-1.2E-02));
#12318 = VECTOR('',#12319,1.);
#12319 = DIRECTION('',(1.,0.));
#12320 = ( GEOMETRIC_REPRESENTATION_CONTEXT(2) 
PARAMETRIC_REPRESENTATION_CONTEXT() REPRESENTATION_CONTEXT('2D SPACE',''
  ) );
#12321 = PCURVE('',#11298,#12322);
#12322 = DEFINITIONAL_REPRESENTATION('',(#12323),#12327);
#12323 = B_SPLINE_CURVE_WITH_KNOTS('',2,(#12324,#12325,#12326),
  .UNSPECIFIED.,.F.,.F.,(3,3),(0.,1.),.PIECEWISE_BEZIER_KNOTS.);
#12324 = CARTESIAN_POINT('',(0.1384765625,9.47265625E-02));
#12325 = CARTESIAN_POINT('',(0.171484375,4.8046875E-02));
#12326 = CARTESIAN_POINT('',(0.219921875,4.8046875E-02));
#12327 = ( GEOMETRIC_REPRESENTATION_CONTEXT(2) 
PARAMETRIC_REPRESENTATION_CONTEXT() REPRESENTATION_CONTEXT('2D SPACE',''
  ) );
#12328 = ORIENTED_EDGE('',*,*,#12329,.F.);
#12329 = EDGE_CURVE('',#12330,#12307,#12332,.T.);
#12330 = VERTEX_POINT('',#12331);
#12331 = CARTESIAN_POINT('',(2.6259375,-1.3,8.7837890625));
#12332 = SURFACE_CURVE('',#12333,(#12337,#12344),.PCURVE_S1.);
#12333 = LINE('',#12334,#12335);
#12334 = CARTESIAN_POINT('',(2.6259375,-1.3,8.7837890625));
#12335 = VECTOR('',#12336,1.);
#12336 = DIRECTION('',(0.,-1.,0.));
#12337 = PCURVE('',#12267,#12338);
#12338 = DEFINITIONAL_REPRESENTATION('',(#12339),#12343);
#12339 = LINE('',#12340,#12341);
#12340 = CARTESIAN_POINT('',(1.,0.));
#12341 = VECTOR('',#12342,1.);
#12342 = DIRECTION('',(0.,-1.));
#12343 = ( GEOMETRIC_REPRESENTATION_CONTEXT(2) 
PARAMETRIC_REPRESENTATION_CONTEXT() REPRESENTATION_CONTEXT('2D SPACE',''
  ) );
#12344 = PCURVE('',#12345,#12352);
#12345 = SURFACE_OF_LINEAR_EXTRUSION('',#12346,#12350);
#12346 = B_SPLINE_CURVE_WITH_KNOTS('',2,(#12347,#12348,#12349),
  .UNSPECIFIED.,.F.,.F.,(3,3),(0.,1.),.PIECEWISE_BEZIER_KNOTS.);
#12347 = CARTESIAN_POINT('',(2.6259375,-1.3,8.7837890625));
#12348 = CARTESIAN_POINT('',(2.674375,-1.3,8.7837890625));
#12349 = CARTESIAN_POINT('',(2.7073828125,-1.3,8.8306640625));
#12350 = VECTOR('',#12351,1.);
#12351 = DIRECTION('',(-0.,1.,-0.));
#12352 = DEFINITIONAL_REPRESENTATION('',(#12353),#12357);
#12353 = LINE('',#12354,#12355);
#12354 = CARTESIAN_POINT('',(0.,0.));
#12355 = VECTOR('',#12356,1.);
#12356 = DIRECTION('',(0.,-1.));
#12357 = ( GEOMETRIC_REPRESENTATION_CONTEXT(2) 
PARAMETRIC_REPRESENTATION_CONTEXT() REPRESENTATION_CONTEXT('2D SPACE',''
  ) );
#12358 = ORIENTED_EDGE('',*,*,#12359,.F.);
#12359 = EDGE_CURVE('',#12252,#12330,#12360,.T.);
#12360 = SURFACE_CURVE('',#12361,(#12365,#12372),.PCURVE_S1.);
#12361 = B_SPLINE_CURVE_WITH_KNOTS('',2,(#12362,#12363,#12364),
  .UNSPECIFIED.,.F.,.F.,(3,3),(0.,1.),.PIECEWISE_BEZIER_KNOTS.);
#12362 = CARTESIAN_POINT('',(2.5444921875,-1.3,8.83046875));
#12363 = CARTESIAN_POINT('',(2.5775,-1.3,8.7837890625));
#12364 = CARTESIAN_POINT('',(2.6259375,-1.3,8.7837890625));
#12365 = PCURVE('',#12267,#12366);
#12366 = DEFINITIONAL_REPRESENTATION('',(#12367),#12371);
#12367 = LINE('',#12368,#12369);
#12368 = CARTESIAN_POINT('',(0.,0.));
#12369 = VECTOR('',#12370,1.);
#12370 = DIRECTION('',(1.,0.));
#12371 = ( GEOMETRIC_REPRESENTATION_CONTEXT(2) 
PARAMETRIC_REPRESENTATION_CONTEXT() REPRESENTATION_CONTEXT('2D SPACE',''
  ) );
#12372 = PCURVE('',#11354,#12373);
#12373 = DEFINITIONAL_REPRESENTATION('',(#12374),#12378);
#12374 = B_SPLINE_CURVE_WITH_KNOTS('',2,(#12375,#12376,#12377),
  .UNSPECIFIED.,.F.,.F.,(3,3),(0.,1.),.PIECEWISE_BEZIER_KNOTS.);
#12375 = CARTESIAN_POINT('',(0.1384765625,9.47265625E-02));
#12376 = CARTESIAN_POINT('',(0.171484375,4.8046875E-02));
#12377 = CARTESIAN_POINT('',(0.219921875,4.8046875E-02));
#12378 = ( GEOMETRIC_REPRESENTATION_CONTEXT(2) 
PARAMETRIC_REPRESENTATION_CONTEXT() REPRESENTATION_CONTEXT('2D SPACE',''
  ) );
#12379 = ADVANCED_FACE('',(#12380),#12345,.T.);
#12380 = FACE_BOUND('',#12381,.T.);
#12381 = EDGE_LOOP('',(#12382,#12383,#12406,#12436));
#12382 = ORIENTED_EDGE('',*,*,#12329,.T.);
#12383 = ORIENTED_EDGE('',*,*,#12384,.T.);
#12384 = EDGE_CURVE('',#12307,#12385,#12387,.T.);
#12385 = VERTEX_POINT('',#12386);
#12386 = CARTESIAN_POINT('',(2.7073828125,-1.312,8.8306640625));
#12387 = SURFACE_CURVE('',#12388,(#12392,#12399),.PCURVE_S1.);
#12388 = B_SPLINE_CURVE_WITH_KNOTS('',2,(#12389,#12390,#12391),
  .UNSPECIFIED.,.F.,.F.,(3,3),(0.,1.),.PIECEWISE_BEZIER_KNOTS.);
#12389 = CARTESIAN_POINT('',(2.6259375,-1.312,8.7837890625));
#12390 = CARTESIAN_POINT('',(2.674375,-1.312,8.7837890625));
#12391 = CARTESIAN_POINT('',(2.7073828125,-1.312,8.8306640625));
#12392 = PCURVE('',#12345,#12393);
#12393 = DEFINITIONAL_REPRESENTATION('',(#12394),#12398);
#12394 = LINE('',#12395,#12396);
#12395 = CARTESIAN_POINT('',(0.,-1.2E-02));
#12396 = VECTOR('',#12397,1.);
#12397 = DIRECTION('',(1.,0.));
#12398 = ( GEOMETRIC_REPRESENTATION_CONTEXT(2) 
PARAMETRIC_REPRESENTATION_CONTEXT() REPRESENTATION_CONTEXT('2D SPACE',''
  ) );
#12399 = PCURVE('',#11298,#12400);
#12400 = DEFINITIONAL_REPRESENTATION('',(#12401),#12405);
#12401 = B_SPLINE_CURVE_WITH_KNOTS('',2,(#12402,#12403,#12404),
  .UNSPECIFIED.,.F.,.F.,(3,3),(0.,1.),.PIECEWISE_BEZIER_KNOTS.);
#12402 = CARTESIAN_POINT('',(0.219921875,4.8046875E-02));
#12403 = CARTESIAN_POINT('',(0.268359375,4.8046875E-02));
#12404 = CARTESIAN_POINT('',(0.3013671875,9.4921875E-02));
#12405 = ( GEOMETRIC_REPRESENTATION_CONTEXT(2) 
PARAMETRIC_REPRESENTATION_CONTEXT() REPRESENTATION_CONTEXT('2D SPACE',''
  ) );
#12406 = ORIENTED_EDGE('',*,*,#12407,.F.);
#12407 = EDGE_CURVE('',#12408,#12385,#12410,.T.);
#12408 = VERTEX_POINT('',#12409);
#12409 = CARTESIAN_POINT('',(2.7073828125,-1.3,8.8306640625));
#12410 = SURFACE_CURVE('',#12411,(#12415,#12422),.PCURVE_S1.);
#12411 = LINE('',#12412,#12413);
#12412 = CARTESIAN_POINT('',(2.7073828125,-1.3,8.8306640625));
#12413 = VECTOR('',#12414,1.);
#12414 = DIRECTION('',(0.,-1.,0.));
#12415 = PCURVE('',#12345,#12416);
#12416 = DEFINITIONAL_REPRESENTATION('',(#12417),#12421);
#12417 = LINE('',#12418,#12419);
#12418 = CARTESIAN_POINT('',(1.,0.));
#12419 = VECTOR('',#12420,1.);
#12420 = DIRECTION('',(0.,-1.));
#12421 = ( GEOMETRIC_REPRESENTATION_CONTEXT(2) 
PARAMETRIC_REPRESENTATION_CONTEXT() REPRESENTATION_CONTEXT('2D SPACE',''
  ) );
#12422 = PCURVE('',#12423,#12430);
#12423 = SURFACE_OF_LINEAR_EXTRUSION('',#12424,#12428);
#12424 = B_SPLINE_CURVE_WITH_KNOTS('',2,(#12425,#12426,#12427),
  .UNSPECIFIED.,.F.,.F.,(3,3),(0.,1.),.PIECEWISE_BEZIER_KNOTS.);
#12425 = CARTESIAN_POINT('',(2.7073828125,-1.3,8.8306640625));
#12426 = CARTESIAN_POINT('',(2.740390625,-1.3,8.8775390625));
#12427 = CARTESIAN_POINT('',(2.740390625,-1.3,9.0181640625));
#12428 = VECTOR('',#12429,1.);
#12429 = DIRECTION('',(-0.,1.,-0.));
#12430 = DEFINITIONAL_REPRESENTATION('',(#12431),#12435);
#12431 = LINE('',#12432,#12433);
#12432 = CARTESIAN_POINT('',(0.,0.));
#12433 = VECTOR('',#12434,1.);
#12434 = DIRECTION('',(0.,-1.));
#12435 = ( GEOMETRIC_REPRESENTATION_CONTEXT(2) 
PARAMETRIC_REPRESENTATION_CONTEXT() REPRESENTATION_CONTEXT('2D SPACE',''
  ) );
#12436 = ORIENTED_EDGE('',*,*,#12437,.F.);
#12437 = EDGE_CURVE('',#12330,#12408,#12438,.T.);
#12438 = SURFACE_CURVE('',#12439,(#12443,#12450),.PCURVE_S1.);
#12439 = B_SPLINE_CURVE_WITH_KNOTS('',2,(#12440,#12441,#12442),
  .UNSPECIFIED.,.F.,.F.,(3,3),(0.,1.),.PIECEWISE_BEZIER_KNOTS.);
#12440 = CARTESIAN_POINT('',(2.6259375,-1.3,8.7837890625));
#12441 = CARTESIAN_POINT('',(2.674375,-1.3,8.7837890625));
#12442 = CARTESIAN_POINT('',(2.7073828125,-1.3,8.8306640625));
#12443 = PCURVE('',#12345,#12444);
#12444 = DEFINITIONAL_REPRESENTATION('',(#12445),#12449);
#12445 = LINE('',#12446,#12447);
#12446 = CARTESIAN_POINT('',(0.,0.));
#12447 = VECTOR('',#12448,1.);
#12448 = DIRECTION('',(1.,0.));
#12449 = ( GEOMETRIC_REPRESENTATION_CONTEXT(2) 
PARAMETRIC_REPRESENTATION_CONTEXT() REPRESENTATION_CONTEXT('2D SPACE',''
  ) );
#12450 = PCURVE('',#11354,#12451);
#12451 = DEFINITIONAL_REPRESENTATION('',(#12452),#12456);
#12452 = B_SPLINE_CURVE_WITH_KNOTS('',2,(#12453,#12454,#12455),
  .UNSPECIFIED.,.F.,.F.,(3,3),(0.,1.),.PIECEWISE_BEZIER_KNOTS.);
#12453 = CARTESIAN_POINT('',(0.219921875,4.8046875E-02));
#12454 = CARTESIAN_POINT('',(0.268359375,4.8046875E-02));
#12455 = CARTESIAN_POINT('',(0.3013671875,9.4921875E-02));
#12456 = ( GEOMETRIC_REPRESENTATION_CONTEXT(2) 
PARAMETRIC_REPRESENTATION_CONTEXT() REPRESENTATION_CONTEXT('2D SPACE',''
  ) );
#12457 = ADVANCED_FACE('',(#12458),#12423,.T.);
#12458 = FACE_BOUND('',#12459,.T.);
#12459 = EDGE_LOOP('',(#12460,#12461,#12484,#12514));
#12460 = ORIENTED_EDGE('',*,*,#12407,.T.);
#12461 = ORIENTED_EDGE('',*,*,#12462,.T.);
#12462 = EDGE_CURVE('',#12385,#12463,#12465,.T.);
#12463 = VERTEX_POINT('',#12464);
#12464 = CARTESIAN_POINT('',(2.740390625,-1.312,9.0181640625));
#12465 = SURFACE_CURVE('',#12466,(#12470,#12477),.PCURVE_S1.);
#12466 = B_SPLINE_CURVE_WITH_KNOTS('',2,(#12467,#12468,#12469),
  .UNSPECIFIED.,.F.,.F.,(3,3),(0.,1.),.PIECEWISE_BEZIER_KNOTS.);
#12467 = CARTESIAN_POINT('',(2.7073828125,-1.312,8.8306640625));
#12468 = CARTESIAN_POINT('',(2.740390625,-1.312,8.8775390625));
#12469 = CARTESIAN_POINT('',(2.740390625,-1.312,9.0181640625));
#12470 = PCURVE('',#12423,#12471);
#12471 = DEFINITIONAL_REPRESENTATION('',(#12472),#12476);
#12472 = LINE('',#12473,#12474);
#12473 = CARTESIAN_POINT('',(0.,-1.2E-02));
#12474 = VECTOR('',#12475,1.);
#12475 = DIRECTION('',(1.,0.));
#12476 = ( GEOMETRIC_REPRESENTATION_CONTEXT(2) 
PARAMETRIC_REPRESENTATION_CONTEXT() REPRESENTATION_CONTEXT('2D SPACE',''
  ) );
#12477 = PCURVE('',#11298,#12478);
#12478 = DEFINITIONAL_REPRESENTATION('',(#12479),#12483);
#12479 = B_SPLINE_CURVE_WITH_KNOTS('',2,(#12480,#12481,#12482),
  .UNSPECIFIED.,.F.,.F.,(3,3),(0.,1.),.PIECEWISE_BEZIER_KNOTS.);
#12480 = CARTESIAN_POINT('',(0.3013671875,9.4921875E-02));
#12481 = CARTESIAN_POINT('',(0.334375,0.141796875));
#12482 = CARTESIAN_POINT('',(0.334375,0.282421875));
#12483 = ( GEOMETRIC_REPRESENTATION_CONTEXT(2) 
PARAMETRIC_REPRESENTATION_CONTEXT() REPRESENTATION_CONTEXT('2D SPACE',''
  ) );
#12484 = ORIENTED_EDGE('',*,*,#12485,.F.);
#12485 = EDGE_CURVE('',#12486,#12463,#12488,.T.);
#12486 = VERTEX_POINT('',#12487);
#12487 = CARTESIAN_POINT('',(2.740390625,-1.3,9.0181640625));
#12488 = SURFACE_CURVE('',#12489,(#12493,#12500),.PCURVE_S1.);
#12489 = LINE('',#12490,#12491);
#12490 = CARTESIAN_POINT('',(2.740390625,-1.3,9.0181640625));
#12491 = VECTOR('',#12492,1.);
#12492 = DIRECTION('',(0.,-1.,0.));
#12493 = PCURVE('',#12423,#12494);
#12494 = DEFINITIONAL_REPRESENTATION('',(#12495),#12499);
#12495 = LINE('',#12496,#12497);
#12496 = CARTESIAN_POINT('',(1.,0.));
#12497 = VECTOR('',#12498,1.);
#12498 = DIRECTION('',(0.,-1.));
#12499 = ( GEOMETRIC_REPRESENTATION_CONTEXT(2) 
PARAMETRIC_REPRESENTATION_CONTEXT() REPRESENTATION_CONTEXT('2D SPACE',''
  ) );
#12500 = PCURVE('',#12501,#12508);
#12501 = SURFACE_OF_LINEAR_EXTRUSION('',#12502,#12506);
#12502 = B_SPLINE_CURVE_WITH_KNOTS('',2,(#12503,#12504,#12505),
  .UNSPECIFIED.,.F.,.F.,(3,3),(0.,1.),.PIECEWISE_BEZIER_KNOTS.);
#12503 = CARTESIAN_POINT('',(2.740390625,-1.3,9.0181640625));
#12504 = CARTESIAN_POINT('',(2.740390625,-1.3,9.1595703125));
#12505 = CARTESIAN_POINT('',(2.7073828125,-1.3,9.2060546875));
#12506 = VECTOR('',#12507,1.);
#12507 = DIRECTION('',(-0.,1.,-0.));
#12508 = DEFINITIONAL_REPRESENTATION('',(#12509),#12513);
#12509 = LINE('',#12510,#12511);
#12510 = CARTESIAN_POINT('',(0.,0.));
#12511 = VECTOR('',#12512,1.);
#12512 = DIRECTION('',(0.,-1.));
#12513 = ( GEOMETRIC_REPRESENTATION_CONTEXT(2) 
PARAMETRIC_REPRESENTATION_CONTEXT() REPRESENTATION_CONTEXT('2D SPACE',''
  ) );
#12514 = ORIENTED_EDGE('',*,*,#12515,.F.);
#12515 = EDGE_CURVE('',#12408,#12486,#12516,.T.);
#12516 = SURFACE_CURVE('',#12517,(#12521,#12528),.PCURVE_S1.);
#12517 = B_SPLINE_CURVE_WITH_KNOTS('',2,(#12518,#12519,#12520),
  .UNSPECIFIED.,.F.,.F.,(3,3),(0.,1.),.PIECEWISE_BEZIER_KNOTS.);
#12518 = CARTESIAN_POINT('',(2.7073828125,-1.3,8.8306640625));
#12519 = CARTESIAN_POINT('',(2.740390625,-1.3,8.8775390625));
#12520 = CARTESIAN_POINT('',(2.740390625,-1.3,9.0181640625));
#12521 = PCURVE('',#12423,#12522);
#12522 = DEFINITIONAL_REPRESENTATION('',(#12523),#12527);
#12523 = LINE('',#12524,#12525);
#12524 = CARTESIAN_POINT('',(0.,0.));
#12525 = VECTOR('',#12526,1.);
#12526 = DIRECTION('',(1.,0.));
#12527 = ( GEOMETRIC_REPRESENTATION_CONTEXT(2) 
PARAMETRIC_REPRESENTATION_CONTEXT() REPRESENTATION_CONTEXT('2D SPACE',''
  ) );
#12528 = PCURVE('',#11354,#12529);
#12529 = DEFINITIONAL_REPRESENTATION('',(#12530),#12534);
#12530 = B_SPLINE_CURVE_WITH_KNOTS('',2,(#12531,#12532,#12533),
  .UNSPECIFIED.,.F.,.F.,(3,3),(0.,1.),.PIECEWISE_BEZIER_KNOTS.);
#12531 = CARTESIAN_POINT('',(0.3013671875,9.4921875E-02));
#12532 = CARTESIAN_POINT('',(0.334375,0.141796875));
#12533 = CARTESIAN_POINT('',(0.334375,0.282421875));
#12534 = ( GEOMETRIC_REPRESENTATION_CONTEXT(2) 
PARAMETRIC_REPRESENTATION_CONTEXT() REPRESENTATION_CONTEXT('2D SPACE',''
  ) );
#12535 = ADVANCED_FACE('',(#12536),#12501,.T.);
#12536 = FACE_BOUND('',#12537,.T.);
#12537 = EDGE_LOOP('',(#12538,#12539,#12562,#12592));
#12538 = ORIENTED_EDGE('',*,*,#12485,.T.);
#12539 = ORIENTED_EDGE('',*,*,#12540,.T.);
#12540 = EDGE_CURVE('',#12463,#12541,#12543,.T.);
#12541 = VERTEX_POINT('',#12542);
#12542 = CARTESIAN_POINT('',(2.7073828125,-1.312,9.2060546875));
#12543 = SURFACE_CURVE('',#12544,(#12548,#12555),.PCURVE_S1.);
#12544 = B_SPLINE_CURVE_WITH_KNOTS('',2,(#12545,#12546,#12547),
  .UNSPECIFIED.,.F.,.F.,(3,3),(0.,1.),.PIECEWISE_BEZIER_KNOTS.);
#12545 = CARTESIAN_POINT('',(2.740390625,-1.312,9.0181640625));
#12546 = CARTESIAN_POINT('',(2.740390625,-1.312,9.1595703125));
#12547 = CARTESIAN_POINT('',(2.7073828125,-1.312,9.2060546875));
#12548 = PCURVE('',#12501,#12549);
#12549 = DEFINITIONAL_REPRESENTATION('',(#12550),#12554);
#12550 = LINE('',#12551,#12552);
#12551 = CARTESIAN_POINT('',(0.,-1.2E-02));
#12552 = VECTOR('',#12553,1.);
#12553 = DIRECTION('',(1.,0.));
#12554 = ( GEOMETRIC_REPRESENTATION_CONTEXT(2) 
PARAMETRIC_REPRESENTATION_CONTEXT() REPRESENTATION_CONTEXT('2D SPACE',''
  ) );
#12555 = PCURVE('',#11298,#12556);
#12556 = DEFINITIONAL_REPRESENTATION('',(#12557),#12561);
#12557 = B_SPLINE_CURVE_WITH_KNOTS('',2,(#12558,#12559,#12560),
  .UNSPECIFIED.,.F.,.F.,(3,3),(0.,1.),.PIECEWISE_BEZIER_KNOTS.);
#12558 = CARTESIAN_POINT('',(0.334375,0.282421875));
#12559 = CARTESIAN_POINT('',(0.334375,0.423828125));
#12560 = CARTESIAN_POINT('',(0.3013671875,0.4703125));
#12561 = ( GEOMETRIC_REPRESENTATION_CONTEXT(2) 
PARAMETRIC_REPRESENTATION_CONTEXT() REPRESENTATION_CONTEXT('2D SPACE',''
  ) );
#12562 = ORIENTED_EDGE('',*,*,#12563,.F.);
#12563 = EDGE_CURVE('',#12564,#12541,#12566,.T.);
#12564 = VERTEX_POINT('',#12565);
#12565 = CARTESIAN_POINT('',(2.7073828125,-1.3,9.2060546875));
#12566 = SURFACE_CURVE('',#12567,(#12571,#12578),.PCURVE_S1.);
#12567 = LINE('',#12568,#12569);
#12568 = CARTESIAN_POINT('',(2.7073828125,-1.3,9.2060546875));
#12569 = VECTOR('',#12570,1.);
#12570 = DIRECTION('',(0.,-1.,0.));
#12571 = PCURVE('',#12501,#12572);
#12572 = DEFINITIONAL_REPRESENTATION('',(#12573),#12577);
#12573 = LINE('',#12574,#12575);
#12574 = CARTESIAN_POINT('',(1.,0.));
#12575 = VECTOR('',#12576,1.);
#12576 = DIRECTION('',(0.,-1.));
#12577 = ( GEOMETRIC_REPRESENTATION_CONTEXT(2) 
PARAMETRIC_REPRESENTATION_CONTEXT() REPRESENTATION_CONTEXT('2D SPACE',''
  ) );
#12578 = PCURVE('',#12579,#12586);
#12579 = SURFACE_OF_LINEAR_EXTRUSION('',#12580,#12584);
#12580 = B_SPLINE_CURVE_WITH_KNOTS('',2,(#12581,#12582,#12583),
  .UNSPECIFIED.,.F.,.F.,(3,3),(0.,1.),.PIECEWISE_BEZIER_KNOTS.);
#12581 = CARTESIAN_POINT('',(2.7073828125,-1.3,9.2060546875));
#12582 = CARTESIAN_POINT('',(2.674375,-1.3,9.2525390625));
#12583 = CARTESIAN_POINT('',(2.62515625,-1.3,9.2525390625));
#12584 = VECTOR('',#12585,1.);
#12585 = DIRECTION('',(-0.,1.,-0.));
#12586 = DEFINITIONAL_REPRESENTATION('',(#12587),#12591);
#12587 = LINE('',#12588,#12589);
#12588 = CARTESIAN_POINT('',(0.,0.));
#12589 = VECTOR('',#12590,1.);
#12590 = DIRECTION('',(0.,-1.));
#12591 = ( GEOMETRIC_REPRESENTATION_CONTEXT(2) 
PARAMETRIC_REPRESENTATION_CONTEXT() REPRESENTATION_CONTEXT('2D SPACE',''
  ) );
#12592 = ORIENTED_EDGE('',*,*,#12593,.F.);
#12593 = EDGE_CURVE('',#12486,#12564,#12594,.T.);
#12594 = SURFACE_CURVE('',#12595,(#12599,#12606),.PCURVE_S1.);
#12595 = B_SPLINE_CURVE_WITH_KNOTS('',2,(#12596,#12597,#12598),
  .UNSPECIFIED.,.F.,.F.,(3,3),(0.,1.),.PIECEWISE_BEZIER_KNOTS.);
#12596 = CARTESIAN_POINT('',(2.740390625,-1.3,9.0181640625));
#12597 = CARTESIAN_POINT('',(2.740390625,-1.3,9.1595703125));
#12598 = CARTESIAN_POINT('',(2.7073828125,-1.3,9.2060546875));
#12599 = PCURVE('',#12501,#12600);
#12600 = DEFINITIONAL_REPRESENTATION('',(#12601),#12605);
#12601 = LINE('',#12602,#12603);
#12602 = CARTESIAN_POINT('',(0.,0.));
#12603 = VECTOR('',#12604,1.);
#12604 = DIRECTION('',(1.,0.));
#12605 = ( GEOMETRIC_REPRESENTATION_CONTEXT(2) 
PARAMETRIC_REPRESENTATION_CONTEXT() REPRESENTATION_CONTEXT('2D SPACE',''
  ) );
#12606 = PCURVE('',#11354,#12607);
#12607 = DEFINITIONAL_REPRESENTATION('',(#12608),#12612);
#12608 = B_SPLINE_CURVE_WITH_KNOTS('',2,(#12609,#12610,#12611),
  .UNSPECIFIED.,.F.,.F.,(3,3),(0.,1.),.PIECEWISE_BEZIER_KNOTS.);
#12609 = CARTESIAN_POINT('',(0.334375,0.282421875));
#12610 = CARTESIAN_POINT('',(0.334375,0.423828125));
#12611 = CARTESIAN_POINT('',(0.3013671875,0.4703125));
#12612 = ( GEOMETRIC_REPRESENTATION_CONTEXT(2) 
PARAMETRIC_REPRESENTATION_CONTEXT() REPRESENTATION_CONTEXT('2D SPACE',''
  ) );
#12613 = ADVANCED_FACE('',(#12614),#12579,.T.);
#12614 = FACE_BOUND('',#12615,.T.);
#12615 = EDGE_LOOP('',(#12616,#12617,#12640,#12670));
#12616 = ORIENTED_EDGE('',*,*,#12563,.T.);
#12617 = ORIENTED_EDGE('',*,*,#12618,.T.);
#12618 = EDGE_CURVE('',#12541,#12619,#12621,.T.);
#12619 = VERTEX_POINT('',#12620);
#12620 = CARTESIAN_POINT('',(2.62515625,-1.312,9.2525390625));
#12621 = SURFACE_CURVE('',#12622,(#12626,#12633),.PCURVE_S1.);
#12622 = B_SPLINE_CURVE_WITH_KNOTS('',2,(#12623,#12624,#12625),
  .UNSPECIFIED.,.F.,.F.,(3,3),(0.,1.),.PIECEWISE_BEZIER_KNOTS.);
#12623 = CARTESIAN_POINT('',(2.7073828125,-1.312,9.2060546875));
#12624 = CARTESIAN_POINT('',(2.674375,-1.312,9.2525390625));
#12625 = CARTESIAN_POINT('',(2.62515625,-1.312,9.2525390625));
#12626 = PCURVE('',#12579,#12627);
#12627 = DEFINITIONAL_REPRESENTATION('',(#12628),#12632);
#12628 = LINE('',#12629,#12630);
#12629 = CARTESIAN_POINT('',(0.,-1.2E-02));
#12630 = VECTOR('',#12631,1.);
#12631 = DIRECTION('',(1.,0.));
#12632 = ( GEOMETRIC_REPRESENTATION_CONTEXT(2) 
PARAMETRIC_REPRESENTATION_CONTEXT() REPRESENTATION_CONTEXT('2D SPACE',''
  ) );
#12633 = PCURVE('',#11298,#12634);
#12634 = DEFINITIONAL_REPRESENTATION('',(#12635),#12639);
#12635 = B_SPLINE_CURVE_WITH_KNOTS('',2,(#12636,#12637,#12638),
  .UNSPECIFIED.,.F.,.F.,(3,3),(0.,1.),.PIECEWISE_BEZIER_KNOTS.);
#12636 = CARTESIAN_POINT('',(0.3013671875,0.4703125));
#12637 = CARTESIAN_POINT('',(0.268359375,0.516796875));
#12638 = CARTESIAN_POINT('',(0.219140625,0.516796875));
#12639 = ( GEOMETRIC_REPRESENTATION_CONTEXT(2) 
PARAMETRIC_REPRESENTATION_CONTEXT() REPRESENTATION_CONTEXT('2D SPACE',''
  ) );
#12640 = ORIENTED_EDGE('',*,*,#12641,.F.);
#12641 = EDGE_CURVE('',#12642,#12619,#12644,.T.);
#12642 = VERTEX_POINT('',#12643);
#12643 = CARTESIAN_POINT('',(2.62515625,-1.3,9.2525390625));
#12644 = SURFACE_CURVE('',#12645,(#12649,#12656),.PCURVE_S1.);
#12645 = LINE('',#12646,#12647);
#12646 = CARTESIAN_POINT('',(2.62515625,-1.3,9.2525390625));
#12647 = VECTOR('',#12648,1.);
#12648 = DIRECTION('',(0.,-1.,0.));
#12649 = PCURVE('',#12579,#12650);
#12650 = DEFINITIONAL_REPRESENTATION('',(#12651),#12655);
#12651 = LINE('',#12652,#12653);
#12652 = CARTESIAN_POINT('',(1.,0.));
#12653 = VECTOR('',#12654,1.);
#12654 = DIRECTION('',(0.,-1.));
#12655 = ( GEOMETRIC_REPRESENTATION_CONTEXT(2) 
PARAMETRIC_REPRESENTATION_CONTEXT() REPRESENTATION_CONTEXT('2D SPACE',''
  ) );
#12656 = PCURVE('',#12657,#12664);
#12657 = SURFACE_OF_LINEAR_EXTRUSION('',#12658,#12662);
#12658 = B_SPLINE_CURVE_WITH_KNOTS('',2,(#12659,#12660,#12661),
  .UNSPECIFIED.,.F.,.F.,(3,3),(0.,1.),.PIECEWISE_BEZIER_KNOTS.);
#12659 = CARTESIAN_POINT('',(2.62515625,-1.3,9.2525390625));
#12660 = CARTESIAN_POINT('',(2.57671875,-1.3,9.2525390625));
#12661 = CARTESIAN_POINT('',(2.5478125,-1.3,9.2115234375));
#12662 = VECTOR('',#12663,1.);
#12663 = DIRECTION('',(-0.,1.,-0.));
#12664 = DEFINITIONAL_REPRESENTATION('',(#12665),#12669);
#12665 = LINE('',#12666,#12667);
#12666 = CARTESIAN_POINT('',(0.,0.));
#12667 = VECTOR('',#12668,1.);
#12668 = DIRECTION('',(0.,-1.));
#12669 = ( GEOMETRIC_REPRESENTATION_CONTEXT(2) 
PARAMETRIC_REPRESENTATION_CONTEXT() REPRESENTATION_CONTEXT('2D SPACE',''
  ) );
#12670 = ORIENTED_EDGE('',*,*,#12671,.F.);
#12671 = EDGE_CURVE('',#12564,#12642,#12672,.T.);
#12672 = SURFACE_CURVE('',#12673,(#12677,#12684),.PCURVE_S1.);
#12673 = B_SPLINE_CURVE_WITH_KNOTS('',2,(#12674,#12675,#12676),
  .UNSPECIFIED.,.F.,.F.,(3,3),(0.,1.),.PIECEWISE_BEZIER_KNOTS.);
#12674 = CARTESIAN_POINT('',(2.7073828125,-1.3,9.2060546875));
#12675 = CARTESIAN_POINT('',(2.674375,-1.3,9.2525390625));
#12676 = CARTESIAN_POINT('',(2.62515625,-1.3,9.2525390625));
#12677 = PCURVE('',#12579,#12678);
#12678 = DEFINITIONAL_REPRESENTATION('',(#12679),#12683);
#12679 = LINE('',#12680,#12681);
#12680 = CARTESIAN_POINT('',(0.,0.));
#12681 = VECTOR('',#12682,1.);
#12682 = DIRECTION('',(1.,0.));
#12683 = ( GEOMETRIC_REPRESENTATION_CONTEXT(2) 
PARAMETRIC_REPRESENTATION_CONTEXT() REPRESENTATION_CONTEXT('2D SPACE',''
  ) );
#12684 = PCURVE('',#11354,#12685);
#12685 = DEFINITIONAL_REPRESENTATION('',(#12686),#12690);
#12686 = B_SPLINE_CURVE_WITH_KNOTS('',2,(#12687,#12688,#12689),
  .UNSPECIFIED.,.F.,.F.,(3,3),(0.,1.),.PIECEWISE_BEZIER_KNOTS.);
#12687 = CARTESIAN_POINT('',(0.3013671875,0.4703125));
#12688 = CARTESIAN_POINT('',(0.268359375,0.516796875));
#12689 = CARTESIAN_POINT('',(0.219140625,0.516796875));
#12690 = ( GEOMETRIC_REPRESENTATION_CONTEXT(2) 
PARAMETRIC_REPRESENTATION_CONTEXT() REPRESENTATION_CONTEXT('2D SPACE',''
  ) );
#12691 = ADVANCED_FACE('',(#12692),#12657,.T.);
#12692 = FACE_BOUND('',#12693,.T.);
#12693 = EDGE_LOOP('',(#12694,#12695,#12718,#12741));
#12694 = ORIENTED_EDGE('',*,*,#12641,.T.);
#12695 = ORIENTED_EDGE('',*,*,#12696,.T.);
#12696 = EDGE_CURVE('',#12619,#12697,#12699,.T.);
#12697 = VERTEX_POINT('',#12698);
#12698 = CARTESIAN_POINT('',(2.5478125,-1.312,9.2115234375));
#12699 = SURFACE_CURVE('',#12700,(#12704,#12711),.PCURVE_S1.);
#12700 = B_SPLINE_CURVE_WITH_KNOTS('',2,(#12701,#12702,#12703),
  .UNSPECIFIED.,.F.,.F.,(3,3),(0.,1.),.PIECEWISE_BEZIER_KNOTS.);
#12701 = CARTESIAN_POINT('',(2.62515625,-1.312,9.2525390625));
#12702 = CARTESIAN_POINT('',(2.57671875,-1.312,9.2525390625));
#12703 = CARTESIAN_POINT('',(2.5478125,-1.312,9.2115234375));
#12704 = PCURVE('',#12657,#12705);
#12705 = DEFINITIONAL_REPRESENTATION('',(#12706),#12710);
#12706 = LINE('',#12707,#12708);
#12707 = CARTESIAN_POINT('',(0.,-1.2E-02));
#12708 = VECTOR('',#12709,1.);
#12709 = DIRECTION('',(1.,0.));
#12710 = ( GEOMETRIC_REPRESENTATION_CONTEXT(2) 
PARAMETRIC_REPRESENTATION_CONTEXT() REPRESENTATION_CONTEXT('2D SPACE',''
  ) );
#12711 = PCURVE('',#11298,#12712);
#12712 = DEFINITIONAL_REPRESENTATION('',(#12713),#12717);
#12713 = B_SPLINE_CURVE_WITH_KNOTS('',2,(#12714,#12715,#12716),
  .UNSPECIFIED.,.F.,.F.,(3,3),(0.,1.),.PIECEWISE_BEZIER_KNOTS.);
#12714 = CARTESIAN_POINT('',(0.219140625,0.516796875));
#12715 = CARTESIAN_POINT('',(0.170703125,0.516796875));
#12716 = CARTESIAN_POINT('',(0.141796875,0.47578125));
#12717 = ( GEOMETRIC_REPRESENTATION_CONTEXT(2) 
PARAMETRIC_REPRESENTATION_CONTEXT() REPRESENTATION_CONTEXT('2D SPACE',''
  ) );
#12718 = ORIENTED_EDGE('',*,*,#12719,.F.);
#12719 = EDGE_CURVE('',#12720,#12697,#12722,.T.);
#12720 = VERTEX_POINT('',#12721);
#12721 = CARTESIAN_POINT('',(2.5478125,-1.3,9.2115234375));
#12722 = SURFACE_CURVE('',#12723,(#12727,#12734),.PCURVE_S1.);
#12723 = LINE('',#12724,#12725);
#12724 = CARTESIAN_POINT('',(2.5478125,-1.3,9.2115234375));
#12725 = VECTOR('',#12726,1.);
#12726 = DIRECTION('',(0.,-1.,0.));
#12727 = PCURVE('',#12657,#12728);
#12728 = DEFINITIONAL_REPRESENTATION('',(#12729),#12733);
#12729 = LINE('',#12730,#12731);
#12730 = CARTESIAN_POINT('',(1.,0.));
#12731 = VECTOR('',#12732,1.);
#12732 = DIRECTION('',(0.,-1.));
#12733 = ( GEOMETRIC_REPRESENTATION_CONTEXT(2) 
PARAMETRIC_REPRESENTATION_CONTEXT() REPRESENTATION_CONTEXT('2D SPACE',''
  ) );
#12734 = PCURVE('',#12214,#12735);
#12735 = DEFINITIONAL_REPRESENTATION('',(#12736),#12740);
#12736 = LINE('',#12737,#12738);
#12737 = CARTESIAN_POINT('',(0.,0.));
#12738 = VECTOR('',#12739,1.);
#12739 = DIRECTION('',(0.,-1.));
#12740 = ( GEOMETRIC_REPRESENTATION_CONTEXT(2) 
PARAMETRIC_REPRESENTATION_CONTEXT() REPRESENTATION_CONTEXT('2D SPACE',''
  ) );
#12741 = ORIENTED_EDGE('',*,*,#12742,.F.);
#12742 = EDGE_CURVE('',#12642,#12720,#12743,.T.);
#12743 = SURFACE_CURVE('',#12744,(#12748,#12755),.PCURVE_S1.);
#12744 = B_SPLINE_CURVE_WITH_KNOTS('',2,(#12745,#12746,#12747),
  .UNSPECIFIED.,.F.,.F.,(3,3),(0.,1.),.PIECEWISE_BEZIER_KNOTS.);
#12745 = CARTESIAN_POINT('',(2.62515625,-1.3,9.2525390625));
#12746 = CARTESIAN_POINT('',(2.57671875,-1.3,9.2525390625));
#12747 = CARTESIAN_POINT('',(2.5478125,-1.3,9.2115234375));
#12748 = PCURVE('',#12657,#12749);
#12749 = DEFINITIONAL_REPRESENTATION('',(#12750),#12754);
#12750 = LINE('',#12751,#12752);
#12751 = CARTESIAN_POINT('',(0.,0.));
#12752 = VECTOR('',#12753,1.);
#12753 = DIRECTION('',(1.,0.));
#12754 = ( GEOMETRIC_REPRESENTATION_CONTEXT(2) 
PARAMETRIC_REPRESENTATION_CONTEXT() REPRESENTATION_CONTEXT('2D SPACE',''
  ) );
#12755 = PCURVE('',#11354,#12756);
#12756 = DEFINITIONAL_REPRESENTATION('',(#12757),#12761);
#12757 = B_SPLINE_CURVE_WITH_KNOTS('',2,(#12758,#12759,#12760),
  .UNSPECIFIED.,.F.,.F.,(3,3),(0.,1.),.PIECEWISE_BEZIER_KNOTS.);
#12758 = CARTESIAN_POINT('',(0.219140625,0.516796875));
#12759 = CARTESIAN_POINT('',(0.170703125,0.516796875));
#12760 = CARTESIAN_POINT('',(0.141796875,0.47578125));
#12761 = ( GEOMETRIC_REPRESENTATION_CONTEXT(2) 
PARAMETRIC_REPRESENTATION_CONTEXT() REPRESENTATION_CONTEXT('2D SPACE',''
  ) );
#12762 = ADVANCED_FACE('',(#12763),#12214,.T.);
#12763 = FACE_BOUND('',#12764,.T.);
#12764 = EDGE_LOOP('',(#12765,#12766,#12787,#12788));
#12765 = ORIENTED_EDGE('',*,*,#12719,.T.);
#12766 = ORIENTED_EDGE('',*,*,#12767,.T.);
#12767 = EDGE_CURVE('',#12697,#12192,#12768,.T.);
#12768 = SURFACE_CURVE('',#12769,(#12773,#12780),.PCURVE_S1.);
#12769 = B_SPLINE_CURVE_WITH_KNOTS('',2,(#12770,#12771,#12772),
  .UNSPECIFIED.,.F.,.F.,(3,3),(0.,1.),.PIECEWISE_BEZIER_KNOTS.);
#12770 = CARTESIAN_POINT('',(2.5478125,-1.312,9.2115234375));
#12771 = CARTESIAN_POINT('',(2.511484375,-1.312,9.1591796875));
#12772 = CARTESIAN_POINT('',(2.511484375,-1.312,9.0181640625));
#12773 = PCURVE('',#12214,#12774);
#12774 = DEFINITIONAL_REPRESENTATION('',(#12775),#12779);
#12775 = LINE('',#12776,#12777);
#12776 = CARTESIAN_POINT('',(0.,-1.2E-02));
#12777 = VECTOR('',#12778,1.);
#12778 = DIRECTION('',(1.,0.));
#12779 = ( GEOMETRIC_REPRESENTATION_CONTEXT(2) 
PARAMETRIC_REPRESENTATION_CONTEXT() REPRESENTATION_CONTEXT('2D SPACE',''
  ) );
#12780 = PCURVE('',#11298,#12781);
#12781 = DEFINITIONAL_REPRESENTATION('',(#12782),#12786);
#12782 = B_SPLINE_CURVE_WITH_KNOTS('',2,(#12783,#12784,#12785),
  .UNSPECIFIED.,.F.,.F.,(3,3),(0.,1.),.PIECEWISE_BEZIER_KNOTS.);
#12783 = CARTESIAN_POINT('',(0.141796875,0.47578125));
#12784 = CARTESIAN_POINT('',(0.10546875,0.4234375));
#12785 = CARTESIAN_POINT('',(0.10546875,0.282421875));
#12786 = ( GEOMETRIC_REPRESENTATION_CONTEXT(2) 
PARAMETRIC_REPRESENTATION_CONTEXT() REPRESENTATION_CONTEXT('2D SPACE',''
  ) );
#12787 = ORIENTED_EDGE('',*,*,#12189,.F.);
#12788 = ORIENTED_EDGE('',*,*,#12789,.F.);
#12789 = EDGE_CURVE('',#12720,#12190,#12790,.T.);
#12790 = SURFACE_CURVE('',#12791,(#12795,#12802),.PCURVE_S1.);
#12791 = B_SPLINE_CURVE_WITH_KNOTS('',2,(#12792,#12793,#12794),
  .UNSPECIFIED.,.F.,.F.,(3,3),(0.,1.),.PIECEWISE_BEZIER_KNOTS.);
#12792 = CARTESIAN_POINT('',(2.5478125,-1.3,9.2115234375));
#12793 = CARTESIAN_POINT('',(2.511484375,-1.3,9.1591796875));
#12794 = CARTESIAN_POINT('',(2.511484375,-1.3,9.0181640625));
#12795 = PCURVE('',#12214,#12796);
#12796 = DEFINITIONAL_REPRESENTATION('',(#12797),#12801);
#12797 = LINE('',#12798,#12799);
#12798 = CARTESIAN_POINT('',(0.,0.));
#12799 = VECTOR('',#12800,1.);
#12800 = DIRECTION('',(1.,0.));
#12801 = ( GEOMETRIC_REPRESENTATION_CONTEXT(2) 
PARAMETRIC_REPRESENTATION_CONTEXT() REPRESENTATION_CONTEXT('2D SPACE',''
  ) );
#12802 = PCURVE('',#11354,#12803);
#12803 = DEFINITIONAL_REPRESENTATION('',(#12804),#12808);
#12804 = B_SPLINE_CURVE_WITH_KNOTS('',2,(#12805,#12806,#12807),
  .UNSPECIFIED.,.F.,.F.,(3,3),(0.,1.),.PIECEWISE_BEZIER_KNOTS.);
#12805 = CARTESIAN_POINT('',(0.141796875,0.47578125));
#12806 = CARTESIAN_POINT('',(0.10546875,0.4234375));
#12807 = CARTESIAN_POINT('',(0.10546875,0.282421875));
#12808 = ( GEOMETRIC_REPRESENTATION_CONTEXT(2) 
PARAMETRIC_REPRESENTATION_CONTEXT() REPRESENTATION_CONTEXT('2D SPACE',''
  ) );
#12809 = ADVANCED_FACE('',(#12810,#12824),#11354,.F.);
#12810 = FACE_BOUND('',#12811,.T.);
#12811 = EDGE_LOOP('',(#12812,#12813,#12814,#12815,#12816,#12817,#12818,
    #12819,#12820,#12821,#12822,#12823));
#12812 = ORIENTED_EDGE('',*,*,#11340,.T.);
#12813 = ORIENTED_EDGE('',*,*,#11423,.T.);
#12814 = ORIENTED_EDGE('',*,*,#11501,.T.);
#12815 = ORIENTED_EDGE('',*,*,#11579,.T.);
#12816 = ORIENTED_EDGE('',*,*,#11657,.T.);
#12817 = ORIENTED_EDGE('',*,*,#11735,.T.);
#12818 = ORIENTED_EDGE('',*,*,#11813,.T.);
#12819 = ORIENTED_EDGE('',*,*,#11891,.T.);
#12820 = ORIENTED_EDGE('',*,*,#11969,.T.);
#12821 = ORIENTED_EDGE('',*,*,#12047,.T.);
#12822 = ORIENTED_EDGE('',*,*,#12118,.T.);
#12823 = ORIENTED_EDGE('',*,*,#12165,.T.);
#12824 = FACE_BOUND('',#12825,.T.);
#12825 = EDGE_LOOP('',(#12826,#12827,#12828,#12829,#12830,#12831,#12832,
    #12833));
#12826 = ORIENTED_EDGE('',*,*,#12281,.T.);
#12827 = ORIENTED_EDGE('',*,*,#12359,.T.);
#12828 = ORIENTED_EDGE('',*,*,#12437,.T.);
#12829 = ORIENTED_EDGE('',*,*,#12515,.T.);
#12830 = ORIENTED_EDGE('',*,*,#12593,.T.);
#12831 = ORIENTED_EDGE('',*,*,#12671,.T.);
#12832 = ORIENTED_EDGE('',*,*,#12742,.T.);
#12833 = ORIENTED_EDGE('',*,*,#12789,.T.);
#12834 = ADVANCED_FACE('',(#12835,#12849),#11298,.T.);
#12835 = FACE_BOUND('',#12836,.F.);
#12836 = EDGE_LOOP('',(#12837,#12838,#12839,#12840,#12841,#12842,#12843,
    #12844,#12845,#12846,#12847,#12848));
#12837 = ORIENTED_EDGE('',*,*,#11282,.T.);
#12838 = ORIENTED_EDGE('',*,*,#11370,.T.);
#12839 = ORIENTED_EDGE('',*,*,#11448,.T.);
#12840 = ORIENTED_EDGE('',*,*,#11526,.T.);
#12841 = ORIENTED_EDGE('',*,*,#11604,.T.);
#12842 = ORIENTED_EDGE('',*,*,#11682,.T.);
#12843 = ORIENTED_EDGE('',*,*,#11760,.T.);
#12844 = ORIENTED_EDGE('',*,*,#11838,.T.);
#12845 = ORIENTED_EDGE('',*,*,#11916,.T.);
#12846 = ORIENTED_EDGE('',*,*,#11994,.T.);
#12847 = ORIENTED_EDGE('',*,*,#12072,.T.);
#12848 = ORIENTED_EDGE('',*,*,#12143,.T.);
#12849 = FACE_BOUND('',#12850,.F.);
#12850 = EDGE_LOOP('',(#12851,#12852,#12853,#12854,#12855,#12856,#12857,
    #12858));
#12851 = ORIENTED_EDGE('',*,*,#12228,.T.);
#12852 = ORIENTED_EDGE('',*,*,#12306,.T.);
#12853 = ORIENTED_EDGE('',*,*,#12384,.T.);
#12854 = ORIENTED_EDGE('',*,*,#12462,.T.);
#12855 = ORIENTED_EDGE('',*,*,#12540,.T.);
#12856 = ORIENTED_EDGE('',*,*,#12618,.T.);
#12857 = ORIENTED_EDGE('',*,*,#12696,.T.);
#12858 = ORIENTED_EDGE('',*,*,#12767,.T.);
#12859 = MANIFOLD_SOLID_BREP('',#12860);
#12860 = CLOSED_SHELL('',(#12861,#12981,#13057,#13133,#13209,#13285,
    #13361,#13437,#13513,#13584,#13631,#13644));
#12861 = ADVANCED_FACE('',(#12862),#12876,.T.);
#12862 = FACE_BOUND('',#12863,.T.);
#12863 = EDGE_LOOP('',(#12864,#12899,#12927,#12955));
#12864 = ORIENTED_EDGE('',*,*,#12865,.T.);
#12865 = EDGE_CURVE('',#12866,#12868,#12870,.T.);
#12866 = VERTEX_POINT('',#12867);
#12867 = CARTESIAN_POINT('',(2.98453125,-1.3,8.7357421875));
#12868 = VERTEX_POINT('',#12869);
#12869 = CARTESIAN_POINT('',(2.98453125,-1.312,8.7357421875));
#12870 = SURFACE_CURVE('',#12871,(#12875,#12887),.PCURVE_S1.);
#12871 = LINE('',#12872,#12873);
#12872 = CARTESIAN_POINT('',(2.98453125,-1.3,8.7357421875));
#12873 = VECTOR('',#12874,1.);
#12874 = DIRECTION('',(0.,-1.,0.));
#12875 = PCURVE('',#12876,#12881);
#12876 = PLANE('',#12877);
#12877 = AXIS2_PLACEMENT_3D('',#12878,#12879,#12880);
#12878 = CARTESIAN_POINT('',(2.98453125,-1.3,8.7357421875));
#12879 = DIRECTION('',(0.,0.,-1.));
#12880 = DIRECTION('',(-1.,0.,0.));
#12881 = DEFINITIONAL_REPRESENTATION('',(#12882),#12886);
#12882 = LINE('',#12883,#12884);
#12883 = CARTESIAN_POINT('',(0.,-0.));
#12884 = VECTOR('',#12885,1.);
#12885 = DIRECTION('',(0.,-1.));
#12886 = ( GEOMETRIC_REPRESENTATION_CONTEXT(2) 
PARAMETRIC_REPRESENTATION_CONTEXT() REPRESENTATION_CONTEXT('2D SPACE',''
  ) );
#12887 = PCURVE('',#12888,#12893);
#12888 = PLANE('',#12889);
#12889 = AXIS2_PLACEMENT_3D('',#12890,#12891,#12892);
#12890 = CARTESIAN_POINT('',(2.98453125,-1.3,9.1857421875));
#12891 = DIRECTION('',(1.,0.,0.));
#12892 = DIRECTION('',(0.,0.,-1.));
#12893 = DEFINITIONAL_REPRESENTATION('',(#12894),#12898);
#12894 = LINE('',#12895,#12896);
#12895 = CARTESIAN_POINT('',(0.45,0.));
#12896 = VECTOR('',#12897,1.);
#12897 = DIRECTION('',(0.,-1.));
#12898 = ( GEOMETRIC_REPRESENTATION_CONTEXT(2) 
PARAMETRIC_REPRESENTATION_CONTEXT() REPRESENTATION_CONTEXT('2D SPACE',''
  ) );
#12899 = ORIENTED_EDGE('',*,*,#12900,.T.);
#12900 = EDGE_CURVE('',#12868,#12901,#12903,.T.);
#12901 = VERTEX_POINT('',#12902);
#12902 = CARTESIAN_POINT('',(2.911875,-1.312,8.7357421875));
#12903 = SURFACE_CURVE('',#12904,(#12908,#12915),.PCURVE_S1.);
#12904 = LINE('',#12905,#12906);
#12905 = CARTESIAN_POINT('',(2.98453125,-1.312,8.7357421875));
#12906 = VECTOR('',#12907,1.);
#12907 = DIRECTION('',(-1.,0.,0.));
#12908 = PCURVE('',#12876,#12909);
#12909 = DEFINITIONAL_REPRESENTATION('',(#12910),#12914);
#12910 = LINE('',#12911,#12912);
#12911 = CARTESIAN_POINT('',(-4.440892098501E-16,-1.2E-02));
#12912 = VECTOR('',#12913,1.);
#12913 = DIRECTION('',(1.,0.));
#12914 = ( GEOMETRIC_REPRESENTATION_CONTEXT(2) 
PARAMETRIC_REPRESENTATION_CONTEXT() REPRESENTATION_CONTEXT('2D SPACE',''
  ) );
#12915 = PCURVE('',#12916,#12921);
#12916 = PLANE('',#12917);
#12917 = AXIS2_PLACEMENT_3D('',#12918,#12919,#12920);
#12918 = CARTESIAN_POINT('',(2.8509375,-1.312,8.7357421875));
#12919 = DIRECTION('',(0.,-1.,0.));
#12920 = DIRECTION('',(1.,0.,0.));
#12921 = DEFINITIONAL_REPRESENTATION('',(#12922),#12926);
#12922 = LINE('',#12923,#12924);
#12923 = CARTESIAN_POINT('',(0.13359375,0.));
#12924 = VECTOR('',#12925,1.);
#12925 = DIRECTION('',(-1.,0.));
#12926 = ( GEOMETRIC_REPRESENTATION_CONTEXT(2) 
PARAMETRIC_REPRESENTATION_CONTEXT() REPRESENTATION_CONTEXT('2D SPACE',''
  ) );
#12927 = ORIENTED_EDGE('',*,*,#12928,.F.);
#12928 = EDGE_CURVE('',#12929,#12901,#12931,.T.);
#12929 = VERTEX_POINT('',#12930);
#12930 = CARTESIAN_POINT('',(2.911875,-1.3,8.7357421875));
#12931 = SURFACE_CURVE('',#12932,(#12936,#12943),.PCURVE_S1.);
#12932 = LINE('',#12933,#12934);
#12933 = CARTESIAN_POINT('',(2.911875,-1.3,8.7357421875));
#12934 = VECTOR('',#12935,1.);
#12935 = DIRECTION('',(0.,-1.,0.));
#12936 = PCURVE('',#12876,#12937);
#12937 = DEFINITIONAL_REPRESENTATION('',(#12938),#12942);
#12938 = LINE('',#12939,#12940);
#12939 = CARTESIAN_POINT('',(7.265625E-02,0.));
#12940 = VECTOR('',#12941,1.);
#12941 = DIRECTION('',(0.,-1.));
#12942 = ( GEOMETRIC_REPRESENTATION_CONTEXT(2) 
PARAMETRIC_REPRESENTATION_CONTEXT() REPRESENTATION_CONTEXT('2D SPACE',''
  ) );
#12943 = PCURVE('',#12944,#12949);
#12944 = PLANE('',#12945);
#12945 = AXIS2_PLACEMENT_3D('',#12946,#12947,#12948);
#12946 = CARTESIAN_POINT('',(2.911875,-1.3,8.7357421875));
#12947 = DIRECTION('',(-1.,0.,0.));
#12948 = DIRECTION('',(0.,0.,1.));
#12949 = DEFINITIONAL_REPRESENTATION('',(#12950),#12954);
#12950 = LINE('',#12951,#12952);
#12951 = CARTESIAN_POINT('',(0.,0.));
#12952 = VECTOR('',#12953,1.);
#12953 = DIRECTION('',(0.,-1.));
#12954 = ( GEOMETRIC_REPRESENTATION_CONTEXT(2) 
PARAMETRIC_REPRESENTATION_CONTEXT() REPRESENTATION_CONTEXT('2D SPACE',''
  ) );
#12955 = ORIENTED_EDGE('',*,*,#12956,.F.);
#12956 = EDGE_CURVE('',#12866,#12929,#12957,.T.);
#12957 = SURFACE_CURVE('',#12958,(#12962,#12969),.PCURVE_S1.);
#12958 = LINE('',#12959,#12960);
#12959 = CARTESIAN_POINT('',(2.98453125,-1.3,8.7357421875));
#12960 = VECTOR('',#12961,1.);
#12961 = DIRECTION('',(-1.,0.,0.));
#12962 = PCURVE('',#12876,#12963);
#12963 = DEFINITIONAL_REPRESENTATION('',(#12964),#12968);
#12964 = LINE('',#12965,#12966);
#12965 = CARTESIAN_POINT('',(-4.440892098501E-16,-0.));
#12966 = VECTOR('',#12967,1.);
#12967 = DIRECTION('',(1.,0.));
#12968 = ( GEOMETRIC_REPRESENTATION_CONTEXT(2) 
PARAMETRIC_REPRESENTATION_CONTEXT() REPRESENTATION_CONTEXT('2D SPACE',''
  ) );
#12969 = PCURVE('',#12970,#12975);
#12970 = PLANE('',#12971);
#12971 = AXIS2_PLACEMENT_3D('',#12972,#12973,#12974);
#12972 = CARTESIAN_POINT('',(2.8509375,-1.3,8.7357421875));
#12973 = DIRECTION('',(0.,-1.,0.));
#12974 = DIRECTION('',(1.,0.,0.));
#12975 = DEFINITIONAL_REPRESENTATION('',(#12976),#12980);
#12976 = LINE('',#12977,#12978);
#12977 = CARTESIAN_POINT('',(0.13359375,0.));
#12978 = VECTOR('',#12979,1.);
#12979 = DIRECTION('',(-1.,0.));
#12980 = ( GEOMETRIC_REPRESENTATION_CONTEXT(2) 
PARAMETRIC_REPRESENTATION_CONTEXT() REPRESENTATION_CONTEXT('2D SPACE',''
  ) );
#12981 = ADVANCED_FACE('',(#12982),#12944,.T.);
#12982 = FACE_BOUND('',#12983,.T.);
#12983 = EDGE_LOOP('',(#12984,#12985,#13008,#13036));
#12984 = ORIENTED_EDGE('',*,*,#12928,.T.);
#12985 = ORIENTED_EDGE('',*,*,#12986,.T.);
#12986 = EDGE_CURVE('',#12901,#12987,#12989,.T.);
#12987 = VERTEX_POINT('',#12988);
#12988 = CARTESIAN_POINT('',(2.911875,-1.312,9.3083984375));
#12989 = SURFACE_CURVE('',#12990,(#12994,#13001),.PCURVE_S1.);
#12990 = LINE('',#12991,#12992);
#12991 = CARTESIAN_POINT('',(2.911875,-1.312,8.7357421875));
#12992 = VECTOR('',#12993,1.);
#12993 = DIRECTION('',(0.,0.,1.));
#12994 = PCURVE('',#12944,#12995);
#12995 = DEFINITIONAL_REPRESENTATION('',(#12996),#13000);
#12996 = LINE('',#12997,#12998);
#12997 = CARTESIAN_POINT('',(0.,-1.2E-02));
#12998 = VECTOR('',#12999,1.);
#12999 = DIRECTION('',(1.,0.));
#13000 = ( GEOMETRIC_REPRESENTATION_CONTEXT(2) 
PARAMETRIC_REPRESENTATION_CONTEXT() REPRESENTATION_CONTEXT('2D SPACE',''
  ) );
#13001 = PCURVE('',#12916,#13002);
#13002 = DEFINITIONAL_REPRESENTATION('',(#13003),#13007);
#13003 = LINE('',#13004,#13005);
#13004 = CARTESIAN_POINT('',(6.09375E-02,0.));
#13005 = VECTOR('',#13006,1.);
#13006 = DIRECTION('',(0.,1.));
#13007 = ( GEOMETRIC_REPRESENTATION_CONTEXT(2) 
PARAMETRIC_REPRESENTATION_CONTEXT() REPRESENTATION_CONTEXT('2D SPACE',''
  ) );
#13008 = ORIENTED_EDGE('',*,*,#13009,.F.);
#13009 = EDGE_CURVE('',#13010,#12987,#13012,.T.);
#13010 = VERTEX_POINT('',#13011);
#13011 = CARTESIAN_POINT('',(2.911875,-1.3,9.3083984375));
#13012 = SURFACE_CURVE('',#13013,(#13017,#13024),.PCURVE_S1.);
#13013 = LINE('',#13014,#13015);
#13014 = CARTESIAN_POINT('',(2.911875,-1.3,9.3083984375));
#13015 = VECTOR('',#13016,1.);
#13016 = DIRECTION('',(0.,-1.,0.));
#13017 = PCURVE('',#12944,#13018);
#13018 = DEFINITIONAL_REPRESENTATION('',(#13019),#13023);
#13019 = LINE('',#13020,#13021);
#13020 = CARTESIAN_POINT('',(0.57265625,0.));
#13021 = VECTOR('',#13022,1.);
#13022 = DIRECTION('',(0.,-1.));
#13023 = ( GEOMETRIC_REPRESENTATION_CONTEXT(2) 
PARAMETRIC_REPRESENTATION_CONTEXT() REPRESENTATION_CONTEXT('2D SPACE',''
  ) );
#13024 = PCURVE('',#13025,#13030);
#13025 = PLANE('',#13026);
#13026 = AXIS2_PLACEMENT_3D('',#13027,#13028,#13029);
#13027 = CARTESIAN_POINT('',(2.911875,-1.3,9.3083984375));
#13028 = DIRECTION('',(0.,0.,1.));
#13029 = DIRECTION('',(1.,0.,0.));
#13030 = DEFINITIONAL_REPRESENTATION('',(#13031),#13035);
#13031 = LINE('',#13032,#13033);
#13032 = CARTESIAN_POINT('',(0.,0.));
#13033 = VECTOR('',#13034,1.);
#13034 = DIRECTION('',(0.,-1.));
#13035 = ( GEOMETRIC_REPRESENTATION_CONTEXT(2) 
PARAMETRIC_REPRESENTATION_CONTEXT() REPRESENTATION_CONTEXT('2D SPACE',''
  ) );
#13036 = ORIENTED_EDGE('',*,*,#13037,.F.);
#13037 = EDGE_CURVE('',#12929,#13010,#13038,.T.);
#13038 = SURFACE_CURVE('',#13039,(#13043,#13050),.PCURVE_S1.);
#13039 = LINE('',#13040,#13041);
#13040 = CARTESIAN_POINT('',(2.911875,-1.3,8.7357421875));
#13041 = VECTOR('',#13042,1.);
#13042 = DIRECTION('',(0.,0.,1.));
#13043 = PCURVE('',#12944,#13044);
#13044 = DEFINITIONAL_REPRESENTATION('',(#13045),#13049);
#13045 = LINE('',#13046,#13047);
#13046 = CARTESIAN_POINT('',(0.,0.));
#13047 = VECTOR('',#13048,1.);
#13048 = DIRECTION('',(1.,0.));
#13049 = ( GEOMETRIC_REPRESENTATION_CONTEXT(2) 
PARAMETRIC_REPRESENTATION_CONTEXT() REPRESENTATION_CONTEXT('2D SPACE',''
  ) );
#13050 = PCURVE('',#12970,#13051);
#13051 = DEFINITIONAL_REPRESENTATION('',(#13052),#13056);
#13052 = LINE('',#13053,#13054);
#13053 = CARTESIAN_POINT('',(6.09375E-02,0.));
#13054 = VECTOR('',#13055,1.);
#13055 = DIRECTION('',(0.,1.));
#13056 = ( GEOMETRIC_REPRESENTATION_CONTEXT(2) 
PARAMETRIC_REPRESENTATION_CONTEXT() REPRESENTATION_CONTEXT('2D SPACE',''
  ) );
#13057 = ADVANCED_FACE('',(#13058),#13025,.T.);
#13058 = FACE_BOUND('',#13059,.T.);
#13059 = EDGE_LOOP('',(#13060,#13061,#13084,#13112));
#13060 = ORIENTED_EDGE('',*,*,#13009,.T.);
#13061 = ORIENTED_EDGE('',*,*,#13062,.T.);
#13062 = EDGE_CURVE('',#12987,#13063,#13065,.T.);
#13063 = VERTEX_POINT('',#13064);
#13064 = CARTESIAN_POINT('',(2.989609375,-1.312,9.3083984375));
#13065 = SURFACE_CURVE('',#13066,(#13070,#13077),.PCURVE_S1.);
#13066 = LINE('',#13067,#13068);
#13067 = CARTESIAN_POINT('',(2.911875,-1.312,9.3083984375));
#13068 = VECTOR('',#13069,1.);
#13069 = DIRECTION('',(1.,0.,0.));
#13070 = PCURVE('',#13025,#13071);
#13071 = DEFINITIONAL_REPRESENTATION('',(#13072),#13076);
#13072 = LINE('',#13073,#13074);
#13073 = CARTESIAN_POINT('',(0.,-1.2E-02));
#13074 = VECTOR('',#13075,1.);
#13075 = DIRECTION('',(1.,0.));
#13076 = ( GEOMETRIC_REPRESENTATION_CONTEXT(2) 
PARAMETRIC_REPRESENTATION_CONTEXT() REPRESENTATION_CONTEXT('2D SPACE',''
  ) );
#13077 = PCURVE('',#12916,#13078);
#13078 = DEFINITIONAL_REPRESENTATION('',(#13079),#13083);
#13079 = LINE('',#13080,#13081);
#13080 = CARTESIAN_POINT('',(6.09375E-02,0.57265625));
#13081 = VECTOR('',#13082,1.);
#13082 = DIRECTION('',(1.,0.));
#13083 = ( GEOMETRIC_REPRESENTATION_CONTEXT(2) 
PARAMETRIC_REPRESENTATION_CONTEXT() REPRESENTATION_CONTEXT('2D SPACE',''
  ) );
#13084 = ORIENTED_EDGE('',*,*,#13085,.F.);
#13085 = EDGE_CURVE('',#13086,#13063,#13088,.T.);
#13086 = VERTEX_POINT('',#13087);
#13087 = CARTESIAN_POINT('',(2.989609375,-1.3,9.3083984375));
#13088 = SURFACE_CURVE('',#13089,(#13093,#13100),.PCURVE_S1.);
#13089 = LINE('',#13090,#13091);
#13090 = CARTESIAN_POINT('',(2.989609375,-1.3,9.3083984375));
#13091 = VECTOR('',#13092,1.);
#13092 = DIRECTION('',(0.,-1.,0.));
#13093 = PCURVE('',#13025,#13094);
#13094 = DEFINITIONAL_REPRESENTATION('',(#13095),#13099);
#13095 = LINE('',#13096,#13097);
#13096 = CARTESIAN_POINT('',(7.7734375E-02,0.));
#13097 = VECTOR('',#13098,1.);
#13098 = DIRECTION('',(0.,-1.));
#13099 = ( GEOMETRIC_REPRESENTATION_CONTEXT(2) 
PARAMETRIC_REPRESENTATION_CONTEXT() REPRESENTATION_CONTEXT('2D SPACE',''
  ) );
#13100 = PCURVE('',#13101,#13106);
#13101 = PLANE('',#13102);
#13102 = AXIS2_PLACEMENT_3D('',#13103,#13104,#13105);
#13103 = CARTESIAN_POINT('',(2.989609375,-1.3,9.3083984375));
#13104 = DIRECTION('',(0.831160462884,0.,0.556032629383));
#13105 = DIRECTION('',(0.556032629383,0.,-0.831160462884));
#13106 = DEFINITIONAL_REPRESENTATION('',(#13107),#13111);
#13107 = LINE('',#13108,#13109);
#13108 = CARTESIAN_POINT('',(0.,0.));
#13109 = VECTOR('',#13110,1.);
#13110 = DIRECTION('',(0.,-1.));
#13111 = ( GEOMETRIC_REPRESENTATION_CONTEXT(2) 
PARAMETRIC_REPRESENTATION_CONTEXT() REPRESENTATION_CONTEXT('2D SPACE',''
  ) );
#13112 = ORIENTED_EDGE('',*,*,#13113,.F.);
#13113 = EDGE_CURVE('',#13010,#13086,#13114,.T.);
#13114 = SURFACE_CURVE('',#13115,(#13119,#13126),.PCURVE_S1.);
#13115 = LINE('',#13116,#13117);
#13116 = CARTESIAN_POINT('',(2.911875,-1.3,9.3083984375));
#13117 = VECTOR('',#13118,1.);
#13118 = DIRECTION('',(1.,0.,0.));
#13119 = PCURVE('',#13025,#13120);
#13120 = DEFINITIONAL_REPRESENTATION('',(#13121),#13125);
#13121 = LINE('',#13122,#13123);
#13122 = CARTESIAN_POINT('',(0.,0.));
#13123 = VECTOR('',#13124,1.);
#13124 = DIRECTION('',(1.,0.));
#13125 = ( GEOMETRIC_REPRESENTATION_CONTEXT(2) 
PARAMETRIC_REPRESENTATION_CONTEXT() REPRESENTATION_CONTEXT('2D SPACE',''
  ) );
#13126 = PCURVE('',#12970,#13127);
#13127 = DEFINITIONAL_REPRESENTATION('',(#13128),#13132);
#13128 = LINE('',#13129,#13130);
#13129 = CARTESIAN_POINT('',(6.09375E-02,0.57265625));
#13130 = VECTOR('',#13131,1.);
#13131 = DIRECTION('',(1.,0.));
#13132 = ( GEOMETRIC_REPRESENTATION_CONTEXT(2) 
PARAMETRIC_REPRESENTATION_CONTEXT() REPRESENTATION_CONTEXT('2D SPACE',''
  ) );
#13133 = ADVANCED_FACE('',(#13134),#13101,.T.);
#13134 = FACE_BOUND('',#13135,.T.);
#13135 = EDGE_LOOP('',(#13136,#13137,#13160,#13188));
#13136 = ORIENTED_EDGE('',*,*,#13085,.T.);
#13137 = ORIENTED_EDGE('',*,*,#13138,.T.);
#13138 = EDGE_CURVE('',#13063,#13139,#13141,.T.);
#13139 = VERTEX_POINT('',#13140);
#13140 = CARTESIAN_POINT('',(3.290390625,-1.312,8.8587890625));
#13141 = SURFACE_CURVE('',#13142,(#13146,#13153),.PCURVE_S1.);
#13142 = LINE('',#13143,#13144);
#13143 = CARTESIAN_POINT('',(2.989609375,-1.312,9.3083984375));
#13144 = VECTOR('',#13145,1.);
#13145 = DIRECTION('',(0.556032629383,0.,-0.831160462884));
#13146 = PCURVE('',#13101,#13147);
#13147 = DEFINITIONAL_REPRESENTATION('',(#13148),#13152);
#13148 = LINE('',#13149,#13150);
#13149 = CARTESIAN_POINT('',(0.,-1.2E-02));
#13150 = VECTOR('',#13151,1.);
#13151 = DIRECTION('',(1.,0.));
#13152 = ( GEOMETRIC_REPRESENTATION_CONTEXT(2) 
PARAMETRIC_REPRESENTATION_CONTEXT() REPRESENTATION_CONTEXT('2D SPACE',''
  ) );
#13153 = PCURVE('',#12916,#13154);
#13154 = DEFINITIONAL_REPRESENTATION('',(#13155),#13159);
#13155 = LINE('',#13156,#13157);
#13156 = CARTESIAN_POINT('',(0.138671875,0.57265625));
#13157 = VECTOR('',#13158,1.);
#13158 = DIRECTION('',(0.556032629383,-0.831160462884));
#13159 = ( GEOMETRIC_REPRESENTATION_CONTEXT(2) 
PARAMETRIC_REPRESENTATION_CONTEXT() REPRESENTATION_CONTEXT('2D SPACE',''
  ) );
#13160 = ORIENTED_EDGE('',*,*,#13161,.F.);
#13161 = EDGE_CURVE('',#13162,#13139,#13164,.T.);
#13162 = VERTEX_POINT('',#13163);
#13163 = CARTESIAN_POINT('',(3.290390625,-1.3,8.8587890625));
#13164 = SURFACE_CURVE('',#13165,(#13169,#13176),.PCURVE_S1.);
#13165 = LINE('',#13166,#13167);
#13166 = CARTESIAN_POINT('',(3.290390625,-1.3,8.8587890625));
#13167 = VECTOR('',#13168,1.);
#13168 = DIRECTION('',(0.,-1.,0.));
#13169 = PCURVE('',#13101,#13170);
#13170 = DEFINITIONAL_REPRESENTATION('',(#13171),#13175);
#13171 = LINE('',#13172,#13173);
#13172 = CARTESIAN_POINT('',(0.540941725549,0.));
#13173 = VECTOR('',#13174,1.);
#13174 = DIRECTION('',(0.,-1.));
#13175 = ( GEOMETRIC_REPRESENTATION_CONTEXT(2) 
PARAMETRIC_REPRESENTATION_CONTEXT() REPRESENTATION_CONTEXT('2D SPACE',''
  ) );
#13176 = PCURVE('',#13177,#13182);
#13177 = PLANE('',#13178);
#13178 = AXIS2_PLACEMENT_3D('',#13179,#13180,#13181);
#13179 = CARTESIAN_POINT('',(3.290390625,-1.3,8.8587890625));
#13180 = DIRECTION('',(-1.,0.,0.));
#13181 = DIRECTION('',(0.,0.,1.));
#13182 = DEFINITIONAL_REPRESENTATION('',(#13183),#13187);
#13183 = LINE('',#13184,#13185);
#13184 = CARTESIAN_POINT('',(0.,0.));
#13185 = VECTOR('',#13186,1.);
#13186 = DIRECTION('',(0.,-1.));
#13187 = ( GEOMETRIC_REPRESENTATION_CONTEXT(2) 
PARAMETRIC_REPRESENTATION_CONTEXT() REPRESENTATION_CONTEXT('2D SPACE',''
  ) );
#13188 = ORIENTED_EDGE('',*,*,#13189,.F.);
#13189 = EDGE_CURVE('',#13086,#13162,#13190,.T.);
#13190 = SURFACE_CURVE('',#13191,(#13195,#13202),.PCURVE_S1.);
#13191 = LINE('',#13192,#13193);
#13192 = CARTESIAN_POINT('',(2.989609375,-1.3,9.3083984375));
#13193 = VECTOR('',#13194,1.);
#13194 = DIRECTION('',(0.556032629383,0.,-0.831160462884));
#13195 = PCURVE('',#13101,#13196);
#13196 = DEFINITIONAL_REPRESENTATION('',(#13197),#13201);
#13197 = LINE('',#13198,#13199);
#13198 = CARTESIAN_POINT('',(0.,0.));
#13199 = VECTOR('',#13200,1.);
#13200 = DIRECTION('',(1.,0.));
#13201 = ( GEOMETRIC_REPRESENTATION_CONTEXT(2) 
PARAMETRIC_REPRESENTATION_CONTEXT() REPRESENTATION_CONTEXT('2D SPACE',''
  ) );
#13202 = PCURVE('',#12970,#13203);
#13203 = DEFINITIONAL_REPRESENTATION('',(#13204),#13208);
#13204 = LINE('',#13205,#13206);
#13205 = CARTESIAN_POINT('',(0.138671875,0.57265625));
#13206 = VECTOR('',#13207,1.);
#13207 = DIRECTION('',(0.556032629383,-0.831160462884));
#13208 = ( GEOMETRIC_REPRESENTATION_CONTEXT(2) 
PARAMETRIC_REPRESENTATION_CONTEXT() REPRESENTATION_CONTEXT('2D SPACE',''
  ) );
#13209 = ADVANCED_FACE('',(#13210),#13177,.T.);
#13210 = FACE_BOUND('',#13211,.T.);
#13211 = EDGE_LOOP('',(#13212,#13213,#13236,#13264));
#13212 = ORIENTED_EDGE('',*,*,#13161,.T.);
#13213 = ORIENTED_EDGE('',*,*,#13214,.T.);
#13214 = EDGE_CURVE('',#13139,#13215,#13217,.T.);
#13215 = VERTEX_POINT('',#13216);
#13216 = CARTESIAN_POINT('',(3.290390625,-1.312,9.3083984375));
#13217 = SURFACE_CURVE('',#13218,(#13222,#13229),.PCURVE_S1.);
#13218 = LINE('',#13219,#13220);
#13219 = CARTESIAN_POINT('',(3.290390625,-1.312,8.8587890625));
#13220 = VECTOR('',#13221,1.);
#13221 = DIRECTION('',(0.,0.,1.));
#13222 = PCURVE('',#13177,#13223);
#13223 = DEFINITIONAL_REPRESENTATION('',(#13224),#13228);
#13224 = LINE('',#13225,#13226);
#13225 = CARTESIAN_POINT('',(0.,-1.2E-02));
#13226 = VECTOR('',#13227,1.);
#13227 = DIRECTION('',(1.,0.));
#13228 = ( GEOMETRIC_REPRESENTATION_CONTEXT(2) 
PARAMETRIC_REPRESENTATION_CONTEXT() REPRESENTATION_CONTEXT('2D SPACE',''
  ) );
#13229 = PCURVE('',#12916,#13230);
#13230 = DEFINITIONAL_REPRESENTATION('',(#13231),#13235);
#13231 = LINE('',#13232,#13233);
#13232 = CARTESIAN_POINT('',(0.439453125,0.123046875));
#13233 = VECTOR('',#13234,1.);
#13234 = DIRECTION('',(0.,1.));
#13235 = ( GEOMETRIC_REPRESENTATION_CONTEXT(2) 
PARAMETRIC_REPRESENTATION_CONTEXT() REPRESENTATION_CONTEXT('2D SPACE',''
  ) );
#13236 = ORIENTED_EDGE('',*,*,#13237,.F.);
#13237 = EDGE_CURVE('',#13238,#13215,#13240,.T.);
#13238 = VERTEX_POINT('',#13239);
#13239 = CARTESIAN_POINT('',(3.290390625,-1.3,9.3083984375));
#13240 = SURFACE_CURVE('',#13241,(#13245,#13252),.PCURVE_S1.);
#13241 = LINE('',#13242,#13243);
#13242 = CARTESIAN_POINT('',(3.290390625,-1.3,9.3083984375));
#13243 = VECTOR('',#13244,1.);
#13244 = DIRECTION('',(0.,-1.,0.));
#13245 = PCURVE('',#13177,#13246);
#13246 = DEFINITIONAL_REPRESENTATION('',(#13247),#13251);
#13247 = LINE('',#13248,#13249);
#13248 = CARTESIAN_POINT('',(0.449609375,0.));
#13249 = VECTOR('',#13250,1.);
#13250 = DIRECTION('',(0.,-1.));
#13251 = ( GEOMETRIC_REPRESENTATION_CONTEXT(2) 
PARAMETRIC_REPRESENTATION_CONTEXT() REPRESENTATION_CONTEXT('2D SPACE',''
  ) );
#13252 = PCURVE('',#13253,#13258);
#13253 = PLANE('',#13254);
#13254 = AXIS2_PLACEMENT_3D('',#13255,#13256,#13257);
#13255 = CARTESIAN_POINT('',(3.290390625,-1.3,9.3083984375));
#13256 = DIRECTION('',(0.,0.,1.));
#13257 = DIRECTION('',(1.,0.,0.));
#13258 = DEFINITIONAL_REPRESENTATION('',(#13259),#13263);
#13259 = LINE('',#13260,#13261);
#13260 = CARTESIAN_POINT('',(0.,0.));
#13261 = VECTOR('',#13262,1.);
#13262 = DIRECTION('',(0.,-1.));
#13263 = ( GEOMETRIC_REPRESENTATION_CONTEXT(2) 
PARAMETRIC_REPRESENTATION_CONTEXT() REPRESENTATION_CONTEXT('2D SPACE',''
  ) );
#13264 = ORIENTED_EDGE('',*,*,#13265,.F.);
#13265 = EDGE_CURVE('',#13162,#13238,#13266,.T.);
#13266 = SURFACE_CURVE('',#13267,(#13271,#13278),.PCURVE_S1.);
#13267 = LINE('',#13268,#13269);
#13268 = CARTESIAN_POINT('',(3.290390625,-1.3,8.8587890625));
#13269 = VECTOR('',#13270,1.);
#13270 = DIRECTION('',(0.,0.,1.));
#13271 = PCURVE('',#13177,#13272);
#13272 = DEFINITIONAL_REPRESENTATION('',(#13273),#13277);
#13273 = LINE('',#13274,#13275);
#13274 = CARTESIAN_POINT('',(0.,0.));
#13275 = VECTOR('',#13276,1.);
#13276 = DIRECTION('',(1.,0.));
#13277 = ( GEOMETRIC_REPRESENTATION_CONTEXT(2) 
PARAMETRIC_REPRESENTATION_CONTEXT() REPRESENTATION_CONTEXT('2D SPACE',''
  ) );
#13278 = PCURVE('',#12970,#13279);
#13279 = DEFINITIONAL_REPRESENTATION('',(#13280),#13284);
#13280 = LINE('',#13281,#13282);
#13281 = CARTESIAN_POINT('',(0.439453125,0.123046875));
#13282 = VECTOR('',#13283,1.);
#13283 = DIRECTION('',(0.,1.));
#13284 = ( GEOMETRIC_REPRESENTATION_CONTEXT(2) 
PARAMETRIC_REPRESENTATION_CONTEXT() REPRESENTATION_CONTEXT('2D SPACE',''
  ) );
#13285 = ADVANCED_FACE('',(#13286),#13253,.T.);
#13286 = FACE_BOUND('',#13287,.T.);
#13287 = EDGE_LOOP('',(#13288,#13289,#13312,#13340));
#13288 = ORIENTED_EDGE('',*,*,#13237,.T.);
#13289 = ORIENTED_EDGE('',*,*,#13290,.T.);
#13290 = EDGE_CURVE('',#13215,#13291,#13293,.T.);
#13291 = VERTEX_POINT('',#13292);
#13292 = CARTESIAN_POINT('',(3.363046875,-1.312,9.3083984375));
#13293 = SURFACE_CURVE('',#13294,(#13298,#13305),.PCURVE_S1.);
#13294 = LINE('',#13295,#13296);
#13295 = CARTESIAN_POINT('',(3.290390625,-1.312,9.3083984375));
#13296 = VECTOR('',#13297,1.);
#13297 = DIRECTION('',(1.,0.,0.));
#13298 = PCURVE('',#13253,#13299);
#13299 = DEFINITIONAL_REPRESENTATION('',(#13300),#13304);
#13300 = LINE('',#13301,#13302);
#13301 = CARTESIAN_POINT('',(0.,-1.2E-02));
#13302 = VECTOR('',#13303,1.);
#13303 = DIRECTION('',(1.,0.));
#13304 = ( GEOMETRIC_REPRESENTATION_CONTEXT(2) 
PARAMETRIC_REPRESENTATION_CONTEXT() REPRESENTATION_CONTEXT('2D SPACE',''
  ) );
#13305 = PCURVE('',#12916,#13306);
#13306 = DEFINITIONAL_REPRESENTATION('',(#13307),#13311);
#13307 = LINE('',#13308,#13309);
#13308 = CARTESIAN_POINT('',(0.439453125,0.57265625));
#13309 = VECTOR('',#13310,1.);
#13310 = DIRECTION('',(1.,0.));
#13311 = ( GEOMETRIC_REPRESENTATION_CONTEXT(2) 
PARAMETRIC_REPRESENTATION_CONTEXT() REPRESENTATION_CONTEXT('2D SPACE',''
  ) );
#13312 = ORIENTED_EDGE('',*,*,#13313,.F.);
#13313 = EDGE_CURVE('',#13314,#13291,#13316,.T.);
#13314 = VERTEX_POINT('',#13315);
#13315 = CARTESIAN_POINT('',(3.363046875,-1.3,9.3083984375));
#13316 = SURFACE_CURVE('',#13317,(#13321,#13328),.PCURVE_S1.);
#13317 = LINE('',#13318,#13319);
#13318 = CARTESIAN_POINT('',(3.363046875,-1.3,9.3083984375));
#13319 = VECTOR('',#13320,1.);
#13320 = DIRECTION('',(0.,-1.,0.));
#13321 = PCURVE('',#13253,#13322);
#13322 = DEFINITIONAL_REPRESENTATION('',(#13323),#13327);
#13323 = LINE('',#13324,#13325);
#13324 = CARTESIAN_POINT('',(7.265625E-02,0.));
#13325 = VECTOR('',#13326,1.);
#13326 = DIRECTION('',(0.,-1.));
#13327 = ( GEOMETRIC_REPRESENTATION_CONTEXT(2) 
PARAMETRIC_REPRESENTATION_CONTEXT() REPRESENTATION_CONTEXT('2D SPACE',''
  ) );
#13328 = PCURVE('',#13329,#13334);
#13329 = PLANE('',#13330);
#13330 = AXIS2_PLACEMENT_3D('',#13331,#13332,#13333);
#13331 = CARTESIAN_POINT('',(3.363046875,-1.3,9.3083984375));
#13332 = DIRECTION('',(1.,0.,0.));
#13333 = DIRECTION('',(0.,0.,-1.));
#13334 = DEFINITIONAL_REPRESENTATION('',(#13335),#13339);
#13335 = LINE('',#13336,#13337);
#13336 = CARTESIAN_POINT('',(0.,0.));
#13337 = VECTOR('',#13338,1.);
#13338 = DIRECTION('',(0.,-1.));
#13339 = ( GEOMETRIC_REPRESENTATION_CONTEXT(2) 
PARAMETRIC_REPRESENTATION_CONTEXT() REPRESENTATION_CONTEXT('2D SPACE',''
  ) );
#13340 = ORIENTED_EDGE('',*,*,#13341,.F.);
#13341 = EDGE_CURVE('',#13238,#13314,#13342,.T.);
#13342 = SURFACE_CURVE('',#13343,(#13347,#13354),.PCURVE_S1.);
#13343 = LINE('',#13344,#13345);
#13344 = CARTESIAN_POINT('',(3.290390625,-1.3,9.3083984375));
#13345 = VECTOR('',#13346,1.);
#13346 = DIRECTION('',(1.,0.,0.));
#13347 = PCURVE('',#13253,#13348);
#13348 = DEFINITIONAL_REPRESENTATION('',(#13349),#13353);
#13349 = LINE('',#13350,#13351);
#13350 = CARTESIAN_POINT('',(0.,0.));
#13351 = VECTOR('',#13352,1.);
#13352 = DIRECTION('',(1.,0.));
#13353 = ( GEOMETRIC_REPRESENTATION_CONTEXT(2) 
PARAMETRIC_REPRESENTATION_CONTEXT() REPRESENTATION_CONTEXT('2D SPACE',''
  ) );
#13354 = PCURVE('',#12970,#13355);
#13355 = DEFINITIONAL_REPRESENTATION('',(#13356),#13360);
#13356 = LINE('',#13357,#13358);
#13357 = CARTESIAN_POINT('',(0.439453125,0.57265625));
#13358 = VECTOR('',#13359,1.);
#13359 = DIRECTION('',(1.,0.));
#13360 = ( GEOMETRIC_REPRESENTATION_CONTEXT(2) 
PARAMETRIC_REPRESENTATION_CONTEXT() REPRESENTATION_CONTEXT('2D SPACE',''
  ) );
#13361 = ADVANCED_FACE('',(#13362),#13329,.T.);
#13362 = FACE_BOUND('',#13363,.T.);
#13363 = EDGE_LOOP('',(#13364,#13365,#13388,#13416));
#13364 = ORIENTED_EDGE('',*,*,#13313,.T.);
#13365 = ORIENTED_EDGE('',*,*,#13366,.T.);
#13366 = EDGE_CURVE('',#13291,#13367,#13369,.T.);
#13367 = VERTEX_POINT('',#13368);
#13368 = CARTESIAN_POINT('',(3.363046875,-1.312,8.7357421875));
#13369 = SURFACE_CURVE('',#13370,(#13374,#13381),.PCURVE_S1.);
#13370 = LINE('',#13371,#13372);
#13371 = CARTESIAN_POINT('',(3.363046875,-1.312,9.3083984375));
#13372 = VECTOR('',#13373,1.);
#13373 = DIRECTION('',(0.,0.,-1.));
#13374 = PCURVE('',#13329,#13375);
#13375 = DEFINITIONAL_REPRESENTATION('',(#13376),#13380);
#13376 = LINE('',#13377,#13378);
#13377 = CARTESIAN_POINT('',(0.,-1.2E-02));
#13378 = VECTOR('',#13379,1.);
#13379 = DIRECTION('',(1.,0.));
#13380 = ( GEOMETRIC_REPRESENTATION_CONTEXT(2) 
PARAMETRIC_REPRESENTATION_CONTEXT() REPRESENTATION_CONTEXT('2D SPACE',''
  ) );
#13381 = PCURVE('',#12916,#13382);
#13382 = DEFINITIONAL_REPRESENTATION('',(#13383),#13387);
#13383 = LINE('',#13384,#13385);
#13384 = CARTESIAN_POINT('',(0.512109375,0.57265625));
#13385 = VECTOR('',#13386,1.);
#13386 = DIRECTION('',(0.,-1.));
#13387 = ( GEOMETRIC_REPRESENTATION_CONTEXT(2) 
PARAMETRIC_REPRESENTATION_CONTEXT() REPRESENTATION_CONTEXT('2D SPACE',''
  ) );
#13388 = ORIENTED_EDGE('',*,*,#13389,.F.);
#13389 = EDGE_CURVE('',#13390,#13367,#13392,.T.);
#13390 = VERTEX_POINT('',#13391);
#13391 = CARTESIAN_POINT('',(3.363046875,-1.3,8.7357421875));
#13392 = SURFACE_CURVE('',#13393,(#13397,#13404),.PCURVE_S1.);
#13393 = LINE('',#13394,#13395);
#13394 = CARTESIAN_POINT('',(3.363046875,-1.3,8.7357421875));
#13395 = VECTOR('',#13396,1.);
#13396 = DIRECTION('',(0.,-1.,0.));
#13397 = PCURVE('',#13329,#13398);
#13398 = DEFINITIONAL_REPRESENTATION('',(#13399),#13403);
#13399 = LINE('',#13400,#13401);
#13400 = CARTESIAN_POINT('',(0.57265625,0.));
#13401 = VECTOR('',#13402,1.);
#13402 = DIRECTION('',(0.,-1.));
#13403 = ( GEOMETRIC_REPRESENTATION_CONTEXT(2) 
PARAMETRIC_REPRESENTATION_CONTEXT() REPRESENTATION_CONTEXT('2D SPACE',''
  ) );
#13404 = PCURVE('',#13405,#13410);
#13405 = PLANE('',#13406);
#13406 = AXIS2_PLACEMENT_3D('',#13407,#13408,#13409);
#13407 = CARTESIAN_POINT('',(3.363046875,-1.3,8.7357421875));
#13408 = DIRECTION('',(0.,0.,-1.));
#13409 = DIRECTION('',(-1.,0.,0.));
#13410 = DEFINITIONAL_REPRESENTATION('',(#13411),#13415);
#13411 = LINE('',#13412,#13413);
#13412 = CARTESIAN_POINT('',(0.,-0.));
#13413 = VECTOR('',#13414,1.);
#13414 = DIRECTION('',(0.,-1.));
#13415 = ( GEOMETRIC_REPRESENTATION_CONTEXT(2) 
PARAMETRIC_REPRESENTATION_CONTEXT() REPRESENTATION_CONTEXT('2D SPACE',''
  ) );
#13416 = ORIENTED_EDGE('',*,*,#13417,.F.);
#13417 = EDGE_CURVE('',#13314,#13390,#13418,.T.);
#13418 = SURFACE_CURVE('',#13419,(#13423,#13430),.PCURVE_S1.);
#13419 = LINE('',#13420,#13421);
#13420 = CARTESIAN_POINT('',(3.363046875,-1.3,9.3083984375));
#13421 = VECTOR('',#13422,1.);
#13422 = DIRECTION('',(0.,0.,-1.));
#13423 = PCURVE('',#13329,#13424);
#13424 = DEFINITIONAL_REPRESENTATION('',(#13425),#13429);
#13425 = LINE('',#13426,#13427);
#13426 = CARTESIAN_POINT('',(0.,0.));
#13427 = VECTOR('',#13428,1.);
#13428 = DIRECTION('',(1.,0.));
#13429 = ( GEOMETRIC_REPRESENTATION_CONTEXT(2) 
PARAMETRIC_REPRESENTATION_CONTEXT() REPRESENTATION_CONTEXT('2D SPACE',''
  ) );
#13430 = PCURVE('',#12970,#13431);
#13431 = DEFINITIONAL_REPRESENTATION('',(#13432),#13436);
#13432 = LINE('',#13433,#13434);
#13433 = CARTESIAN_POINT('',(0.512109375,0.57265625));
#13434 = VECTOR('',#13435,1.);
#13435 = DIRECTION('',(0.,-1.));
#13436 = ( GEOMETRIC_REPRESENTATION_CONTEXT(2) 
PARAMETRIC_REPRESENTATION_CONTEXT() REPRESENTATION_CONTEXT('2D SPACE',''
  ) );
#13437 = ADVANCED_FACE('',(#13438),#13405,.T.);
#13438 = FACE_BOUND('',#13439,.T.);
#13439 = EDGE_LOOP('',(#13440,#13441,#13464,#13492));
#13440 = ORIENTED_EDGE('',*,*,#13389,.T.);
#13441 = ORIENTED_EDGE('',*,*,#13442,.T.);
#13442 = EDGE_CURVE('',#13367,#13443,#13445,.T.);
#13443 = VERTEX_POINT('',#13444);
#13444 = CARTESIAN_POINT('',(3.2853125,-1.312,8.7357421875));
#13445 = SURFACE_CURVE('',#13446,(#13450,#13457),.PCURVE_S1.);
#13446 = LINE('',#13447,#13448);
#13447 = CARTESIAN_POINT('',(3.363046875,-1.312,8.7357421875));
#13448 = VECTOR('',#13449,1.);
#13449 = DIRECTION('',(-1.,0.,0.));
#13450 = PCURVE('',#13405,#13451);
#13451 = DEFINITIONAL_REPRESENTATION('',(#13452),#13456);
#13452 = LINE('',#13453,#13454);
#13453 = CARTESIAN_POINT('',(0.,-1.2E-02));
#13454 = VECTOR('',#13455,1.);
#13455 = DIRECTION('',(1.,0.));
#13456 = ( GEOMETRIC_REPRESENTATION_CONTEXT(2) 
PARAMETRIC_REPRESENTATION_CONTEXT() REPRESENTATION_CONTEXT('2D SPACE',''
  ) );
#13457 = PCURVE('',#12916,#13458);
#13458 = DEFINITIONAL_REPRESENTATION('',(#13459),#13463);
#13459 = LINE('',#13460,#13461);
#13460 = CARTESIAN_POINT('',(0.512109375,0.));
#13461 = VECTOR('',#13462,1.);
#13462 = DIRECTION('',(-1.,0.));
#13463 = ( GEOMETRIC_REPRESENTATION_CONTEXT(2) 
PARAMETRIC_REPRESENTATION_CONTEXT() REPRESENTATION_CONTEXT('2D SPACE',''
  ) );
#13464 = ORIENTED_EDGE('',*,*,#13465,.F.);
#13465 = EDGE_CURVE('',#13466,#13443,#13468,.T.);
#13466 = VERTEX_POINT('',#13467);
#13467 = CARTESIAN_POINT('',(3.2853125,-1.3,8.7357421875));
#13468 = SURFACE_CURVE('',#13469,(#13473,#13480),.PCURVE_S1.);
#13469 = LINE('',#13470,#13471);
#13470 = CARTESIAN_POINT('',(3.2853125,-1.3,8.7357421875));
#13471 = VECTOR('',#13472,1.);
#13472 = DIRECTION('',(0.,-1.,0.));
#13473 = PCURVE('',#13405,#13474);
#13474 = DEFINITIONAL_REPRESENTATION('',(#13475),#13479);
#13475 = LINE('',#13476,#13477);
#13476 = CARTESIAN_POINT('',(7.7734375E-02,0.));
#13477 = VECTOR('',#13478,1.);
#13478 = DIRECTION('',(0.,-1.));
#13479 = ( GEOMETRIC_REPRESENTATION_CONTEXT(2) 
PARAMETRIC_REPRESENTATION_CONTEXT() REPRESENTATION_CONTEXT('2D SPACE',''
  ) );
#13480 = PCURVE('',#13481,#13486);
#13481 = PLANE('',#13482);
#13482 = AXIS2_PLACEMENT_3D('',#13483,#13484,#13485);
#13483 = CARTESIAN_POINT('',(3.2853125,-1.3,8.7357421875));
#13484 = DIRECTION('',(-0.831383521609,-0.,-0.555699055242));
#13485 = DIRECTION('',(-0.555699055242,0.,0.831383521609));
#13486 = DEFINITIONAL_REPRESENTATION('',(#13487),#13491);
#13487 = LINE('',#13488,#13489);
#13488 = CARTESIAN_POINT('',(0.,0.));
#13489 = VECTOR('',#13490,1.);
#13490 = DIRECTION('',(0.,-1.));
#13491 = ( GEOMETRIC_REPRESENTATION_CONTEXT(2) 
PARAMETRIC_REPRESENTATION_CONTEXT() REPRESENTATION_CONTEXT('2D SPACE',''
  ) );
#13492 = ORIENTED_EDGE('',*,*,#13493,.F.);
#13493 = EDGE_CURVE('',#13390,#13466,#13494,.T.);
#13494 = SURFACE_CURVE('',#13495,(#13499,#13506),.PCURVE_S1.);
#13495 = LINE('',#13496,#13497);
#13496 = CARTESIAN_POINT('',(3.363046875,-1.3,8.7357421875));
#13497 = VECTOR('',#13498,1.);
#13498 = DIRECTION('',(-1.,0.,0.));
#13499 = PCURVE('',#13405,#13500);
#13500 = DEFINITIONAL_REPRESENTATION('',(#13501),#13505);
#13501 = LINE('',#13502,#13503);
#13502 = CARTESIAN_POINT('',(0.,-0.));
#13503 = VECTOR('',#13504,1.);
#13504 = DIRECTION('',(1.,0.));
#13505 = ( GEOMETRIC_REPRESENTATION_CONTEXT(2) 
PARAMETRIC_REPRESENTATION_CONTEXT() REPRESENTATION_CONTEXT('2D SPACE',''
  ) );
#13506 = PCURVE('',#12970,#13507);
#13507 = DEFINITIONAL_REPRESENTATION('',(#13508),#13512);
#13508 = LINE('',#13509,#13510);
#13509 = CARTESIAN_POINT('',(0.512109375,0.));
#13510 = VECTOR('',#13511,1.);
#13511 = DIRECTION('',(-1.,0.));
#13512 = ( GEOMETRIC_REPRESENTATION_CONTEXT(2) 
PARAMETRIC_REPRESENTATION_CONTEXT() REPRESENTATION_CONTEXT('2D SPACE',''
  ) );
#13513 = ADVANCED_FACE('',(#13514),#13481,.T.);
#13514 = FACE_BOUND('',#13515,.T.);
#13515 = EDGE_LOOP('',(#13516,#13517,#13540,#13563));
#13516 = ORIENTED_EDGE('',*,*,#13465,.T.);
#13517 = ORIENTED_EDGE('',*,*,#13518,.T.);
#13518 = EDGE_CURVE('',#13443,#13519,#13521,.T.);
#13519 = VERTEX_POINT('',#13520);
#13520 = CARTESIAN_POINT('',(2.98453125,-1.312,9.1857421875));
#13521 = SURFACE_CURVE('',#13522,(#13526,#13533),.PCURVE_S1.);
#13522 = LINE('',#13523,#13524);
#13523 = CARTESIAN_POINT('',(3.2853125,-1.312,8.7357421875));
#13524 = VECTOR('',#13525,1.);
#13525 = DIRECTION('',(-0.555699055242,0.,0.831383521609));
#13526 = PCURVE('',#13481,#13527);
#13527 = DEFINITIONAL_REPRESENTATION('',(#13528),#13532);
#13528 = LINE('',#13529,#13530);
#13529 = CARTESIAN_POINT('',(0.,-1.2E-02));
#13530 = VECTOR('',#13531,1.);
#13531 = DIRECTION('',(1.,0.));
#13532 = ( GEOMETRIC_REPRESENTATION_CONTEXT(2) 
PARAMETRIC_REPRESENTATION_CONTEXT() REPRESENTATION_CONTEXT('2D SPACE',''
  ) );
#13533 = PCURVE('',#12916,#13534);
#13534 = DEFINITIONAL_REPRESENTATION('',(#13535),#13539);
#13535 = LINE('',#13536,#13537);
#13536 = CARTESIAN_POINT('',(0.434375,0.));
#13537 = VECTOR('',#13538,1.);
#13538 = DIRECTION('',(-0.555699055242,0.831383521609));
#13539 = ( GEOMETRIC_REPRESENTATION_CONTEXT(2) 
PARAMETRIC_REPRESENTATION_CONTEXT() REPRESENTATION_CONTEXT('2D SPACE',''
  ) );
#13540 = ORIENTED_EDGE('',*,*,#13541,.F.);
#13541 = EDGE_CURVE('',#13542,#13519,#13544,.T.);
#13542 = VERTEX_POINT('',#13543);
#13543 = CARTESIAN_POINT('',(2.98453125,-1.3,9.1857421875));
#13544 = SURFACE_CURVE('',#13545,(#13549,#13556),.PCURVE_S1.);
#13545 = LINE('',#13546,#13547);
#13546 = CARTESIAN_POINT('',(2.98453125,-1.3,9.1857421875));
#13547 = VECTOR('',#13548,1.);
#13548 = DIRECTION('',(0.,-1.,0.));
#13549 = PCURVE('',#13481,#13550);
#13550 = DEFINITIONAL_REPRESENTATION('',(#13551),#13555);
#13551 = LINE('',#13552,#13553);
#13552 = CARTESIAN_POINT('',(0.541266441184,0.));
#13553 = VECTOR('',#13554,1.);
#13554 = DIRECTION('',(0.,-1.));
#13555 = ( GEOMETRIC_REPRESENTATION_CONTEXT(2) 
PARAMETRIC_REPRESENTATION_CONTEXT() REPRESENTATION_CONTEXT('2D SPACE',''
  ) );
#13556 = PCURVE('',#12888,#13557);
#13557 = DEFINITIONAL_REPRESENTATION('',(#13558),#13562);
#13558 = LINE('',#13559,#13560);
#13559 = CARTESIAN_POINT('',(0.,0.));
#13560 = VECTOR('',#13561,1.);
#13561 = DIRECTION('',(0.,-1.));
#13562 = ( GEOMETRIC_REPRESENTATION_CONTEXT(2) 
PARAMETRIC_REPRESENTATION_CONTEXT() REPRESENTATION_CONTEXT('2D SPACE',''
  ) );
#13563 = ORIENTED_EDGE('',*,*,#13564,.F.);
#13564 = EDGE_CURVE('',#13466,#13542,#13565,.T.);
#13565 = SURFACE_CURVE('',#13566,(#13570,#13577),.PCURVE_S1.);
#13566 = LINE('',#13567,#13568);
#13567 = CARTESIAN_POINT('',(3.2853125,-1.3,8.7357421875));
#13568 = VECTOR('',#13569,1.);
#13569 = DIRECTION('',(-0.555699055242,0.,0.831383521609));
#13570 = PCURVE('',#13481,#13571);
#13571 = DEFINITIONAL_REPRESENTATION('',(#13572),#13576);
#13572 = LINE('',#13573,#13574);
#13573 = CARTESIAN_POINT('',(0.,0.));
#13574 = VECTOR('',#13575,1.);
#13575 = DIRECTION('',(1.,0.));
#13576 = ( GEOMETRIC_REPRESENTATION_CONTEXT(2) 
PARAMETRIC_REPRESENTATION_CONTEXT() REPRESENTATION_CONTEXT('2D SPACE',''
  ) );
#13577 = PCURVE('',#12970,#13578);
#13578 = DEFINITIONAL_REPRESENTATION('',(#13579),#13583);
#13579 = LINE('',#13580,#13581);
#13580 = CARTESIAN_POINT('',(0.434375,0.));
#13581 = VECTOR('',#13582,1.);
#13582 = DIRECTION('',(-0.555699055242,0.831383521609));
#13583 = ( GEOMETRIC_REPRESENTATION_CONTEXT(2) 
PARAMETRIC_REPRESENTATION_CONTEXT() REPRESENTATION_CONTEXT('2D SPACE',''
  ) );
#13584 = ADVANCED_FACE('',(#13585),#12888,.T.);
#13585 = FACE_BOUND('',#13586,.T.);
#13586 = EDGE_LOOP('',(#13587,#13588,#13609,#13610));
#13587 = ORIENTED_EDGE('',*,*,#13541,.T.);
#13588 = ORIENTED_EDGE('',*,*,#13589,.T.);
#13589 = EDGE_CURVE('',#13519,#12868,#13590,.T.);
#13590 = SURFACE_CURVE('',#13591,(#13595,#13602),.PCURVE_S1.);
#13591 = LINE('',#13592,#13593);
#13592 = CARTESIAN_POINT('',(2.98453125,-1.312,9.1857421875));
#13593 = VECTOR('',#13594,1.);
#13594 = DIRECTION('',(0.,0.,-1.));
#13595 = PCURVE('',#12888,#13596);
#13596 = DEFINITIONAL_REPRESENTATION('',(#13597),#13601);
#13597 = LINE('',#13598,#13599);
#13598 = CARTESIAN_POINT('',(1.7763568394E-15,-1.2E-02));
#13599 = VECTOR('',#13600,1.);
#13600 = DIRECTION('',(1.,0.));
#13601 = ( GEOMETRIC_REPRESENTATION_CONTEXT(2) 
PARAMETRIC_REPRESENTATION_CONTEXT() REPRESENTATION_CONTEXT('2D SPACE',''
  ) );
#13602 = PCURVE('',#12916,#13603);
#13603 = DEFINITIONAL_REPRESENTATION('',(#13604),#13608);
#13604 = LINE('',#13605,#13606);
#13605 = CARTESIAN_POINT('',(0.13359375,0.45));
#13606 = VECTOR('',#13607,1.);
#13607 = DIRECTION('',(0.,-1.));
#13608 = ( GEOMETRIC_REPRESENTATION_CONTEXT(2) 
PARAMETRIC_REPRESENTATION_CONTEXT() REPRESENTATION_CONTEXT('2D SPACE',''
  ) );
#13609 = ORIENTED_EDGE('',*,*,#12865,.F.);
#13610 = ORIENTED_EDGE('',*,*,#13611,.F.);
#13611 = EDGE_CURVE('',#13542,#12866,#13612,.T.);
#13612 = SURFACE_CURVE('',#13613,(#13617,#13624),.PCURVE_S1.);
#13613 = LINE('',#13614,#13615);
#13614 = CARTESIAN_POINT('',(2.98453125,-1.3,9.1857421875));
#13615 = VECTOR('',#13616,1.);
#13616 = DIRECTION('',(0.,0.,-1.));
#13617 = PCURVE('',#12888,#13618);
#13618 = DEFINITIONAL_REPRESENTATION('',(#13619),#13623);
#13619 = LINE('',#13620,#13621);
#13620 = CARTESIAN_POINT('',(1.7763568394E-15,0.));
#13621 = VECTOR('',#13622,1.);
#13622 = DIRECTION('',(1.,0.));
#13623 = ( GEOMETRIC_REPRESENTATION_CONTEXT(2) 
PARAMETRIC_REPRESENTATION_CONTEXT() REPRESENTATION_CONTEXT('2D SPACE',''
  ) );
#13624 = PCURVE('',#12970,#13625);
#13625 = DEFINITIONAL_REPRESENTATION('',(#13626),#13630);
#13626 = LINE('',#13627,#13628);
#13627 = CARTESIAN_POINT('',(0.13359375,0.45));
#13628 = VECTOR('',#13629,1.);
#13629 = DIRECTION('',(0.,-1.));
#13630 = ( GEOMETRIC_REPRESENTATION_CONTEXT(2) 
PARAMETRIC_REPRESENTATION_CONTEXT() REPRESENTATION_CONTEXT('2D SPACE',''
  ) );
#13631 = ADVANCED_FACE('',(#13632),#12970,.F.);
#13632 = FACE_BOUND('',#13633,.T.);
#13633 = EDGE_LOOP('',(#13634,#13635,#13636,#13637,#13638,#13639,#13640,
    #13641,#13642,#13643));
#13634 = ORIENTED_EDGE('',*,*,#12956,.T.);
#13635 = ORIENTED_EDGE('',*,*,#13037,.T.);
#13636 = ORIENTED_EDGE('',*,*,#13113,.T.);
#13637 = ORIENTED_EDGE('',*,*,#13189,.T.);
#13638 = ORIENTED_EDGE('',*,*,#13265,.T.);
#13639 = ORIENTED_EDGE('',*,*,#13341,.T.);
#13640 = ORIENTED_EDGE('',*,*,#13417,.T.);
#13641 = ORIENTED_EDGE('',*,*,#13493,.T.);
#13642 = ORIENTED_EDGE('',*,*,#13564,.T.);
#13643 = ORIENTED_EDGE('',*,*,#13611,.T.);
#13644 = ADVANCED_FACE('',(#13645),#12916,.T.);
#13645 = FACE_BOUND('',#13646,.F.);
#13646 = EDGE_LOOP('',(#13647,#13648,#13649,#13650,#13651,#13652,#13653,
    #13654,#13655,#13656));
#13647 = ORIENTED_EDGE('',*,*,#12900,.T.);
#13648 = ORIENTED_EDGE('',*,*,#12986,.T.);
#13649 = ORIENTED_EDGE('',*,*,#13062,.T.);
#13650 = ORIENTED_EDGE('',*,*,#13138,.T.);
#13651 = ORIENTED_EDGE('',*,*,#13214,.T.);
#13652 = ORIENTED_EDGE('',*,*,#13290,.T.);
#13653 = ORIENTED_EDGE('',*,*,#13366,.T.);
#13654 = ORIENTED_EDGE('',*,*,#13442,.T.);
#13655 = ORIENTED_EDGE('',*,*,#13518,.T.);
#13656 = ORIENTED_EDGE('',*,*,#13589,.T.);
#13657 = MANIFOLD_SOLID_BREP('',#13658);
#13658 = CLOSED_SHELL('',(#13659,#13785,#13863,#13941,#14019,#14097,
    #14175,#14253,#14331,#14409,#14487,#14558,#14605,#14721,#14799,
    #14877,#14955,#15033,#15111,#15182,#15229,#15254));
#13659 = ADVANCED_FACE('',(#13660),#13674,.T.);
#13660 = FACE_BOUND('',#13661,.T.);
#13661 = EDGE_LOOP('',(#13662,#13701,#13729,#13759));
#13662 = ORIENTED_EDGE('',*,*,#13663,.T.);
#13663 = EDGE_CURVE('',#13664,#13666,#13668,.T.);
#13664 = VERTEX_POINT('',#13665);
#13665 = CARTESIAN_POINT('',(3.461875,-1.3,9.0181640625));
#13666 = VERTEX_POINT('',#13667);
#13667 = CARTESIAN_POINT('',(3.461875,-1.312,9.0181640625));
#13668 = SURFACE_CURVE('',#13669,(#13673,#13687),.PCURVE_S1.);
#13669 = LINE('',#13670,#13671);
#13670 = CARTESIAN_POINT('',(3.461875,-1.3,9.0181640625));
#13671 = VECTOR('',#13672,1.);
#13672 = DIRECTION('',(0.,-1.,0.));
#13673 = PCURVE('',#13674,#13681);
#13674 = SURFACE_OF_LINEAR_EXTRUSION('',#13675,#13679);
#13675 = B_SPLINE_CURVE_WITH_KNOTS('',2,(#13676,#13677,#13678),
  .UNSPECIFIED.,.F.,.F.,(3,3),(0.,1.),.PIECEWISE_BEZIER_KNOTS.);
#13676 = CARTESIAN_POINT('',(3.461875,-1.3,9.0181640625));
#13677 = CARTESIAN_POINT('',(3.461875,-1.3,9.1197265625));
#13678 = CARTESIAN_POINT('',(3.4827734375,-1.3,9.181640625));
#13679 = VECTOR('',#13680,1.);
#13680 = DIRECTION('',(-0.,1.,-0.));
#13681 = DEFINITIONAL_REPRESENTATION('',(#13682),#13686);
#13682 = LINE('',#13683,#13684);
#13683 = CARTESIAN_POINT('',(0.,0.));
#13684 = VECTOR('',#13685,1.);
#13685 = DIRECTION('',(0.,-1.));
#13686 = ( GEOMETRIC_REPRESENTATION_CONTEXT(2) 
PARAMETRIC_REPRESENTATION_CONTEXT() REPRESENTATION_CONTEXT('2D SPACE',''
  ) );
#13687 = PCURVE('',#13688,#13695);
#13688 = SURFACE_OF_LINEAR_EXTRUSION('',#13689,#13693);
#13689 = B_SPLINE_CURVE_WITH_KNOTS('',2,(#13690,#13691,#13692),
  .UNSPECIFIED.,.F.,.F.,(3,3),(0.,1.),.PIECEWISE_BEZIER_KNOTS.);
#13690 = CARTESIAN_POINT('',(3.518515625,-1.3,8.7853515625));
#13691 = CARTESIAN_POINT('',(3.461875,-1.3,8.8568359375));
#13692 = CARTESIAN_POINT('',(3.461875,-1.3,9.0181640625));
#13693 = VECTOR('',#13694,1.);
#13694 = DIRECTION('',(-0.,1.,-0.));
#13695 = DEFINITIONAL_REPRESENTATION('',(#13696),#13700);
#13696 = LINE('',#13697,#13698);
#13697 = CARTESIAN_POINT('',(1.,0.));
#13698 = VECTOR('',#13699,1.);
#13699 = DIRECTION('',(0.,-1.));
#13700 = ( GEOMETRIC_REPRESENTATION_CONTEXT(2) 
PARAMETRIC_REPRESENTATION_CONTEXT() REPRESENTATION_CONTEXT('2D SPACE',''
  ) );
#13701 = ORIENTED_EDGE('',*,*,#13702,.T.);
#13702 = EDGE_CURVE('',#13666,#13703,#13705,.T.);
#13703 = VERTEX_POINT('',#13704);
#13704 = CARTESIAN_POINT('',(3.4827734375,-1.312,9.181640625));
#13705 = SURFACE_CURVE('',#13706,(#13710,#13717),.PCURVE_S1.);
#13706 = B_SPLINE_CURVE_WITH_KNOTS('',2,(#13707,#13708,#13709),
  .UNSPECIFIED.,.F.,.F.,(3,3),(0.,1.),.PIECEWISE_BEZIER_KNOTS.);
#13707 = CARTESIAN_POINT('',(3.461875,-1.312,9.0181640625));
#13708 = CARTESIAN_POINT('',(3.461875,-1.312,9.1197265625));
#13709 = CARTESIAN_POINT('',(3.4827734375,-1.312,9.181640625));
#13710 = PCURVE('',#13674,#13711);
#13711 = DEFINITIONAL_REPRESENTATION('',(#13712),#13716);
#13712 = LINE('',#13713,#13714);
#13713 = CARTESIAN_POINT('',(0.,-1.2E-02));
#13714 = VECTOR('',#13715,1.);
#13715 = DIRECTION('',(1.,0.));
#13716 = ( GEOMETRIC_REPRESENTATION_CONTEXT(2) 
PARAMETRIC_REPRESENTATION_CONTEXT() REPRESENTATION_CONTEXT('2D SPACE',''
  ) );
#13717 = PCURVE('',#13718,#13723);
#13718 = PLANE('',#13719);
#13719 = AXIS2_PLACEMENT_3D('',#13720,#13721,#13722);
#13720 = CARTESIAN_POINT('',(3.428671875,-1.312,8.7357421875));
#13721 = DIRECTION('',(0.,-1.,0.));
#13722 = DIRECTION('',(1.,0.,0.));
#13723 = DEFINITIONAL_REPRESENTATION('',(#13724),#13728);
#13724 = B_SPLINE_CURVE_WITH_KNOTS('',2,(#13725,#13726,#13727),
  .UNSPECIFIED.,.F.,.F.,(3,3),(0.,1.),.PIECEWISE_BEZIER_KNOTS.);
#13725 = CARTESIAN_POINT('',(3.3203125E-02,0.282421875));
#13726 = CARTESIAN_POINT('',(3.3203125E-02,0.383984375));
#13727 = CARTESIAN_POINT('',(5.41015625E-02,0.4458984375));
#13728 = ( GEOMETRIC_REPRESENTATION_CONTEXT(2) 
PARAMETRIC_REPRESENTATION_CONTEXT() REPRESENTATION_CONTEXT('2D SPACE',''
  ) );
#13729 = ORIENTED_EDGE('',*,*,#13730,.F.);
#13730 = EDGE_CURVE('',#13731,#13703,#13733,.T.);
#13731 = VERTEX_POINT('',#13732);
#13732 = CARTESIAN_POINT('',(3.4827734375,-1.3,9.181640625));
#13733 = SURFACE_CURVE('',#13734,(#13738,#13745),.PCURVE_S1.);
#13734 = LINE('',#13735,#13736);
#13735 = CARTESIAN_POINT('',(3.4827734375,-1.3,9.181640625));
#13736 = VECTOR('',#13737,1.);
#13737 = DIRECTION('',(0.,-1.,0.));
#13738 = PCURVE('',#13674,#13739);
#13739 = DEFINITIONAL_REPRESENTATION('',(#13740),#13744);
#13740 = LINE('',#13741,#13742);
#13741 = CARTESIAN_POINT('',(1.,0.));
#13742 = VECTOR('',#13743,1.);
#13743 = DIRECTION('',(0.,-1.));
#13744 = ( GEOMETRIC_REPRESENTATION_CONTEXT(2) 
PARAMETRIC_REPRESENTATION_CONTEXT() REPRESENTATION_CONTEXT('2D SPACE',''
  ) );
#13745 = PCURVE('',#13746,#13753);
#13746 = SURFACE_OF_LINEAR_EXTRUSION('',#13747,#13751);
#13747 = B_SPLINE_CURVE_WITH_KNOTS('',2,(#13748,#13749,#13750),
  .UNSPECIFIED.,.F.,.F.,(3,3),(0.,1.),.PIECEWISE_BEZIER_KNOTS.);
#13748 = CARTESIAN_POINT('',(3.4827734375,-1.3,9.181640625));
#13749 = CARTESIAN_POINT('',(3.503671875,-1.3,9.2435546875));
#13750 = CARTESIAN_POINT('',(3.5448828125,-1.3,9.2771484375));
#13751 = VECTOR('',#13752,1.);
#13752 = DIRECTION('',(-0.,1.,-0.));
#13753 = DEFINITIONAL_REPRESENTATION('',(#13754),#13758);
#13754 = LINE('',#13755,#13756);
#13755 = CARTESIAN_POINT('',(0.,0.));
#13756 = VECTOR('',#13757,1.);
#13757 = DIRECTION('',(0.,-1.));
#13758 = ( GEOMETRIC_REPRESENTATION_CONTEXT(2) 
PARAMETRIC_REPRESENTATION_CONTEXT() REPRESENTATION_CONTEXT('2D SPACE',''
  ) );
#13759 = ORIENTED_EDGE('',*,*,#13760,.F.);
#13760 = EDGE_CURVE('',#13664,#13731,#13761,.T.);
#13761 = SURFACE_CURVE('',#13762,(#13766,#13773),.PCURVE_S1.);
#13762 = B_SPLINE_CURVE_WITH_KNOTS('',2,(#13763,#13764,#13765),
  .UNSPECIFIED.,.F.,.F.,(3,3),(0.,1.),.PIECEWISE_BEZIER_KNOTS.);
#13763 = CARTESIAN_POINT('',(3.461875,-1.3,9.0181640625));
#13764 = CARTESIAN_POINT('',(3.461875,-1.3,9.1197265625));
#13765 = CARTESIAN_POINT('',(3.4827734375,-1.3,9.181640625));
#13766 = PCURVE('',#13674,#13767);
#13767 = DEFINITIONAL_REPRESENTATION('',(#13768),#13772);
#13768 = LINE('',#13769,#13770);
#13769 = CARTESIAN_POINT('',(0.,0.));
#13770 = VECTOR('',#13771,1.);
#13771 = DIRECTION('',(1.,0.));
#13772 = ( GEOMETRIC_REPRESENTATION_CONTEXT(2) 
PARAMETRIC_REPRESENTATION_CONTEXT() REPRESENTATION_CONTEXT('2D SPACE',''
  ) );
#13773 = PCURVE('',#13774,#13779);
#13774 = PLANE('',#13775);
#13775 = AXIS2_PLACEMENT_3D('',#13776,#13777,#13778);
#13776 = CARTESIAN_POINT('',(3.428671875,-1.3,8.7357421875));
#13777 = DIRECTION('',(0.,-1.,0.));
#13778 = DIRECTION('',(1.,0.,0.));
#13779 = DEFINITIONAL_REPRESENTATION('',(#13780),#13784);
#13780 = B_SPLINE_CURVE_WITH_KNOTS('',2,(#13781,#13782,#13783),
  .UNSPECIFIED.,.F.,.F.,(3,3),(0.,1.),.PIECEWISE_BEZIER_KNOTS.);
#13781 = CARTESIAN_POINT('',(3.3203125E-02,0.282421875));
#13782 = CARTESIAN_POINT('',(3.3203125E-02,0.383984375));
#13783 = CARTESIAN_POINT('',(5.41015625E-02,0.4458984375));
#13784 = ( GEOMETRIC_REPRESENTATION_CONTEXT(2) 
PARAMETRIC_REPRESENTATION_CONTEXT() REPRESENTATION_CONTEXT('2D SPACE',''
  ) );
#13785 = ADVANCED_FACE('',(#13786),#13746,.T.);
#13786 = FACE_BOUND('',#13787,.T.);
#13787 = EDGE_LOOP('',(#13788,#13789,#13812,#13842));
#13788 = ORIENTED_EDGE('',*,*,#13730,.T.);
#13789 = ORIENTED_EDGE('',*,*,#13790,.T.);
#13790 = EDGE_CURVE('',#13703,#13791,#13793,.T.);
#13791 = VERTEX_POINT('',#13792);
#13792 = CARTESIAN_POINT('',(3.5448828125,-1.312,9.2771484375));
#13793 = SURFACE_CURVE('',#13794,(#13798,#13805),.PCURVE_S1.);
#13794 = B_SPLINE_CURVE_WITH_KNOTS('',2,(#13795,#13796,#13797),
  .UNSPECIFIED.,.F.,.F.,(3,3),(0.,1.),.PIECEWISE_BEZIER_KNOTS.);
#13795 = CARTESIAN_POINT('',(3.4827734375,-1.312,9.181640625));
#13796 = CARTESIAN_POINT('',(3.503671875,-1.312,9.2435546875));
#13797 = CARTESIAN_POINT('',(3.5448828125,-1.312,9.2771484375));
#13798 = PCURVE('',#13746,#13799);
#13799 = DEFINITIONAL_REPRESENTATION('',(#13800),#13804);
#13800 = LINE('',#13801,#13802);
#13801 = CARTESIAN_POINT('',(0.,-1.2E-02));
#13802 = VECTOR('',#13803,1.);
#13803 = DIRECTION('',(1.,0.));
#13804 = ( GEOMETRIC_REPRESENTATION_CONTEXT(2) 
PARAMETRIC_REPRESENTATION_CONTEXT() REPRESENTATION_CONTEXT('2D SPACE',''
  ) );
#13805 = PCURVE('',#13718,#13806);
#13806 = DEFINITIONAL_REPRESENTATION('',(#13807),#13811);
#13807 = B_SPLINE_CURVE_WITH_KNOTS('',2,(#13808,#13809,#13810),
  .UNSPECIFIED.,.F.,.F.,(3,3),(0.,1.),.PIECEWISE_BEZIER_KNOTS.);
#13808 = CARTESIAN_POINT('',(5.41015625E-02,0.4458984375));
#13809 = CARTESIAN_POINT('',(7.5E-02,0.5078125));
#13810 = CARTESIAN_POINT('',(0.1162109375,0.54140625));
#13811 = ( GEOMETRIC_REPRESENTATION_CONTEXT(2) 
PARAMETRIC_REPRESENTATION_CONTEXT() REPRESENTATION_CONTEXT('2D SPACE',''
  ) );
#13812 = ORIENTED_EDGE('',*,*,#13813,.F.);
#13813 = EDGE_CURVE('',#13814,#13791,#13816,.T.);
#13814 = VERTEX_POINT('',#13815);
#13815 = CARTESIAN_POINT('',(3.5448828125,-1.3,9.2771484375));
#13816 = SURFACE_CURVE('',#13817,(#13821,#13828),.PCURVE_S1.);
#13817 = LINE('',#13818,#13819);
#13818 = CARTESIAN_POINT('',(3.5448828125,-1.3,9.2771484375));
#13819 = VECTOR('',#13820,1.);
#13820 = DIRECTION('',(0.,-1.,0.));
#13821 = PCURVE('',#13746,#13822);
#13822 = DEFINITIONAL_REPRESENTATION('',(#13823),#13827);
#13823 = LINE('',#13824,#13825);
#13824 = CARTESIAN_POINT('',(1.,0.));
#13825 = VECTOR('',#13826,1.);
#13826 = DIRECTION('',(0.,-1.));
#13827 = ( GEOMETRIC_REPRESENTATION_CONTEXT(2) 
PARAMETRIC_REPRESENTATION_CONTEXT() REPRESENTATION_CONTEXT('2D SPACE',''
  ) );
#13828 = PCURVE('',#13829,#13836);
#13829 = SURFACE_OF_LINEAR_EXTRUSION('',#13830,#13834);
#13830 = B_SPLINE_CURVE_WITH_KNOTS('',2,(#13831,#13832,#13833),
  .UNSPECIFIED.,.F.,.F.,(3,3),(0.,1.),.PIECEWISE_BEZIER_KNOTS.);
#13831 = CARTESIAN_POINT('',(3.5448828125,-1.3,9.2771484375));
#13832 = CARTESIAN_POINT('',(3.58609375,-1.3,9.3107421875));
#13833 = CARTESIAN_POINT('',(3.64859375,-1.3,9.3107421875));
#13834 = VECTOR('',#13835,1.);
#13835 = DIRECTION('',(-0.,1.,-0.));
#13836 = DEFINITIONAL_REPRESENTATION('',(#13837),#13841);
#13837 = LINE('',#13838,#13839);
#13838 = CARTESIAN_POINT('',(0.,0.));
#13839 = VECTOR('',#13840,1.);
#13840 = DIRECTION('',(0.,-1.));
#13841 = ( GEOMETRIC_REPRESENTATION_CONTEXT(2) 
PARAMETRIC_REPRESENTATION_CONTEXT() REPRESENTATION_CONTEXT('2D SPACE',''
  ) );
#13842 = ORIENTED_EDGE('',*,*,#13843,.F.);
#13843 = EDGE_CURVE('',#13731,#13814,#13844,.T.);
#13844 = SURFACE_CURVE('',#13845,(#13849,#13856),.PCURVE_S1.);
#13845 = B_SPLINE_CURVE_WITH_KNOTS('',2,(#13846,#13847,#13848),
  .UNSPECIFIED.,.F.,.F.,(3,3),(0.,1.),.PIECEWISE_BEZIER_KNOTS.);
#13846 = CARTESIAN_POINT('',(3.4827734375,-1.3,9.181640625));
#13847 = CARTESIAN_POINT('',(3.503671875,-1.3,9.2435546875));
#13848 = CARTESIAN_POINT('',(3.5448828125,-1.3,9.2771484375));
#13849 = PCURVE('',#13746,#13850);
#13850 = DEFINITIONAL_REPRESENTATION('',(#13851),#13855);
#13851 = LINE('',#13852,#13853);
#13852 = CARTESIAN_POINT('',(0.,0.));
#13853 = VECTOR('',#13854,1.);
#13854 = DIRECTION('',(1.,0.));
#13855 = ( GEOMETRIC_REPRESENTATION_CONTEXT(2) 
PARAMETRIC_REPRESENTATION_CONTEXT() REPRESENTATION_CONTEXT('2D SPACE',''
  ) );
#13856 = PCURVE('',#13774,#13857);
#13857 = DEFINITIONAL_REPRESENTATION('',(#13858),#13862);
#13858 = B_SPLINE_CURVE_WITH_KNOTS('',2,(#13859,#13860,#13861),
  .UNSPECIFIED.,.F.,.F.,(3,3),(0.,1.),.PIECEWISE_BEZIER_KNOTS.);
#13859 = CARTESIAN_POINT('',(5.41015625E-02,0.4458984375));
#13860 = CARTESIAN_POINT('',(7.5E-02,0.5078125));
#13861 = CARTESIAN_POINT('',(0.1162109375,0.54140625));
#13862 = ( GEOMETRIC_REPRESENTATION_CONTEXT(2) 
PARAMETRIC_REPRESENTATION_CONTEXT() REPRESENTATION_CONTEXT('2D SPACE',''
  ) );
#13863 = ADVANCED_FACE('',(#13864),#13829,.T.);
#13864 = FACE_BOUND('',#13865,.T.);
#13865 = EDGE_LOOP('',(#13866,#13867,#13890,#13920));
#13866 = ORIENTED_EDGE('',*,*,#13813,.T.);
#13867 = ORIENTED_EDGE('',*,*,#13868,.T.);
#13868 = EDGE_CURVE('',#13791,#13869,#13871,.T.);
#13869 = VERTEX_POINT('',#13870);
#13870 = CARTESIAN_POINT('',(3.64859375,-1.312,9.3107421875));
#13871 = SURFACE_CURVE('',#13872,(#13876,#13883),.PCURVE_S1.);
#13872 = B_SPLINE_CURVE_WITH_KNOTS('',2,(#13873,#13874,#13875),
  .UNSPECIFIED.,.F.,.F.,(3,3),(0.,1.),.PIECEWISE_BEZIER_KNOTS.);
#13873 = CARTESIAN_POINT('',(3.5448828125,-1.312,9.2771484375));
#13874 = CARTESIAN_POINT('',(3.58609375,-1.312,9.3107421875));
#13875 = CARTESIAN_POINT('',(3.64859375,-1.312,9.3107421875));
#13876 = PCURVE('',#13829,#13877);
#13877 = DEFINITIONAL_REPRESENTATION('',(#13878),#13882);
#13878 = LINE('',#13879,#13880);
#13879 = CARTESIAN_POINT('',(0.,-1.2E-02));
#13880 = VECTOR('',#13881,1.);
#13881 = DIRECTION('',(1.,0.));
#13882 = ( GEOMETRIC_REPRESENTATION_CONTEXT(2) 
PARAMETRIC_REPRESENTATION_CONTEXT() REPRESENTATION_CONTEXT('2D SPACE',''
  ) );
#13883 = PCURVE('',#13718,#13884);
#13884 = DEFINITIONAL_REPRESENTATION('',(#13885),#13889);
#13885 = B_SPLINE_CURVE_WITH_KNOTS('',2,(#13886,#13887,#13888),
  .UNSPECIFIED.,.F.,.F.,(3,3),(0.,1.),.PIECEWISE_BEZIER_KNOTS.);
#13886 = CARTESIAN_POINT('',(0.1162109375,0.54140625));
#13887 = CARTESIAN_POINT('',(0.157421875,0.575));
#13888 = CARTESIAN_POINT('',(0.219921875,0.575));
#13889 = ( GEOMETRIC_REPRESENTATION_CONTEXT(2) 
PARAMETRIC_REPRESENTATION_CONTEXT() REPRESENTATION_CONTEXT('2D SPACE',''
  ) );
#13890 = ORIENTED_EDGE('',*,*,#13891,.F.);
#13891 = EDGE_CURVE('',#13892,#13869,#13894,.T.);
#13892 = VERTEX_POINT('',#13893);
#13893 = CARTESIAN_POINT('',(3.64859375,-1.3,9.3107421875));
#13894 = SURFACE_CURVE('',#13895,(#13899,#13906),.PCURVE_S1.);
#13895 = LINE('',#13896,#13897);
#13896 = CARTESIAN_POINT('',(3.64859375,-1.3,9.3107421875));
#13897 = VECTOR('',#13898,1.);
#13898 = DIRECTION('',(0.,-1.,0.));
#13899 = PCURVE('',#13829,#13900);
#13900 = DEFINITIONAL_REPRESENTATION('',(#13901),#13905);
#13901 = LINE('',#13902,#13903);
#13902 = CARTESIAN_POINT('',(1.,0.));
#13903 = VECTOR('',#13904,1.);
#13904 = DIRECTION('',(0.,-1.));
#13905 = ( GEOMETRIC_REPRESENTATION_CONTEXT(2) 
PARAMETRIC_REPRESENTATION_CONTEXT() REPRESENTATION_CONTEXT('2D SPACE',''
  ) );
#13906 = PCURVE('',#13907,#13914);
#13907 = SURFACE_OF_LINEAR_EXTRUSION('',#13908,#13912);
#13908 = B_SPLINE_CURVE_WITH_KNOTS('',2,(#13909,#13910,#13911),
  .UNSPECIFIED.,.F.,.F.,(3,3),(0.,1.),.PIECEWISE_BEZIER_KNOTS.);
#13909 = CARTESIAN_POINT('',(3.64859375,-1.3,9.3107421875));
#13910 = CARTESIAN_POINT('',(3.6946875,-1.3,9.3107421875));
#13911 = CARTESIAN_POINT('',(3.729453125,-1.3,9.2921875));
#13912 = VECTOR('',#13913,1.);
#13913 = DIRECTION('',(-0.,1.,-0.));
#13914 = DEFINITIONAL_REPRESENTATION('',(#13915),#13919);
#13915 = LINE('',#13916,#13917);
#13916 = CARTESIAN_POINT('',(0.,0.));
#13917 = VECTOR('',#13918,1.);
#13918 = DIRECTION('',(0.,-1.));
#13919 = ( GEOMETRIC_REPRESENTATION_CONTEXT(2) 
PARAMETRIC_REPRESENTATION_CONTEXT() REPRESENTATION_CONTEXT('2D SPACE',''
  ) );
#13920 = ORIENTED_EDGE('',*,*,#13921,.F.);
#13921 = EDGE_CURVE('',#13814,#13892,#13922,.T.);
#13922 = SURFACE_CURVE('',#13923,(#13927,#13934),.PCURVE_S1.);
#13923 = B_SPLINE_CURVE_WITH_KNOTS('',2,(#13924,#13925,#13926),
  .UNSPECIFIED.,.F.,.F.,(3,3),(0.,1.),.PIECEWISE_BEZIER_KNOTS.);
#13924 = CARTESIAN_POINT('',(3.5448828125,-1.3,9.2771484375));
#13925 = CARTESIAN_POINT('',(3.58609375,-1.3,9.3107421875));
#13926 = CARTESIAN_POINT('',(3.64859375,-1.3,9.3107421875));
#13927 = PCURVE('',#13829,#13928);
#13928 = DEFINITIONAL_REPRESENTATION('',(#13929),#13933);
#13929 = LINE('',#13930,#13931);
#13930 = CARTESIAN_POINT('',(0.,0.));
#13931 = VECTOR('',#13932,1.);
#13932 = DIRECTION('',(1.,0.));
#13933 = ( GEOMETRIC_REPRESENTATION_CONTEXT(2) 
PARAMETRIC_REPRESENTATION_CONTEXT() REPRESENTATION_CONTEXT('2D SPACE',''
  ) );
#13934 = PCURVE('',#13774,#13935);
#13935 = DEFINITIONAL_REPRESENTATION('',(#13936),#13940);
#13936 = B_SPLINE_CURVE_WITH_KNOTS('',2,(#13937,#13938,#13939),
  .UNSPECIFIED.,.F.,.F.,(3,3),(0.,1.),.PIECEWISE_BEZIER_KNOTS.);
#13937 = CARTESIAN_POINT('',(0.1162109375,0.54140625));
#13938 = CARTESIAN_POINT('',(0.157421875,0.575));
#13939 = CARTESIAN_POINT('',(0.219921875,0.575));
#13940 = ( GEOMETRIC_REPRESENTATION_CONTEXT(2) 
PARAMETRIC_REPRESENTATION_CONTEXT() REPRESENTATION_CONTEXT('2D SPACE',''
  ) );
#13941 = ADVANCED_FACE('',(#13942),#13907,.T.);
#13942 = FACE_BOUND('',#13943,.T.);
#13943 = EDGE_LOOP('',(#13944,#13945,#13968,#13998));
#13944 = ORIENTED_EDGE('',*,*,#13891,.T.);
#13945 = ORIENTED_EDGE('',*,*,#13946,.T.);
#13946 = EDGE_CURVE('',#13869,#13947,#13949,.T.);
#13947 = VERTEX_POINT('',#13948);
#13948 = CARTESIAN_POINT('',(3.729453125,-1.312,9.2921875));
#13949 = SURFACE_CURVE('',#13950,(#13954,#13961),.PCURVE_S1.);
#13950 = B_SPLINE_CURVE_WITH_KNOTS('',2,(#13951,#13952,#13953),
  .UNSPECIFIED.,.F.,.F.,(3,3),(0.,1.),.PIECEWISE_BEZIER_KNOTS.);
#13951 = CARTESIAN_POINT('',(3.64859375,-1.312,9.3107421875));
#13952 = CARTESIAN_POINT('',(3.6946875,-1.312,9.3107421875));
#13953 = CARTESIAN_POINT('',(3.729453125,-1.312,9.2921875));
#13954 = PCURVE('',#13907,#13955);
#13955 = DEFINITIONAL_REPRESENTATION('',(#13956),#13960);
#13956 = LINE('',#13957,#13958);
#13957 = CARTESIAN_POINT('',(0.,-1.2E-02));
#13958 = VECTOR('',#13959,1.);
#13959 = DIRECTION('',(1.,0.));
#13960 = ( GEOMETRIC_REPRESENTATION_CONTEXT(2) 
PARAMETRIC_REPRESENTATION_CONTEXT() REPRESENTATION_CONTEXT('2D SPACE',''
  ) );
#13961 = PCURVE('',#13718,#13962);
#13962 = DEFINITIONAL_REPRESENTATION('',(#13963),#13967);
#13963 = B_SPLINE_CURVE_WITH_KNOTS('',2,(#13964,#13965,#13966),
  .UNSPECIFIED.,.F.,.F.,(3,3),(0.,1.),.PIECEWISE_BEZIER_KNOTS.);
#13964 = CARTESIAN_POINT('',(0.219921875,0.575));
#13965 = CARTESIAN_POINT('',(0.266015625,0.575));
#13966 = CARTESIAN_POINT('',(0.30078125,0.5564453125));
#13967 = ( GEOMETRIC_REPRESENTATION_CONTEXT(2) 
PARAMETRIC_REPRESENTATION_CONTEXT() REPRESENTATION_CONTEXT('2D SPACE',''
  ) );
#13968 = ORIENTED_EDGE('',*,*,#13969,.F.);
#13969 = EDGE_CURVE('',#13970,#13947,#13972,.T.);
#13970 = VERTEX_POINT('',#13971);
#13971 = CARTESIAN_POINT('',(3.729453125,-1.3,9.2921875));
#13972 = SURFACE_CURVE('',#13973,(#13977,#13984),.PCURVE_S1.);
#13973 = LINE('',#13974,#13975);
#13974 = CARTESIAN_POINT('',(3.729453125,-1.3,9.2921875));
#13975 = VECTOR('',#13976,1.);
#13976 = DIRECTION('',(0.,-1.,0.));
#13977 = PCURVE('',#13907,#13978);
#13978 = DEFINITIONAL_REPRESENTATION('',(#13979),#13983);
#13979 = LINE('',#13980,#13981);
#13980 = CARTESIAN_POINT('',(1.,0.));
#13981 = VECTOR('',#13982,1.);
#13982 = DIRECTION('',(0.,-1.));
#13983 = ( GEOMETRIC_REPRESENTATION_CONTEXT(2) 
PARAMETRIC_REPRESENTATION_CONTEXT() REPRESENTATION_CONTEXT('2D SPACE',''
  ) );
#13984 = PCURVE('',#13985,#13992);
#13985 = SURFACE_OF_LINEAR_EXTRUSION('',#13986,#13990);
#13986 = B_SPLINE_CURVE_WITH_KNOTS('',2,(#13987,#13988,#13989),
  .UNSPECIFIED.,.F.,.F.,(3,3),(0.,1.),.PIECEWISE_BEZIER_KNOTS.);
#13987 = CARTESIAN_POINT('',(3.729453125,-1.3,9.2921875));
#13988 = CARTESIAN_POINT('',(3.76421875,-1.3,9.2736328125));
#13989 = CARTESIAN_POINT('',(3.786875,-1.3,9.238671875));
#13990 = VECTOR('',#13991,1.);
#13991 = DIRECTION('',(-0.,1.,-0.));
#13992 = DEFINITIONAL_REPRESENTATION('',(#13993),#13997);
#13993 = LINE('',#13994,#13995);
#13994 = CARTESIAN_POINT('',(0.,0.));
#13995 = VECTOR('',#13996,1.);
#13996 = DIRECTION('',(0.,-1.));
#13997 = ( GEOMETRIC_REPRESENTATION_CONTEXT(2) 
PARAMETRIC_REPRESENTATION_CONTEXT() REPRESENTATION_CONTEXT('2D SPACE',''
  ) );
#13998 = ORIENTED_EDGE('',*,*,#13999,.F.);
#13999 = EDGE_CURVE('',#13892,#13970,#14000,.T.);
#14000 = SURFACE_CURVE('',#14001,(#14005,#14012),.PCURVE_S1.);
#14001 = B_SPLINE_CURVE_WITH_KNOTS('',2,(#14002,#14003,#14004),
  .UNSPECIFIED.,.F.,.F.,(3,3),(0.,1.),.PIECEWISE_BEZIER_KNOTS.);
#14002 = CARTESIAN_POINT('',(3.64859375,-1.3,9.3107421875));
#14003 = CARTESIAN_POINT('',(3.6946875,-1.3,9.3107421875));
#14004 = CARTESIAN_POINT('',(3.729453125,-1.3,9.2921875));
#14005 = PCURVE('',#13907,#14006);
#14006 = DEFINITIONAL_REPRESENTATION('',(#14007),#14011);
#14007 = LINE('',#14008,#14009);
#14008 = CARTESIAN_POINT('',(0.,0.));
#14009 = VECTOR('',#14010,1.);
#14010 = DIRECTION('',(1.,0.));
#14011 = ( GEOMETRIC_REPRESENTATION_CONTEXT(2) 
PARAMETRIC_REPRESENTATION_CONTEXT() REPRESENTATION_CONTEXT('2D SPACE',''
  ) );
#14012 = PCURVE('',#13774,#14013);
#14013 = DEFINITIONAL_REPRESENTATION('',(#14014),#14018);
#14014 = B_SPLINE_CURVE_WITH_KNOTS('',2,(#14015,#14016,#14017),
  .UNSPECIFIED.,.F.,.F.,(3,3),(0.,1.),.PIECEWISE_BEZIER_KNOTS.);
#14015 = CARTESIAN_POINT('',(0.219921875,0.575));
#14016 = CARTESIAN_POINT('',(0.266015625,0.575));
#14017 = CARTESIAN_POINT('',(0.30078125,0.5564453125));
#14018 = ( GEOMETRIC_REPRESENTATION_CONTEXT(2) 
PARAMETRIC_REPRESENTATION_CONTEXT() REPRESENTATION_CONTEXT('2D SPACE',''
  ) );
#14019 = ADVANCED_FACE('',(#14020),#13985,.T.);
#14020 = FACE_BOUND('',#14021,.T.);
#14021 = EDGE_LOOP('',(#14022,#14023,#14046,#14076));
#14022 = ORIENTED_EDGE('',*,*,#13969,.T.);
#14023 = ORIENTED_EDGE('',*,*,#14024,.T.);
#14024 = EDGE_CURVE('',#13947,#14025,#14027,.T.);
#14025 = VERTEX_POINT('',#14026);
#14026 = CARTESIAN_POINT('',(3.786875,-1.312,9.238671875));
#14027 = SURFACE_CURVE('',#14028,(#14032,#14039),.PCURVE_S1.);
#14028 = B_SPLINE_CURVE_WITH_KNOTS('',2,(#14029,#14030,#14031),
  .UNSPECIFIED.,.F.,.F.,(3,3),(0.,1.),.PIECEWISE_BEZIER_KNOTS.);
#14029 = CARTESIAN_POINT('',(3.729453125,-1.312,9.2921875));
#14030 = CARTESIAN_POINT('',(3.76421875,-1.312,9.2736328125));
#14031 = CARTESIAN_POINT('',(3.786875,-1.312,9.238671875));
#14032 = PCURVE('',#13985,#14033);
#14033 = DEFINITIONAL_REPRESENTATION('',(#14034),#14038);
#14034 = LINE('',#14035,#14036);
#14035 = CARTESIAN_POINT('',(0.,-1.2E-02));
#14036 = VECTOR('',#14037,1.);
#14037 = DIRECTION('',(1.,0.));
#14038 = ( GEOMETRIC_REPRESENTATION_CONTEXT(2) 
PARAMETRIC_REPRESENTATION_CONTEXT() REPRESENTATION_CONTEXT('2D SPACE',''
  ) );
#14039 = PCURVE('',#13718,#14040);
#14040 = DEFINITIONAL_REPRESENTATION('',(#14041),#14045);
#14041 = B_SPLINE_CURVE_WITH_KNOTS('',2,(#14042,#14043,#14044),
  .UNSPECIFIED.,.F.,.F.,(3,3),(0.,1.),.PIECEWISE_BEZIER_KNOTS.);
#14042 = CARTESIAN_POINT('',(0.30078125,0.5564453125));
#14043 = CARTESIAN_POINT('',(0.335546875,0.537890625));
#14044 = CARTESIAN_POINT('',(0.358203125,0.5029296875));
#14045 = ( GEOMETRIC_REPRESENTATION_CONTEXT(2) 
PARAMETRIC_REPRESENTATION_CONTEXT() REPRESENTATION_CONTEXT('2D SPACE',''
  ) );
#14046 = ORIENTED_EDGE('',*,*,#14047,.F.);
#14047 = EDGE_CURVE('',#14048,#14025,#14050,.T.);
#14048 = VERTEX_POINT('',#14049);
#14049 = CARTESIAN_POINT('',(3.786875,-1.3,9.238671875));
#14050 = SURFACE_CURVE('',#14051,(#14055,#14062),.PCURVE_S1.);
#14051 = LINE('',#14052,#14053);
#14052 = CARTESIAN_POINT('',(3.786875,-1.3,9.238671875));
#14053 = VECTOR('',#14054,1.);
#14054 = DIRECTION('',(0.,-1.,0.));
#14055 = PCURVE('',#13985,#14056);
#14056 = DEFINITIONAL_REPRESENTATION('',(#14057),#14061);
#14057 = LINE('',#14058,#14059);
#14058 = CARTESIAN_POINT('',(1.,0.));
#14059 = VECTOR('',#14060,1.);
#14060 = DIRECTION('',(0.,-1.));
#14061 = ( GEOMETRIC_REPRESENTATION_CONTEXT(2) 
PARAMETRIC_REPRESENTATION_CONTEXT() REPRESENTATION_CONTEXT('2D SPACE',''
  ) );
#14062 = PCURVE('',#14063,#14070);
#14063 = SURFACE_OF_LINEAR_EXTRUSION('',#14064,#14068);
#14064 = B_SPLINE_CURVE_WITH_KNOTS('',2,(#14065,#14066,#14067),
  .UNSPECIFIED.,.F.,.F.,(3,3),(0.,1.),.PIECEWISE_BEZIER_KNOTS.);
#14065 = CARTESIAN_POINT('',(3.786875,-1.3,9.238671875));
#14066 = CARTESIAN_POINT('',(3.80953125,-1.3,9.2037109375));
#14067 = CARTESIAN_POINT('',(3.822421875,-1.3,9.153515625));
#14068 = VECTOR('',#14069,1.);
#14069 = DIRECTION('',(-0.,1.,-0.));
#14070 = DEFINITIONAL_REPRESENTATION('',(#14071),#14075);
#14071 = LINE('',#14072,#14073);
#14072 = CARTESIAN_POINT('',(0.,0.));
#14073 = VECTOR('',#14074,1.);
#14074 = DIRECTION('',(0.,-1.));
#14075 = ( GEOMETRIC_REPRESENTATION_CONTEXT(2) 
PARAMETRIC_REPRESENTATION_CONTEXT() REPRESENTATION_CONTEXT('2D SPACE',''
  ) );
#14076 = ORIENTED_EDGE('',*,*,#14077,.F.);
#14077 = EDGE_CURVE('',#13970,#14048,#14078,.T.);
#14078 = SURFACE_CURVE('',#14079,(#14083,#14090),.PCURVE_S1.);
#14079 = B_SPLINE_CURVE_WITH_KNOTS('',2,(#14080,#14081,#14082),
  .UNSPECIFIED.,.F.,.F.,(3,3),(0.,1.),.PIECEWISE_BEZIER_KNOTS.);
#14080 = CARTESIAN_POINT('',(3.729453125,-1.3,9.2921875));
#14081 = CARTESIAN_POINT('',(3.76421875,-1.3,9.2736328125));
#14082 = CARTESIAN_POINT('',(3.786875,-1.3,9.238671875));
#14083 = PCURVE('',#13985,#14084);
#14084 = DEFINITIONAL_REPRESENTATION('',(#14085),#14089);
#14085 = LINE('',#14086,#14087);
#14086 = CARTESIAN_POINT('',(0.,0.));
#14087 = VECTOR('',#14088,1.);
#14088 = DIRECTION('',(1.,0.));
#14089 = ( GEOMETRIC_REPRESENTATION_CONTEXT(2) 
PARAMETRIC_REPRESENTATION_CONTEXT() REPRESENTATION_CONTEXT('2D SPACE',''
  ) );
#14090 = PCURVE('',#13774,#14091);
#14091 = DEFINITIONAL_REPRESENTATION('',(#14092),#14096);
#14092 = B_SPLINE_CURVE_WITH_KNOTS('',2,(#14093,#14094,#14095),
  .UNSPECIFIED.,.F.,.F.,(3,3),(0.,1.),.PIECEWISE_BEZIER_KNOTS.);
#14093 = CARTESIAN_POINT('',(0.30078125,0.5564453125));
#14094 = CARTESIAN_POINT('',(0.335546875,0.537890625));
#14095 = CARTESIAN_POINT('',(0.358203125,0.5029296875));
#14096 = ( GEOMETRIC_REPRESENTATION_CONTEXT(2) 
PARAMETRIC_REPRESENTATION_CONTEXT() REPRESENTATION_CONTEXT('2D SPACE',''
  ) );
#14097 = ADVANCED_FACE('',(#14098),#14063,.T.);
#14098 = FACE_BOUND('',#14099,.T.);
#14099 = EDGE_LOOP('',(#14100,#14101,#14124,#14154));
#14100 = ORIENTED_EDGE('',*,*,#14047,.T.);
#14101 = ORIENTED_EDGE('',*,*,#14102,.T.);
#14102 = EDGE_CURVE('',#14025,#14103,#14105,.T.);
#14103 = VERTEX_POINT('',#14104);
#14104 = CARTESIAN_POINT('',(3.822421875,-1.312,9.153515625));
#14105 = SURFACE_CURVE('',#14106,(#14110,#14117),.PCURVE_S1.);
#14106 = B_SPLINE_CURVE_WITH_KNOTS('',2,(#14107,#14108,#14109),
  .UNSPECIFIED.,.F.,.F.,(3,3),(0.,1.),.PIECEWISE_BEZIER_KNOTS.);
#14107 = CARTESIAN_POINT('',(3.786875,-1.312,9.238671875));
#14108 = CARTESIAN_POINT('',(3.80953125,-1.312,9.2037109375));
#14109 = CARTESIAN_POINT('',(3.822421875,-1.312,9.153515625));
#14110 = PCURVE('',#14063,#14111);
#14111 = DEFINITIONAL_REPRESENTATION('',(#14112),#14116);
#14112 = LINE('',#14113,#14114);
#14113 = CARTESIAN_POINT('',(0.,-1.2E-02));
#14114 = VECTOR('',#14115,1.);
#14115 = DIRECTION('',(1.,0.));
#14116 = ( GEOMETRIC_REPRESENTATION_CONTEXT(2) 
PARAMETRIC_REPRESENTATION_CONTEXT() REPRESENTATION_CONTEXT('2D SPACE',''
  ) );
#14117 = PCURVE('',#13718,#14118);
#14118 = DEFINITIONAL_REPRESENTATION('',(#14119),#14123);
#14119 = B_SPLINE_CURVE_WITH_KNOTS('',2,(#14120,#14121,#14122),
  .UNSPECIFIED.,.F.,.F.,(3,3),(0.,1.),.PIECEWISE_BEZIER_KNOTS.);
#14120 = CARTESIAN_POINT('',(0.358203125,0.5029296875));
#14121 = CARTESIAN_POINT('',(0.380859375,0.46796875));
#14122 = CARTESIAN_POINT('',(0.39375,0.4177734375));
#14123 = ( GEOMETRIC_REPRESENTATION_CONTEXT(2) 
PARAMETRIC_REPRESENTATION_CONTEXT() REPRESENTATION_CONTEXT('2D SPACE',''
  ) );
#14124 = ORIENTED_EDGE('',*,*,#14125,.F.);
#14125 = EDGE_CURVE('',#14126,#14103,#14128,.T.);
#14126 = VERTEX_POINT('',#14127);
#14127 = CARTESIAN_POINT('',(3.822421875,-1.3,9.153515625));
#14128 = SURFACE_CURVE('',#14129,(#14133,#14140),.PCURVE_S1.);
#14129 = LINE('',#14130,#14131);
#14130 = CARTESIAN_POINT('',(3.822421875,-1.3,9.153515625));
#14131 = VECTOR('',#14132,1.);
#14132 = DIRECTION('',(0.,-1.,0.));
#14133 = PCURVE('',#14063,#14134);
#14134 = DEFINITIONAL_REPRESENTATION('',(#14135),#14139);
#14135 = LINE('',#14136,#14137);
#14136 = CARTESIAN_POINT('',(1.,0.));
#14137 = VECTOR('',#14138,1.);
#14138 = DIRECTION('',(0.,-1.));
#14139 = ( GEOMETRIC_REPRESENTATION_CONTEXT(2) 
PARAMETRIC_REPRESENTATION_CONTEXT() REPRESENTATION_CONTEXT('2D SPACE',''
  ) );
#14140 = PCURVE('',#14141,#14148);
#14141 = SURFACE_OF_LINEAR_EXTRUSION('',#14142,#14146);
#14142 = B_SPLINE_CURVE_WITH_KNOTS('',2,(#14143,#14144,#14145),
  .UNSPECIFIED.,.F.,.F.,(3,3),(0.,1.),.PIECEWISE_BEZIER_KNOTS.);
#14143 = CARTESIAN_POINT('',(3.822421875,-1.3,9.153515625));
#14144 = CARTESIAN_POINT('',(3.8353125,-1.3,9.1033203125));
#14145 = CARTESIAN_POINT('',(3.8353125,-1.3,9.0181640625));
#14146 = VECTOR('',#14147,1.);
#14147 = DIRECTION('',(-0.,1.,-0.));
#14148 = DEFINITIONAL_REPRESENTATION('',(#14149),#14153);
#14149 = LINE('',#14150,#14151);
#14150 = CARTESIAN_POINT('',(0.,0.));
#14151 = VECTOR('',#14152,1.);
#14152 = DIRECTION('',(0.,-1.));
#14153 = ( GEOMETRIC_REPRESENTATION_CONTEXT(2) 
PARAMETRIC_REPRESENTATION_CONTEXT() REPRESENTATION_CONTEXT('2D SPACE',''
  ) );
#14154 = ORIENTED_EDGE('',*,*,#14155,.F.);
#14155 = EDGE_CURVE('',#14048,#14126,#14156,.T.);
#14156 = SURFACE_CURVE('',#14157,(#14161,#14168),.PCURVE_S1.);
#14157 = B_SPLINE_CURVE_WITH_KNOTS('',2,(#14158,#14159,#14160),
  .UNSPECIFIED.,.F.,.F.,(3,3),(0.,1.),.PIECEWISE_BEZIER_KNOTS.);
#14158 = CARTESIAN_POINT('',(3.786875,-1.3,9.238671875));
#14159 = CARTESIAN_POINT('',(3.80953125,-1.3,9.2037109375));
#14160 = CARTESIAN_POINT('',(3.822421875,-1.3,9.153515625));
#14161 = PCURVE('',#14063,#14162);
#14162 = DEFINITIONAL_REPRESENTATION('',(#14163),#14167);
#14163 = LINE('',#14164,#14165);
#14164 = CARTESIAN_POINT('',(0.,0.));
#14165 = VECTOR('',#14166,1.);
#14166 = DIRECTION('',(1.,0.));
#14167 = ( GEOMETRIC_REPRESENTATION_CONTEXT(2) 
PARAMETRIC_REPRESENTATION_CONTEXT() REPRESENTATION_CONTEXT('2D SPACE',''
  ) );
#14168 = PCURVE('',#13774,#14169);
#14169 = DEFINITIONAL_REPRESENTATION('',(#14170),#14174);
#14170 = B_SPLINE_CURVE_WITH_KNOTS('',2,(#14171,#14172,#14173),
  .UNSPECIFIED.,.F.,.F.,(3,3),(0.,1.),.PIECEWISE_BEZIER_KNOTS.);
#14171 = CARTESIAN_POINT('',(0.358203125,0.5029296875));
#14172 = CARTESIAN_POINT('',(0.380859375,0.46796875));
#14173 = CARTESIAN_POINT('',(0.39375,0.4177734375));
#14174 = ( GEOMETRIC_REPRESENTATION_CONTEXT(2) 
PARAMETRIC_REPRESENTATION_CONTEXT() REPRESENTATION_CONTEXT('2D SPACE',''
  ) );
#14175 = ADVANCED_FACE('',(#14176),#14141,.T.);
#14176 = FACE_BOUND('',#14177,.T.);
#14177 = EDGE_LOOP('',(#14178,#14179,#14202,#14232));
#14178 = ORIENTED_EDGE('',*,*,#14125,.T.);
#14179 = ORIENTED_EDGE('',*,*,#14180,.T.);
#14180 = EDGE_CURVE('',#14103,#14181,#14183,.T.);
#14181 = VERTEX_POINT('',#14182);
#14182 = CARTESIAN_POINT('',(3.8353125,-1.312,9.0181640625));
#14183 = SURFACE_CURVE('',#14184,(#14188,#14195),.PCURVE_S1.);
#14184 = B_SPLINE_CURVE_WITH_KNOTS('',2,(#14185,#14186,#14187),
  .UNSPECIFIED.,.F.,.F.,(3,3),(0.,1.),.PIECEWISE_BEZIER_KNOTS.);
#14185 = CARTESIAN_POINT('',(3.822421875,-1.312,9.153515625));
#14186 = CARTESIAN_POINT('',(3.8353125,-1.312,9.1033203125));
#14187 = CARTESIAN_POINT('',(3.8353125,-1.312,9.0181640625));
#14188 = PCURVE('',#14141,#14189);
#14189 = DEFINITIONAL_REPRESENTATION('',(#14190),#14194);
#14190 = LINE('',#14191,#14192);
#14191 = CARTESIAN_POINT('',(0.,-1.2E-02));
#14192 = VECTOR('',#14193,1.);
#14193 = DIRECTION('',(1.,0.));
#14194 = ( GEOMETRIC_REPRESENTATION_CONTEXT(2) 
PARAMETRIC_REPRESENTATION_CONTEXT() REPRESENTATION_CONTEXT('2D SPACE',''
  ) );
#14195 = PCURVE('',#13718,#14196);
#14196 = DEFINITIONAL_REPRESENTATION('',(#14197),#14201);
#14197 = B_SPLINE_CURVE_WITH_KNOTS('',2,(#14198,#14199,#14200),
  .UNSPECIFIED.,.F.,.F.,(3,3),(0.,1.),.PIECEWISE_BEZIER_KNOTS.);
#14198 = CARTESIAN_POINT('',(0.39375,0.4177734375));
#14199 = CARTESIAN_POINT('',(0.406640625,0.367578125));
#14200 = CARTESIAN_POINT('',(0.406640625,0.282421875));
#14201 = ( GEOMETRIC_REPRESENTATION_CONTEXT(2) 
PARAMETRIC_REPRESENTATION_CONTEXT() REPRESENTATION_CONTEXT('2D SPACE',''
  ) );
#14202 = ORIENTED_EDGE('',*,*,#14203,.F.);
#14203 = EDGE_CURVE('',#14204,#14181,#14206,.T.);
#14204 = VERTEX_POINT('',#14205);
#14205 = CARTESIAN_POINT('',(3.8353125,-1.3,9.0181640625));
#14206 = SURFACE_CURVE('',#14207,(#14211,#14218),.PCURVE_S1.);
#14207 = LINE('',#14208,#14209);
#14208 = CARTESIAN_POINT('',(3.8353125,-1.3,9.0181640625));
#14209 = VECTOR('',#14210,1.);
#14210 = DIRECTION('',(0.,-1.,0.));
#14211 = PCURVE('',#14141,#14212);
#14212 = DEFINITIONAL_REPRESENTATION('',(#14213),#14217);
#14213 = LINE('',#14214,#14215);
#14214 = CARTESIAN_POINT('',(1.,0.));
#14215 = VECTOR('',#14216,1.);
#14216 = DIRECTION('',(0.,-1.));
#14217 = ( GEOMETRIC_REPRESENTATION_CONTEXT(2) 
PARAMETRIC_REPRESENTATION_CONTEXT() REPRESENTATION_CONTEXT('2D SPACE',''
  ) );
#14218 = PCURVE('',#14219,#14226);
#14219 = SURFACE_OF_LINEAR_EXTRUSION('',#14220,#14224);
#14220 = B_SPLINE_CURVE_WITH_KNOTS('',2,(#14221,#14222,#14223),
  .UNSPECIFIED.,.F.,.F.,(3,3),(0.,1.),.PIECEWISE_BEZIER_KNOTS.);
#14221 = CARTESIAN_POINT('',(3.8353125,-1.3,9.0181640625));
#14222 = CARTESIAN_POINT('',(3.8353125,-1.3,8.9173828125));
#14223 = CARTESIAN_POINT('',(3.814609375,-1.3,8.85546875));
#14224 = VECTOR('',#14225,1.);
#14225 = DIRECTION('',(-0.,1.,-0.));
#14226 = DEFINITIONAL_REPRESENTATION('',(#14227),#14231);
#14227 = LINE('',#14228,#14229);
#14228 = CARTESIAN_POINT('',(0.,0.));
#14229 = VECTOR('',#14230,1.);
#14230 = DIRECTION('',(0.,-1.));
#14231 = ( GEOMETRIC_REPRESENTATION_CONTEXT(2) 
PARAMETRIC_REPRESENTATION_CONTEXT() REPRESENTATION_CONTEXT('2D SPACE',''
  ) );
#14232 = ORIENTED_EDGE('',*,*,#14233,.F.);
#14233 = EDGE_CURVE('',#14126,#14204,#14234,.T.);
#14234 = SURFACE_CURVE('',#14235,(#14239,#14246),.PCURVE_S1.);
#14235 = B_SPLINE_CURVE_WITH_KNOTS('',2,(#14236,#14237,#14238),
  .UNSPECIFIED.,.F.,.F.,(3,3),(0.,1.),.PIECEWISE_BEZIER_KNOTS.);
#14236 = CARTESIAN_POINT('',(3.822421875,-1.3,9.153515625));
#14237 = CARTESIAN_POINT('',(3.8353125,-1.3,9.1033203125));
#14238 = CARTESIAN_POINT('',(3.8353125,-1.3,9.0181640625));
#14239 = PCURVE('',#14141,#14240);
#14240 = DEFINITIONAL_REPRESENTATION('',(#14241),#14245);
#14241 = LINE('',#14242,#14243);
#14242 = CARTESIAN_POINT('',(0.,0.));
#14243 = VECTOR('',#14244,1.);
#14244 = DIRECTION('',(1.,0.));
#14245 = ( GEOMETRIC_REPRESENTATION_CONTEXT(2) 
PARAMETRIC_REPRESENTATION_CONTEXT() REPRESENTATION_CONTEXT('2D SPACE',''
  ) );
#14246 = PCURVE('',#13774,#14247);
#14247 = DEFINITIONAL_REPRESENTATION('',(#14248),#14252);
#14248 = B_SPLINE_CURVE_WITH_KNOTS('',2,(#14249,#14250,#14251),
  .UNSPECIFIED.,.F.,.F.,(3,3),(0.,1.),.PIECEWISE_BEZIER_KNOTS.);
#14249 = CARTESIAN_POINT('',(0.39375,0.4177734375));
#14250 = CARTESIAN_POINT('',(0.406640625,0.367578125));
#14251 = CARTESIAN_POINT('',(0.406640625,0.282421875));
#14252 = ( GEOMETRIC_REPRESENTATION_CONTEXT(2) 
PARAMETRIC_REPRESENTATION_CONTEXT() REPRESENTATION_CONTEXT('2D SPACE',''
  ) );
#14253 = ADVANCED_FACE('',(#14254),#14219,.T.);
#14254 = FACE_BOUND('',#14255,.T.);
#14255 = EDGE_LOOP('',(#14256,#14257,#14280,#14310));
#14256 = ORIENTED_EDGE('',*,*,#14203,.T.);
#14257 = ORIENTED_EDGE('',*,*,#14258,.T.);
#14258 = EDGE_CURVE('',#14181,#14259,#14261,.T.);
#14259 = VERTEX_POINT('',#14260);
#14260 = CARTESIAN_POINT('',(3.814609375,-1.312,8.85546875));
#14261 = SURFACE_CURVE('',#14262,(#14266,#14273),.PCURVE_S1.);
#14262 = B_SPLINE_CURVE_WITH_KNOTS('',2,(#14263,#14264,#14265),
  .UNSPECIFIED.,.F.,.F.,(3,3),(0.,1.),.PIECEWISE_BEZIER_KNOTS.);
#14263 = CARTESIAN_POINT('',(3.8353125,-1.312,9.0181640625));
#14264 = CARTESIAN_POINT('',(3.8353125,-1.312,8.9173828125));
#14265 = CARTESIAN_POINT('',(3.814609375,-1.312,8.85546875));
#14266 = PCURVE('',#14219,#14267);
#14267 = DEFINITIONAL_REPRESENTATION('',(#14268),#14272);
#14268 = LINE('',#14269,#14270);
#14269 = CARTESIAN_POINT('',(0.,-1.2E-02));
#14270 = VECTOR('',#14271,1.);
#14271 = DIRECTION('',(1.,0.));
#14272 = ( GEOMETRIC_REPRESENTATION_CONTEXT(2) 
PARAMETRIC_REPRESENTATION_CONTEXT() REPRESENTATION_CONTEXT('2D SPACE',''
  ) );
#14273 = PCURVE('',#13718,#14274);
#14274 = DEFINITIONAL_REPRESENTATION('',(#14275),#14279);
#14275 = B_SPLINE_CURVE_WITH_KNOTS('',2,(#14276,#14277,#14278),
  .UNSPECIFIED.,.F.,.F.,(3,3),(0.,1.),.PIECEWISE_BEZIER_KNOTS.);
#14276 = CARTESIAN_POINT('',(0.406640625,0.282421875));
#14277 = CARTESIAN_POINT('',(0.406640625,0.181640625));
#14278 = CARTESIAN_POINT('',(0.3859375,0.1197265625));
#14279 = ( GEOMETRIC_REPRESENTATION_CONTEXT(2) 
PARAMETRIC_REPRESENTATION_CONTEXT() REPRESENTATION_CONTEXT('2D SPACE',''
  ) );
#14280 = ORIENTED_EDGE('',*,*,#14281,.F.);
#14281 = EDGE_CURVE('',#14282,#14259,#14284,.T.);
#14282 = VERTEX_POINT('',#14283);
#14283 = CARTESIAN_POINT('',(3.814609375,-1.3,8.85546875));
#14284 = SURFACE_CURVE('',#14285,(#14289,#14296),.PCURVE_S1.);
#14285 = LINE('',#14286,#14287);
#14286 = CARTESIAN_POINT('',(3.814609375,-1.3,8.85546875));
#14287 = VECTOR('',#14288,1.);
#14288 = DIRECTION('',(0.,-1.,0.));
#14289 = PCURVE('',#14219,#14290);
#14290 = DEFINITIONAL_REPRESENTATION('',(#14291),#14295);
#14291 = LINE('',#14292,#14293);
#14292 = CARTESIAN_POINT('',(1.,0.));
#14293 = VECTOR('',#14294,1.);
#14294 = DIRECTION('',(0.,-1.));
#14295 = ( GEOMETRIC_REPRESENTATION_CONTEXT(2) 
PARAMETRIC_REPRESENTATION_CONTEXT() REPRESENTATION_CONTEXT('2D SPACE',''
  ) );
#14296 = PCURVE('',#14297,#14304);
#14297 = SURFACE_OF_LINEAR_EXTRUSION('',#14298,#14302);
#14298 = B_SPLINE_CURVE_WITH_KNOTS('',2,(#14299,#14300,#14301),
  .UNSPECIFIED.,.F.,.F.,(3,3),(0.,1.),.PIECEWISE_BEZIER_KNOTS.);
#14299 = CARTESIAN_POINT('',(3.814609375,-1.3,8.85546875));
#14300 = CARTESIAN_POINT('',(3.79390625,-1.3,8.7935546875));
#14301 = CARTESIAN_POINT('',(3.7526953125,-1.3,8.759765625));
#14302 = VECTOR('',#14303,1.);
#14303 = DIRECTION('',(-0.,1.,-0.));
#14304 = DEFINITIONAL_REPRESENTATION('',(#14305),#14309);
#14305 = LINE('',#14306,#14307);
#14306 = CARTESIAN_POINT('',(0.,0.));
#14307 = VECTOR('',#14308,1.);
#14308 = DIRECTION('',(0.,-1.));
#14309 = ( GEOMETRIC_REPRESENTATION_CONTEXT(2) 
PARAMETRIC_REPRESENTATION_CONTEXT() REPRESENTATION_CONTEXT('2D SPACE',''
  ) );
#14310 = ORIENTED_EDGE('',*,*,#14311,.F.);
#14311 = EDGE_CURVE('',#14204,#14282,#14312,.T.);
#14312 = SURFACE_CURVE('',#14313,(#14317,#14324),.PCURVE_S1.);
#14313 = B_SPLINE_CURVE_WITH_KNOTS('',2,(#14314,#14315,#14316),
  .UNSPECIFIED.,.F.,.F.,(3,3),(0.,1.),.PIECEWISE_BEZIER_KNOTS.);
#14314 = CARTESIAN_POINT('',(3.8353125,-1.3,9.0181640625));
#14315 = CARTESIAN_POINT('',(3.8353125,-1.3,8.9173828125));
#14316 = CARTESIAN_POINT('',(3.814609375,-1.3,8.85546875));
#14317 = PCURVE('',#14219,#14318);
#14318 = DEFINITIONAL_REPRESENTATION('',(#14319),#14323);
#14319 = LINE('',#14320,#14321);
#14320 = CARTESIAN_POINT('',(0.,0.));
#14321 = VECTOR('',#14322,1.);
#14322 = DIRECTION('',(1.,0.));
#14323 = ( GEOMETRIC_REPRESENTATION_CONTEXT(2) 
PARAMETRIC_REPRESENTATION_CONTEXT() REPRESENTATION_CONTEXT('2D SPACE',''
  ) );
#14324 = PCURVE('',#13774,#14325);
#14325 = DEFINITIONAL_REPRESENTATION('',(#14326),#14330);
#14326 = B_SPLINE_CURVE_WITH_KNOTS('',2,(#14327,#14328,#14329),
  .UNSPECIFIED.,.F.,.F.,(3,3),(0.,1.),.PIECEWISE_BEZIER_KNOTS.);
#14327 = CARTESIAN_POINT('',(0.406640625,0.282421875));
#14328 = CARTESIAN_POINT('',(0.406640625,0.181640625));
#14329 = CARTESIAN_POINT('',(0.3859375,0.1197265625));
#14330 = ( GEOMETRIC_REPRESENTATION_CONTEXT(2) 
PARAMETRIC_REPRESENTATION_CONTEXT() REPRESENTATION_CONTEXT('2D SPACE',''
  ) );
#14331 = ADVANCED_FACE('',(#14332),#14297,.T.);
#14332 = FACE_BOUND('',#14333,.T.);
#14333 = EDGE_LOOP('',(#14334,#14335,#14358,#14388));
#14334 = ORIENTED_EDGE('',*,*,#14281,.T.);
#14335 = ORIENTED_EDGE('',*,*,#14336,.T.);
#14336 = EDGE_CURVE('',#14259,#14337,#14339,.T.);
#14337 = VERTEX_POINT('',#14338);
#14338 = CARTESIAN_POINT('',(3.7526953125,-1.312,8.759765625));
#14339 = SURFACE_CURVE('',#14340,(#14344,#14351),.PCURVE_S1.);
#14340 = B_SPLINE_CURVE_WITH_KNOTS('',2,(#14341,#14342,#14343),
  .UNSPECIFIED.,.F.,.F.,(3,3),(0.,1.),.PIECEWISE_BEZIER_KNOTS.);
#14341 = CARTESIAN_POINT('',(3.814609375,-1.312,8.85546875));
#14342 = CARTESIAN_POINT('',(3.79390625,-1.312,8.7935546875));
#14343 = CARTESIAN_POINT('',(3.7526953125,-1.312,8.759765625));
#14344 = PCURVE('',#14297,#14345);
#14345 = DEFINITIONAL_REPRESENTATION('',(#14346),#14350);
#14346 = LINE('',#14347,#14348);
#14347 = CARTESIAN_POINT('',(0.,-1.2E-02));
#14348 = VECTOR('',#14349,1.);
#14349 = DIRECTION('',(1.,0.));
#14350 = ( GEOMETRIC_REPRESENTATION_CONTEXT(2) 
PARAMETRIC_REPRESENTATION_CONTEXT() REPRESENTATION_CONTEXT('2D SPACE',''
  ) );
#14351 = PCURVE('',#13718,#14352);
#14352 = DEFINITIONAL_REPRESENTATION('',(#14353),#14357);
#14353 = B_SPLINE_CURVE_WITH_KNOTS('',2,(#14354,#14355,#14356),
  .UNSPECIFIED.,.F.,.F.,(3,3),(0.,1.),.PIECEWISE_BEZIER_KNOTS.);
#14354 = CARTESIAN_POINT('',(0.3859375,0.1197265625));
#14355 = CARTESIAN_POINT('',(0.365234375,5.78125E-02));
#14356 = CARTESIAN_POINT('',(0.3240234375,2.40234375E-02));
#14357 = ( GEOMETRIC_REPRESENTATION_CONTEXT(2) 
PARAMETRIC_REPRESENTATION_CONTEXT() REPRESENTATION_CONTEXT('2D SPACE',''
  ) );
#14358 = ORIENTED_EDGE('',*,*,#14359,.F.);
#14359 = EDGE_CURVE('',#14360,#14337,#14362,.T.);
#14360 = VERTEX_POINT('',#14361);
#14361 = CARTESIAN_POINT('',(3.7526953125,-1.3,8.759765625));
#14362 = SURFACE_CURVE('',#14363,(#14367,#14374),.PCURVE_S1.);
#14363 = LINE('',#14364,#14365);
#14364 = CARTESIAN_POINT('',(3.7526953125,-1.3,8.759765625));
#14365 = VECTOR('',#14366,1.);
#14366 = DIRECTION('',(0.,-1.,0.));
#14367 = PCURVE('',#14297,#14368);
#14368 = DEFINITIONAL_REPRESENTATION('',(#14369),#14373);
#14369 = LINE('',#14370,#14371);
#14370 = CARTESIAN_POINT('',(1.,0.));
#14371 = VECTOR('',#14372,1.);
#14372 = DIRECTION('',(0.,-1.));
#14373 = ( GEOMETRIC_REPRESENTATION_CONTEXT(2) 
PARAMETRIC_REPRESENTATION_CONTEXT() REPRESENTATION_CONTEXT('2D SPACE',''
  ) );
#14374 = PCURVE('',#14375,#14382);
#14375 = SURFACE_OF_LINEAR_EXTRUSION('',#14376,#14380);
#14376 = B_SPLINE_CURVE_WITH_KNOTS('',2,(#14377,#14378,#14379),
  .UNSPECIFIED.,.F.,.F.,(3,3),(0.,1.),.PIECEWISE_BEZIER_KNOTS.);
#14377 = CARTESIAN_POINT('',(3.7526953125,-1.3,8.759765625));
#14378 = CARTESIAN_POINT('',(3.711484375,-1.3,8.7259765625));
#14379 = CARTESIAN_POINT('',(3.64859375,-1.3,8.7259765625));
#14380 = VECTOR('',#14381,1.);
#14381 = DIRECTION('',(-0.,1.,-0.));
#14382 = DEFINITIONAL_REPRESENTATION('',(#14383),#14387);
#14383 = LINE('',#14384,#14385);
#14384 = CARTESIAN_POINT('',(0.,0.));
#14385 = VECTOR('',#14386,1.);
#14386 = DIRECTION('',(0.,-1.));
#14387 = ( GEOMETRIC_REPRESENTATION_CONTEXT(2) 
PARAMETRIC_REPRESENTATION_CONTEXT() REPRESENTATION_CONTEXT('2D SPACE',''
  ) );
#14388 = ORIENTED_EDGE('',*,*,#14389,.F.);
#14389 = EDGE_CURVE('',#14282,#14360,#14390,.T.);
#14390 = SURFACE_CURVE('',#14391,(#14395,#14402),.PCURVE_S1.);
#14391 = B_SPLINE_CURVE_WITH_KNOTS('',2,(#14392,#14393,#14394),
  .UNSPECIFIED.,.F.,.F.,(3,3),(0.,1.),.PIECEWISE_BEZIER_KNOTS.);
#14392 = CARTESIAN_POINT('',(3.814609375,-1.3,8.85546875));
#14393 = CARTESIAN_POINT('',(3.79390625,-1.3,8.7935546875));
#14394 = CARTESIAN_POINT('',(3.7526953125,-1.3,8.759765625));
#14395 = PCURVE('',#14297,#14396);
#14396 = DEFINITIONAL_REPRESENTATION('',(#14397),#14401);
#14397 = LINE('',#14398,#14399);
#14398 = CARTESIAN_POINT('',(0.,0.));
#14399 = VECTOR('',#14400,1.);
#14400 = DIRECTION('',(1.,0.));
#14401 = ( GEOMETRIC_REPRESENTATION_CONTEXT(2) 
PARAMETRIC_REPRESENTATION_CONTEXT() REPRESENTATION_CONTEXT('2D SPACE',''
  ) );
#14402 = PCURVE('',#13774,#14403);
#14403 = DEFINITIONAL_REPRESENTATION('',(#14404),#14408);
#14404 = B_SPLINE_CURVE_WITH_KNOTS('',2,(#14405,#14406,#14407),
  .UNSPECIFIED.,.F.,.F.,(3,3),(0.,1.),.PIECEWISE_BEZIER_KNOTS.);
#14405 = CARTESIAN_POINT('',(0.3859375,0.1197265625));
#14406 = CARTESIAN_POINT('',(0.365234375,5.78125E-02));
#14407 = CARTESIAN_POINT('',(0.3240234375,2.40234375E-02));
#14408 = ( GEOMETRIC_REPRESENTATION_CONTEXT(2) 
PARAMETRIC_REPRESENTATION_CONTEXT() REPRESENTATION_CONTEXT('2D SPACE',''
  ) );
#14409 = ADVANCED_FACE('',(#14410),#14375,.T.);
#14410 = FACE_BOUND('',#14411,.T.);
#14411 = EDGE_LOOP('',(#14412,#14413,#14436,#14466));
#14412 = ORIENTED_EDGE('',*,*,#14359,.T.);
#14413 = ORIENTED_EDGE('',*,*,#14414,.T.);
#14414 = EDGE_CURVE('',#14337,#14415,#14417,.T.);
#14415 = VERTEX_POINT('',#14416);
#14416 = CARTESIAN_POINT('',(3.64859375,-1.312,8.7259765625));
#14417 = SURFACE_CURVE('',#14418,(#14422,#14429),.PCURVE_S1.);
#14418 = B_SPLINE_CURVE_WITH_KNOTS('',2,(#14419,#14420,#14421),
  .UNSPECIFIED.,.F.,.F.,(3,3),(0.,1.),.PIECEWISE_BEZIER_KNOTS.);
#14419 = CARTESIAN_POINT('',(3.7526953125,-1.312,8.759765625));
#14420 = CARTESIAN_POINT('',(3.711484375,-1.312,8.7259765625));
#14421 = CARTESIAN_POINT('',(3.64859375,-1.312,8.7259765625));
#14422 = PCURVE('',#14375,#14423);
#14423 = DEFINITIONAL_REPRESENTATION('',(#14424),#14428);
#14424 = LINE('',#14425,#14426);
#14425 = CARTESIAN_POINT('',(0.,-1.2E-02));
#14426 = VECTOR('',#14427,1.);
#14427 = DIRECTION('',(1.,0.));
#14428 = ( GEOMETRIC_REPRESENTATION_CONTEXT(2) 
PARAMETRIC_REPRESENTATION_CONTEXT() REPRESENTATION_CONTEXT('2D SPACE',''
  ) );
#14429 = PCURVE('',#13718,#14430);
#14430 = DEFINITIONAL_REPRESENTATION('',(#14431),#14435);
#14431 = B_SPLINE_CURVE_WITH_KNOTS('',2,(#14432,#14433,#14434),
  .UNSPECIFIED.,.F.,.F.,(3,3),(0.,1.),.PIECEWISE_BEZIER_KNOTS.);
#14432 = CARTESIAN_POINT('',(0.3240234375,2.40234375E-02));
#14433 = CARTESIAN_POINT('',(0.2828125,-9.765625E-03));
#14434 = CARTESIAN_POINT('',(0.219921875,-9.765625E-03));
#14435 = ( GEOMETRIC_REPRESENTATION_CONTEXT(2) 
PARAMETRIC_REPRESENTATION_CONTEXT() REPRESENTATION_CONTEXT('2D SPACE',''
  ) );
#14436 = ORIENTED_EDGE('',*,*,#14437,.F.);
#14437 = EDGE_CURVE('',#14438,#14415,#14440,.T.);
#14438 = VERTEX_POINT('',#14439);
#14439 = CARTESIAN_POINT('',(3.64859375,-1.3,8.7259765625));
#14440 = SURFACE_CURVE('',#14441,(#14445,#14452),.PCURVE_S1.);
#14441 = LINE('',#14442,#14443);
#14442 = CARTESIAN_POINT('',(3.64859375,-1.3,8.7259765625));
#14443 = VECTOR('',#14444,1.);
#14444 = DIRECTION('',(0.,-1.,0.));
#14445 = PCURVE('',#14375,#14446);
#14446 = DEFINITIONAL_REPRESENTATION('',(#14447),#14451);
#14447 = LINE('',#14448,#14449);
#14448 = CARTESIAN_POINT('',(1.,0.));
#14449 = VECTOR('',#14450,1.);
#14450 = DIRECTION('',(0.,-1.));
#14451 = ( GEOMETRIC_REPRESENTATION_CONTEXT(2) 
PARAMETRIC_REPRESENTATION_CONTEXT() REPRESENTATION_CONTEXT('2D SPACE',''
  ) );
#14452 = PCURVE('',#14453,#14460);
#14453 = SURFACE_OF_LINEAR_EXTRUSION('',#14454,#14458);
#14454 = B_SPLINE_CURVE_WITH_KNOTS('',2,(#14455,#14456,#14457),
  .UNSPECIFIED.,.F.,.F.,(3,3),(0.,1.),.PIECEWISE_BEZIER_KNOTS.);
#14455 = CARTESIAN_POINT('',(3.64859375,-1.3,8.7259765625));
#14456 = CARTESIAN_POINT('',(3.56578125,-1.3,8.7259765625));
#14457 = CARTESIAN_POINT('',(3.518515625,-1.3,8.7853515625));
#14458 = VECTOR('',#14459,1.);
#14459 = DIRECTION('',(-0.,1.,-0.));
#14460 = DEFINITIONAL_REPRESENTATION('',(#14461),#14465);
#14461 = LINE('',#14462,#14463);
#14462 = CARTESIAN_POINT('',(0.,0.));
#14463 = VECTOR('',#14464,1.);
#14464 = DIRECTION('',(0.,-1.));
#14465 = ( GEOMETRIC_REPRESENTATION_CONTEXT(2) 
PARAMETRIC_REPRESENTATION_CONTEXT() REPRESENTATION_CONTEXT('2D SPACE',''
  ) );
#14466 = ORIENTED_EDGE('',*,*,#14467,.F.);
#14467 = EDGE_CURVE('',#14360,#14438,#14468,.T.);
#14468 = SURFACE_CURVE('',#14469,(#14473,#14480),.PCURVE_S1.);
#14469 = B_SPLINE_CURVE_WITH_KNOTS('',2,(#14470,#14471,#14472),
  .UNSPECIFIED.,.F.,.F.,(3,3),(0.,1.),.PIECEWISE_BEZIER_KNOTS.);
#14470 = CARTESIAN_POINT('',(3.7526953125,-1.3,8.759765625));
#14471 = CARTESIAN_POINT('',(3.711484375,-1.3,8.7259765625));
#14472 = CARTESIAN_POINT('',(3.64859375,-1.3,8.7259765625));
#14473 = PCURVE('',#14375,#14474);
#14474 = DEFINITIONAL_REPRESENTATION('',(#14475),#14479);
#14475 = LINE('',#14476,#14477);
#14476 = CARTESIAN_POINT('',(0.,0.));
#14477 = VECTOR('',#14478,1.);
#14478 = DIRECTION('',(1.,0.));
#14479 = ( GEOMETRIC_REPRESENTATION_CONTEXT(2) 
PARAMETRIC_REPRESENTATION_CONTEXT() REPRESENTATION_CONTEXT('2D SPACE',''
  ) );
#14480 = PCURVE('',#13774,#14481);
#14481 = DEFINITIONAL_REPRESENTATION('',(#14482),#14486);
#14482 = B_SPLINE_CURVE_WITH_KNOTS('',2,(#14483,#14484,#14485),
  .UNSPECIFIED.,.F.,.F.,(3,3),(0.,1.),.PIECEWISE_BEZIER_KNOTS.);
#14483 = CARTESIAN_POINT('',(0.3240234375,2.40234375E-02));
#14484 = CARTESIAN_POINT('',(0.2828125,-9.765625E-03));
#14485 = CARTESIAN_POINT('',(0.219921875,-9.765625E-03));
#14486 = ( GEOMETRIC_REPRESENTATION_CONTEXT(2) 
PARAMETRIC_REPRESENTATION_CONTEXT() REPRESENTATION_CONTEXT('2D SPACE',''
  ) );
#14487 = ADVANCED_FACE('',(#14488),#14453,.T.);
#14488 = FACE_BOUND('',#14489,.T.);
#14489 = EDGE_LOOP('',(#14490,#14491,#14514,#14537));
#14490 = ORIENTED_EDGE('',*,*,#14437,.T.);
#14491 = ORIENTED_EDGE('',*,*,#14492,.T.);
#14492 = EDGE_CURVE('',#14415,#14493,#14495,.T.);
#14493 = VERTEX_POINT('',#14494);
#14494 = CARTESIAN_POINT('',(3.518515625,-1.312,8.7853515625));
#14495 = SURFACE_CURVE('',#14496,(#14500,#14507),.PCURVE_S1.);
#14496 = B_SPLINE_CURVE_WITH_KNOTS('',2,(#14497,#14498,#14499),
  .UNSPECIFIED.,.F.,.F.,(3,3),(0.,1.),.PIECEWISE_BEZIER_KNOTS.);
#14497 = CARTESIAN_POINT('',(3.64859375,-1.312,8.7259765625));
#14498 = CARTESIAN_POINT('',(3.56578125,-1.312,8.7259765625));
#14499 = CARTESIAN_POINT('',(3.518515625,-1.312,8.7853515625));
#14500 = PCURVE('',#14453,#14501);
#14501 = DEFINITIONAL_REPRESENTATION('',(#14502),#14506);
#14502 = LINE('',#14503,#14504);
#14503 = CARTESIAN_POINT('',(0.,-1.2E-02));
#14504 = VECTOR('',#14505,1.);
#14505 = DIRECTION('',(1.,0.));
#14506 = ( GEOMETRIC_REPRESENTATION_CONTEXT(2) 
PARAMETRIC_REPRESENTATION_CONTEXT() REPRESENTATION_CONTEXT('2D SPACE',''
  ) );
#14507 = PCURVE('',#13718,#14508);
#14508 = DEFINITIONAL_REPRESENTATION('',(#14509),#14513);
#14509 = B_SPLINE_CURVE_WITH_KNOTS('',2,(#14510,#14511,#14512),
  .UNSPECIFIED.,.F.,.F.,(3,3),(0.,1.),.PIECEWISE_BEZIER_KNOTS.);
#14510 = CARTESIAN_POINT('',(0.219921875,-9.765625E-03));
#14511 = CARTESIAN_POINT('',(0.137109375,-9.765625E-03));
#14512 = CARTESIAN_POINT('',(8.984375E-02,4.9609375E-02));
#14513 = ( GEOMETRIC_REPRESENTATION_CONTEXT(2) 
PARAMETRIC_REPRESENTATION_CONTEXT() REPRESENTATION_CONTEXT('2D SPACE',''
  ) );
#14514 = ORIENTED_EDGE('',*,*,#14515,.F.);
#14515 = EDGE_CURVE('',#14516,#14493,#14518,.T.);
#14516 = VERTEX_POINT('',#14517);
#14517 = CARTESIAN_POINT('',(3.518515625,-1.3,8.7853515625));
#14518 = SURFACE_CURVE('',#14519,(#14523,#14530),.PCURVE_S1.);
#14519 = LINE('',#14520,#14521);
#14520 = CARTESIAN_POINT('',(3.518515625,-1.3,8.7853515625));
#14521 = VECTOR('',#14522,1.);
#14522 = DIRECTION('',(0.,-1.,0.));
#14523 = PCURVE('',#14453,#14524);
#14524 = DEFINITIONAL_REPRESENTATION('',(#14525),#14529);
#14525 = LINE('',#14526,#14527);
#14526 = CARTESIAN_POINT('',(1.,0.));
#14527 = VECTOR('',#14528,1.);
#14528 = DIRECTION('',(0.,-1.));
#14529 = ( GEOMETRIC_REPRESENTATION_CONTEXT(2) 
PARAMETRIC_REPRESENTATION_CONTEXT() REPRESENTATION_CONTEXT('2D SPACE',''
  ) );
#14530 = PCURVE('',#13688,#14531);
#14531 = DEFINITIONAL_REPRESENTATION('',(#14532),#14536);
#14532 = LINE('',#14533,#14534);
#14533 = CARTESIAN_POINT('',(0.,0.));
#14534 = VECTOR('',#14535,1.);
#14535 = DIRECTION('',(0.,-1.));
#14536 = ( GEOMETRIC_REPRESENTATION_CONTEXT(2) 
PARAMETRIC_REPRESENTATION_CONTEXT() REPRESENTATION_CONTEXT('2D SPACE',''
  ) );
#14537 = ORIENTED_EDGE('',*,*,#14538,.F.);
#14538 = EDGE_CURVE('',#14438,#14516,#14539,.T.);
#14539 = SURFACE_CURVE('',#14540,(#14544,#14551),.PCURVE_S1.);
#14540 = B_SPLINE_CURVE_WITH_KNOTS('',2,(#14541,#14542,#14543),
  .UNSPECIFIED.,.F.,.F.,(3,3),(0.,1.),.PIECEWISE_BEZIER_KNOTS.);
#14541 = CARTESIAN_POINT('',(3.64859375,-1.3,8.7259765625));
#14542 = CARTESIAN_POINT('',(3.56578125,-1.3,8.7259765625));
#14543 = CARTESIAN_POINT('',(3.518515625,-1.3,8.7853515625));
#14544 = PCURVE('',#14453,#14545);
#14545 = DEFINITIONAL_REPRESENTATION('',(#14546),#14550);
#14546 = LINE('',#14547,#14548);
#14547 = CARTESIAN_POINT('',(0.,0.));
#14548 = VECTOR('',#14549,1.);
#14549 = DIRECTION('',(1.,0.));
#14550 = ( GEOMETRIC_REPRESENTATION_CONTEXT(2) 
PARAMETRIC_REPRESENTATION_CONTEXT() REPRESENTATION_CONTEXT('2D SPACE',''
  ) );
#14551 = PCURVE('',#13774,#14552);
#14552 = DEFINITIONAL_REPRESENTATION('',(#14553),#14557);
#14553 = B_SPLINE_CURVE_WITH_KNOTS('',2,(#14554,#14555,#14556),
  .UNSPECIFIED.,.F.,.F.,(3,3),(0.,1.),.PIECEWISE_BEZIER_KNOTS.);
#14554 = CARTESIAN_POINT('',(0.219921875,-9.765625E-03));
#14555 = CARTESIAN_POINT('',(0.137109375,-9.765625E-03));
#14556 = CARTESIAN_POINT('',(8.984375E-02,4.9609375E-02));
#14557 = ( GEOMETRIC_REPRESENTATION_CONTEXT(2) 
PARAMETRIC_REPRESENTATION_CONTEXT() REPRESENTATION_CONTEXT('2D SPACE',''
  ) );
#14558 = ADVANCED_FACE('',(#14559),#13688,.T.);
#14559 = FACE_BOUND('',#14560,.T.);
#14560 = EDGE_LOOP('',(#14561,#14562,#14583,#14584));
#14561 = ORIENTED_EDGE('',*,*,#14515,.T.);
#14562 = ORIENTED_EDGE('',*,*,#14563,.T.);
#14563 = EDGE_CURVE('',#14493,#13666,#14564,.T.);
#14564 = SURFACE_CURVE('',#14565,(#14569,#14576),.PCURVE_S1.);
#14565 = B_SPLINE_CURVE_WITH_KNOTS('',2,(#14566,#14567,#14568),
  .UNSPECIFIED.,.F.,.F.,(3,3),(0.,1.),.PIECEWISE_BEZIER_KNOTS.);
#14566 = CARTESIAN_POINT('',(3.518515625,-1.312,8.7853515625));
#14567 = CARTESIAN_POINT('',(3.461875,-1.312,8.8568359375));
#14568 = CARTESIAN_POINT('',(3.461875,-1.312,9.0181640625));
#14569 = PCURVE('',#13688,#14570);
#14570 = DEFINITIONAL_REPRESENTATION('',(#14571),#14575);
#14571 = LINE('',#14572,#14573);
#14572 = CARTESIAN_POINT('',(0.,-1.2E-02));
#14573 = VECTOR('',#14574,1.);
#14574 = DIRECTION('',(1.,0.));
#14575 = ( GEOMETRIC_REPRESENTATION_CONTEXT(2) 
PARAMETRIC_REPRESENTATION_CONTEXT() REPRESENTATION_CONTEXT('2D SPACE',''
  ) );
#14576 = PCURVE('',#13718,#14577);
#14577 = DEFINITIONAL_REPRESENTATION('',(#14578),#14582);
#14578 = B_SPLINE_CURVE_WITH_KNOTS('',2,(#14579,#14580,#14581),
  .UNSPECIFIED.,.F.,.F.,(3,3),(0.,1.),.PIECEWISE_BEZIER_KNOTS.);
#14579 = CARTESIAN_POINT('',(8.984375E-02,4.9609375E-02));
#14580 = CARTESIAN_POINT('',(3.3203125E-02,0.12109375));
#14581 = CARTESIAN_POINT('',(3.3203125E-02,0.282421875));
#14582 = ( GEOMETRIC_REPRESENTATION_CONTEXT(2) 
PARAMETRIC_REPRESENTATION_CONTEXT() REPRESENTATION_CONTEXT('2D SPACE',''
  ) );
#14583 = ORIENTED_EDGE('',*,*,#13663,.F.);
#14584 = ORIENTED_EDGE('',*,*,#14585,.F.);
#14585 = EDGE_CURVE('',#14516,#13664,#14586,.T.);
#14586 = SURFACE_CURVE('',#14587,(#14591,#14598),.PCURVE_S1.);
#14587 = B_SPLINE_CURVE_WITH_KNOTS('',2,(#14588,#14589,#14590),
  .UNSPECIFIED.,.F.,.F.,(3,3),(0.,1.),.PIECEWISE_BEZIER_KNOTS.);
#14588 = CARTESIAN_POINT('',(3.518515625,-1.3,8.7853515625));
#14589 = CARTESIAN_POINT('',(3.461875,-1.3,8.8568359375));
#14590 = CARTESIAN_POINT('',(3.461875,-1.3,9.0181640625));
#14591 = PCURVE('',#13688,#14592);
#14592 = DEFINITIONAL_REPRESENTATION('',(#14593),#14597);
#14593 = LINE('',#14594,#14595);
#14594 = CARTESIAN_POINT('',(0.,0.));
#14595 = VECTOR('',#14596,1.);
#14596 = DIRECTION('',(1.,0.));
#14597 = ( GEOMETRIC_REPRESENTATION_CONTEXT(2) 
PARAMETRIC_REPRESENTATION_CONTEXT() REPRESENTATION_CONTEXT('2D SPACE',''
  ) );
#14598 = PCURVE('',#13774,#14599);
#14599 = DEFINITIONAL_REPRESENTATION('',(#14600),#14604);
#14600 = B_SPLINE_CURVE_WITH_KNOTS('',2,(#14601,#14602,#14603),
  .UNSPECIFIED.,.F.,.F.,(3,3),(0.,1.),.PIECEWISE_BEZIER_KNOTS.);
#14601 = CARTESIAN_POINT('',(8.984375E-02,4.9609375E-02));
#14602 = CARTESIAN_POINT('',(3.3203125E-02,0.12109375));
#14603 = CARTESIAN_POINT('',(3.3203125E-02,0.282421875));
#14604 = ( GEOMETRIC_REPRESENTATION_CONTEXT(2) 
PARAMETRIC_REPRESENTATION_CONTEXT() REPRESENTATION_CONTEXT('2D SPACE',''
  ) );
#14605 = ADVANCED_FACE('',(#14606),#14620,.T.);
#14606 = FACE_BOUND('',#14607,.T.);
#14607 = EDGE_LOOP('',(#14608,#14647,#14670,#14700));
#14608 = ORIENTED_EDGE('',*,*,#14609,.T.);
#14609 = EDGE_CURVE('',#14610,#14612,#14614,.T.);
#14610 = VERTEX_POINT('',#14611);
#14611 = CARTESIAN_POINT('',(3.534140625,-1.3,9.0181640625));
#14612 = VERTEX_POINT('',#14613);
#14613 = CARTESIAN_POINT('',(3.534140625,-1.312,9.0181640625));
#14614 = SURFACE_CURVE('',#14615,(#14619,#14633),.PCURVE_S1.);
#14615 = LINE('',#14616,#14617);
#14616 = CARTESIAN_POINT('',(3.534140625,-1.3,9.0181640625));
#14617 = VECTOR('',#14618,1.);
#14618 = DIRECTION('',(0.,-1.,0.));
#14619 = PCURVE('',#14620,#14627);
#14620 = SURFACE_OF_LINEAR_EXTRUSION('',#14621,#14625);
#14621 = B_SPLINE_CURVE_WITH_KNOTS('',2,(#14622,#14623,#14624),
  .UNSPECIFIED.,.F.,.F.,(3,3),(0.,1.),.PIECEWISE_BEZIER_KNOTS.);
#14622 = CARTESIAN_POINT('',(3.534140625,-1.3,9.0181640625));
#14623 = CARTESIAN_POINT('',(3.534140625,-1.3,8.8771484375));
#14624 = CARTESIAN_POINT('',(3.5671484375,-1.3,8.83046875));
#14625 = VECTOR('',#14626,1.);
#14626 = DIRECTION('',(-0.,1.,-0.));
#14627 = DEFINITIONAL_REPRESENTATION('',(#14628),#14632);
#14628 = LINE('',#14629,#14630);
#14629 = CARTESIAN_POINT('',(0.,0.));
#14630 = VECTOR('',#14631,1.);
#14631 = DIRECTION('',(0.,-1.));
#14632 = ( GEOMETRIC_REPRESENTATION_CONTEXT(2) 
PARAMETRIC_REPRESENTATION_CONTEXT() REPRESENTATION_CONTEXT('2D SPACE',''
  ) );
#14633 = PCURVE('',#14634,#14641);
#14634 = SURFACE_OF_LINEAR_EXTRUSION('',#14635,#14639);
#14635 = B_SPLINE_CURVE_WITH_KNOTS('',2,(#14636,#14637,#14638),
  .UNSPECIFIED.,.F.,.F.,(3,3),(0.,1.),.PIECEWISE_BEZIER_KNOTS.);
#14636 = CARTESIAN_POINT('',(3.57046875,-1.3,9.2115234375));
#14637 = CARTESIAN_POINT('',(3.534140625,-1.3,9.1591796875));
#14638 = CARTESIAN_POINT('',(3.534140625,-1.3,9.0181640625));
#14639 = VECTOR('',#14640,1.);
#14640 = DIRECTION('',(-0.,1.,-0.));
#14641 = DEFINITIONAL_REPRESENTATION('',(#14642),#14646);
#14642 = LINE('',#14643,#14644);
#14643 = CARTESIAN_POINT('',(1.,0.));
#14644 = VECTOR('',#14645,1.);
#14645 = DIRECTION('',(0.,-1.));
#14646 = ( GEOMETRIC_REPRESENTATION_CONTEXT(2) 
PARAMETRIC_REPRESENTATION_CONTEXT() REPRESENTATION_CONTEXT('2D SPACE',''
  ) );
#14647 = ORIENTED_EDGE('',*,*,#14648,.T.);
#14648 = EDGE_CURVE('',#14612,#14649,#14651,.T.);
#14649 = VERTEX_POINT('',#14650);
#14650 = CARTESIAN_POINT('',(3.5671484375,-1.312,8.83046875));
#14651 = SURFACE_CURVE('',#14652,(#14656,#14663),.PCURVE_S1.);
#14652 = B_SPLINE_CURVE_WITH_KNOTS('',2,(#14653,#14654,#14655),
  .UNSPECIFIED.,.F.,.F.,(3,3),(0.,1.),.PIECEWISE_BEZIER_KNOTS.);
#14653 = CARTESIAN_POINT('',(3.534140625,-1.312,9.0181640625));
#14654 = CARTESIAN_POINT('',(3.534140625,-1.312,8.8771484375));
#14655 = CARTESIAN_POINT('',(3.5671484375,-1.312,8.83046875));
#14656 = PCURVE('',#14620,#14657);
#14657 = DEFINITIONAL_REPRESENTATION('',(#14658),#14662);
#14658 = LINE('',#14659,#14660);
#14659 = CARTESIAN_POINT('',(0.,-1.2E-02));
#14660 = VECTOR('',#14661,1.);
#14661 = DIRECTION('',(1.,0.));
#14662 = ( GEOMETRIC_REPRESENTATION_CONTEXT(2) 
PARAMETRIC_REPRESENTATION_CONTEXT() REPRESENTATION_CONTEXT('2D SPACE',''
  ) );
#14663 = PCURVE('',#13718,#14664);
#14664 = DEFINITIONAL_REPRESENTATION('',(#14665),#14669);
#14665 = B_SPLINE_CURVE_WITH_KNOTS('',2,(#14666,#14667,#14668),
  .UNSPECIFIED.,.F.,.F.,(3,3),(0.,1.),.PIECEWISE_BEZIER_KNOTS.);
#14666 = CARTESIAN_POINT('',(0.10546875,0.282421875));
#14667 = CARTESIAN_POINT('',(0.10546875,0.14140625));
#14668 = CARTESIAN_POINT('',(0.1384765625,9.47265625E-02));
#14669 = ( GEOMETRIC_REPRESENTATION_CONTEXT(2) 
PARAMETRIC_REPRESENTATION_CONTEXT() REPRESENTATION_CONTEXT('2D SPACE',''
  ) );
#14670 = ORIENTED_EDGE('',*,*,#14671,.F.);
#14671 = EDGE_CURVE('',#14672,#14649,#14674,.T.);
#14672 = VERTEX_POINT('',#14673);
#14673 = CARTESIAN_POINT('',(3.5671484375,-1.3,8.83046875));
#14674 = SURFACE_CURVE('',#14675,(#14679,#14686),.PCURVE_S1.);
#14675 = LINE('',#14676,#14677);
#14676 = CARTESIAN_POINT('',(3.5671484375,-1.3,8.83046875));
#14677 = VECTOR('',#14678,1.);
#14678 = DIRECTION('',(0.,-1.,0.));
#14679 = PCURVE('',#14620,#14680);
#14680 = DEFINITIONAL_REPRESENTATION('',(#14681),#14685);
#14681 = LINE('',#14682,#14683);
#14682 = CARTESIAN_POINT('',(1.,0.));
#14683 = VECTOR('',#14684,1.);
#14684 = DIRECTION('',(0.,-1.));
#14685 = ( GEOMETRIC_REPRESENTATION_CONTEXT(2) 
PARAMETRIC_REPRESENTATION_CONTEXT() REPRESENTATION_CONTEXT('2D SPACE',''
  ) );
#14686 = PCURVE('',#14687,#14694);
#14687 = SURFACE_OF_LINEAR_EXTRUSION('',#14688,#14692);
#14688 = B_SPLINE_CURVE_WITH_KNOTS('',2,(#14689,#14690,#14691),
  .UNSPECIFIED.,.F.,.F.,(3,3),(0.,1.),.PIECEWISE_BEZIER_KNOTS.);
#14689 = CARTESIAN_POINT('',(3.5671484375,-1.3,8.83046875));
#14690 = CARTESIAN_POINT('',(3.60015625,-1.3,8.7837890625));
#14691 = CARTESIAN_POINT('',(3.64859375,-1.3,8.7837890625));
#14692 = VECTOR('',#14693,1.);
#14693 = DIRECTION('',(-0.,1.,-0.));
#14694 = DEFINITIONAL_REPRESENTATION('',(#14695),#14699);
#14695 = LINE('',#14696,#14697);
#14696 = CARTESIAN_POINT('',(0.,0.));
#14697 = VECTOR('',#14698,1.);
#14698 = DIRECTION('',(0.,-1.));
#14699 = ( GEOMETRIC_REPRESENTATION_CONTEXT(2) 
PARAMETRIC_REPRESENTATION_CONTEXT() REPRESENTATION_CONTEXT('2D SPACE',''
  ) );
#14700 = ORIENTED_EDGE('',*,*,#14701,.F.);
#14701 = EDGE_CURVE('',#14610,#14672,#14702,.T.);
#14702 = SURFACE_CURVE('',#14703,(#14707,#14714),.PCURVE_S1.);
#14703 = B_SPLINE_CURVE_WITH_KNOTS('',2,(#14704,#14705,#14706),
  .UNSPECIFIED.,.F.,.F.,(3,3),(0.,1.),.PIECEWISE_BEZIER_KNOTS.);
#14704 = CARTESIAN_POINT('',(3.534140625,-1.3,9.0181640625));
#14705 = CARTESIAN_POINT('',(3.534140625,-1.3,8.8771484375));
#14706 = CARTESIAN_POINT('',(3.5671484375,-1.3,8.83046875));
#14707 = PCURVE('',#14620,#14708);
#14708 = DEFINITIONAL_REPRESENTATION('',(#14709),#14713);
#14709 = LINE('',#14710,#14711);
#14710 = CARTESIAN_POINT('',(0.,0.));
#14711 = VECTOR('',#14712,1.);
#14712 = DIRECTION('',(1.,0.));
#14713 = ( GEOMETRIC_REPRESENTATION_CONTEXT(2) 
PARAMETRIC_REPRESENTATION_CONTEXT() REPRESENTATION_CONTEXT('2D SPACE',''
  ) );
#14714 = PCURVE('',#13774,#14715);
#14715 = DEFINITIONAL_REPRESENTATION('',(#14716),#14720);
#14716 = B_SPLINE_CURVE_WITH_KNOTS('',2,(#14717,#14718,#14719),
  .UNSPECIFIED.,.F.,.F.,(3,3),(0.,1.),.PIECEWISE_BEZIER_KNOTS.);
#14717 = CARTESIAN_POINT('',(0.10546875,0.282421875));
#14718 = CARTESIAN_POINT('',(0.10546875,0.14140625));
#14719 = CARTESIAN_POINT('',(0.1384765625,9.47265625E-02));
#14720 = ( GEOMETRIC_REPRESENTATION_CONTEXT(2) 
PARAMETRIC_REPRESENTATION_CONTEXT() REPRESENTATION_CONTEXT('2D SPACE',''
  ) );
#14721 = ADVANCED_FACE('',(#14722),#14687,.T.);
#14722 = FACE_BOUND('',#14723,.T.);
#14723 = EDGE_LOOP('',(#14724,#14725,#14748,#14778));
#14724 = ORIENTED_EDGE('',*,*,#14671,.T.);
#14725 = ORIENTED_EDGE('',*,*,#14726,.T.);
#14726 = EDGE_CURVE('',#14649,#14727,#14729,.T.);
#14727 = VERTEX_POINT('',#14728);
#14728 = CARTESIAN_POINT('',(3.64859375,-1.312,8.7837890625));
#14729 = SURFACE_CURVE('',#14730,(#14734,#14741),.PCURVE_S1.);
#14730 = B_SPLINE_CURVE_WITH_KNOTS('',2,(#14731,#14732,#14733),
  .UNSPECIFIED.,.F.,.F.,(3,3),(0.,1.),.PIECEWISE_BEZIER_KNOTS.);
#14731 = CARTESIAN_POINT('',(3.5671484375,-1.312,8.83046875));
#14732 = CARTESIAN_POINT('',(3.60015625,-1.312,8.7837890625));
#14733 = CARTESIAN_POINT('',(3.64859375,-1.312,8.7837890625));
#14734 = PCURVE('',#14687,#14735);
#14735 = DEFINITIONAL_REPRESENTATION('',(#14736),#14740);
#14736 = LINE('',#14737,#14738);
#14737 = CARTESIAN_POINT('',(0.,-1.2E-02));
#14738 = VECTOR('',#14739,1.);
#14739 = DIRECTION('',(1.,0.));
#14740 = ( GEOMETRIC_REPRESENTATION_CONTEXT(2) 
PARAMETRIC_REPRESENTATION_CONTEXT() REPRESENTATION_CONTEXT('2D SPACE',''
  ) );
#14741 = PCURVE('',#13718,#14742);
#14742 = DEFINITIONAL_REPRESENTATION('',(#14743),#14747);
#14743 = B_SPLINE_CURVE_WITH_KNOTS('',2,(#14744,#14745,#14746),
  .UNSPECIFIED.,.F.,.F.,(3,3),(0.,1.),.PIECEWISE_BEZIER_KNOTS.);
#14744 = CARTESIAN_POINT('',(0.1384765625,9.47265625E-02));
#14745 = CARTESIAN_POINT('',(0.171484375,4.8046875E-02));
#14746 = CARTESIAN_POINT('',(0.219921875,4.8046875E-02));
#14747 = ( GEOMETRIC_REPRESENTATION_CONTEXT(2) 
PARAMETRIC_REPRESENTATION_CONTEXT() REPRESENTATION_CONTEXT('2D SPACE',''
  ) );
#14748 = ORIENTED_EDGE('',*,*,#14749,.F.);
#14749 = EDGE_CURVE('',#14750,#14727,#14752,.T.);
#14750 = VERTEX_POINT('',#14751);
#14751 = CARTESIAN_POINT('',(3.64859375,-1.3,8.7837890625));
#14752 = SURFACE_CURVE('',#14753,(#14757,#14764),.PCURVE_S1.);
#14753 = LINE('',#14754,#14755);
#14754 = CARTESIAN_POINT('',(3.64859375,-1.3,8.7837890625));
#14755 = VECTOR('',#14756,1.);
#14756 = DIRECTION('',(0.,-1.,0.));
#14757 = PCURVE('',#14687,#14758);
#14758 = DEFINITIONAL_REPRESENTATION('',(#14759),#14763);
#14759 = LINE('',#14760,#14761);
#14760 = CARTESIAN_POINT('',(1.,0.));
#14761 = VECTOR('',#14762,1.);
#14762 = DIRECTION('',(0.,-1.));
#14763 = ( GEOMETRIC_REPRESENTATION_CONTEXT(2) 
PARAMETRIC_REPRESENTATION_CONTEXT() REPRESENTATION_CONTEXT('2D SPACE',''
  ) );
#14764 = PCURVE('',#14765,#14772);
#14765 = SURFACE_OF_LINEAR_EXTRUSION('',#14766,#14770);
#14766 = B_SPLINE_CURVE_WITH_KNOTS('',2,(#14767,#14768,#14769),
  .UNSPECIFIED.,.F.,.F.,(3,3),(0.,1.),.PIECEWISE_BEZIER_KNOTS.);
#14767 = CARTESIAN_POINT('',(3.64859375,-1.3,8.7837890625));
#14768 = CARTESIAN_POINT('',(3.69703125,-1.3,8.7837890625));
#14769 = CARTESIAN_POINT('',(3.7300390625,-1.3,8.8306640625));
#14770 = VECTOR('',#14771,1.);
#14771 = DIRECTION('',(-0.,1.,-0.));
#14772 = DEFINITIONAL_REPRESENTATION('',(#14773),#14777);
#14773 = LINE('',#14774,#14775);
#14774 = CARTESIAN_POINT('',(0.,0.));
#14775 = VECTOR('',#14776,1.);
#14776 = DIRECTION('',(0.,-1.));
#14777 = ( GEOMETRIC_REPRESENTATION_CONTEXT(2) 
PARAMETRIC_REPRESENTATION_CONTEXT() REPRESENTATION_CONTEXT('2D SPACE',''
  ) );
#14778 = ORIENTED_EDGE('',*,*,#14779,.F.);
#14779 = EDGE_CURVE('',#14672,#14750,#14780,.T.);
#14780 = SURFACE_CURVE('',#14781,(#14785,#14792),.PCURVE_S1.);
#14781 = B_SPLINE_CURVE_WITH_KNOTS('',2,(#14782,#14783,#14784),
  .UNSPECIFIED.,.F.,.F.,(3,3),(0.,1.),.PIECEWISE_BEZIER_KNOTS.);
#14782 = CARTESIAN_POINT('',(3.5671484375,-1.3,8.83046875));
#14783 = CARTESIAN_POINT('',(3.60015625,-1.3,8.7837890625));
#14784 = CARTESIAN_POINT('',(3.64859375,-1.3,8.7837890625));
#14785 = PCURVE('',#14687,#14786);
#14786 = DEFINITIONAL_REPRESENTATION('',(#14787),#14791);
#14787 = LINE('',#14788,#14789);
#14788 = CARTESIAN_POINT('',(0.,0.));
#14789 = VECTOR('',#14790,1.);
#14790 = DIRECTION('',(1.,0.));
#14791 = ( GEOMETRIC_REPRESENTATION_CONTEXT(2) 
PARAMETRIC_REPRESENTATION_CONTEXT() REPRESENTATION_CONTEXT('2D SPACE',''
  ) );
#14792 = PCURVE('',#13774,#14793);
#14793 = DEFINITIONAL_REPRESENTATION('',(#14794),#14798);
#14794 = B_SPLINE_CURVE_WITH_KNOTS('',2,(#14795,#14796,#14797),
  .UNSPECIFIED.,.F.,.F.,(3,3),(0.,1.),.PIECEWISE_BEZIER_KNOTS.);
#14795 = CARTESIAN_POINT('',(0.1384765625,9.47265625E-02));
#14796 = CARTESIAN_POINT('',(0.171484375,4.8046875E-02));
#14797 = CARTESIAN_POINT('',(0.219921875,4.8046875E-02));
#14798 = ( GEOMETRIC_REPRESENTATION_CONTEXT(2) 
PARAMETRIC_REPRESENTATION_CONTEXT() REPRESENTATION_CONTEXT('2D SPACE',''
  ) );
#14799 = ADVANCED_FACE('',(#14800),#14765,.T.);
#14800 = FACE_BOUND('',#14801,.T.);
#14801 = EDGE_LOOP('',(#14802,#14803,#14826,#14856));
#14802 = ORIENTED_EDGE('',*,*,#14749,.T.);
#14803 = ORIENTED_EDGE('',*,*,#14804,.T.);
#14804 = EDGE_CURVE('',#14727,#14805,#14807,.T.);
#14805 = VERTEX_POINT('',#14806);
#14806 = CARTESIAN_POINT('',(3.7300390625,-1.312,8.8306640625));
#14807 = SURFACE_CURVE('',#14808,(#14812,#14819),.PCURVE_S1.);
#14808 = B_SPLINE_CURVE_WITH_KNOTS('',2,(#14809,#14810,#14811),
  .UNSPECIFIED.,.F.,.F.,(3,3),(0.,1.),.PIECEWISE_BEZIER_KNOTS.);
#14809 = CARTESIAN_POINT('',(3.64859375,-1.312,8.7837890625));
#14810 = CARTESIAN_POINT('',(3.69703125,-1.312,8.7837890625));
#14811 = CARTESIAN_POINT('',(3.7300390625,-1.312,8.8306640625));
#14812 = PCURVE('',#14765,#14813);
#14813 = DEFINITIONAL_REPRESENTATION('',(#14814),#14818);
#14814 = LINE('',#14815,#14816);
#14815 = CARTESIAN_POINT('',(0.,-1.2E-02));
#14816 = VECTOR('',#14817,1.);
#14817 = DIRECTION('',(1.,0.));
#14818 = ( GEOMETRIC_REPRESENTATION_CONTEXT(2) 
PARAMETRIC_REPRESENTATION_CONTEXT() REPRESENTATION_CONTEXT('2D SPACE',''
  ) );
#14819 = PCURVE('',#13718,#14820);
#14820 = DEFINITIONAL_REPRESENTATION('',(#14821),#14825);
#14821 = B_SPLINE_CURVE_WITH_KNOTS('',2,(#14822,#14823,#14824),
  .UNSPECIFIED.,.F.,.F.,(3,3),(0.,1.),.PIECEWISE_BEZIER_KNOTS.);
#14822 = CARTESIAN_POINT('',(0.219921875,4.8046875E-02));
#14823 = CARTESIAN_POINT('',(0.268359375,4.8046875E-02));
#14824 = CARTESIAN_POINT('',(0.3013671875,9.4921875E-02));
#14825 = ( GEOMETRIC_REPRESENTATION_CONTEXT(2) 
PARAMETRIC_REPRESENTATION_CONTEXT() REPRESENTATION_CONTEXT('2D SPACE',''
  ) );
#14826 = ORIENTED_EDGE('',*,*,#14827,.F.);
#14827 = EDGE_CURVE('',#14828,#14805,#14830,.T.);
#14828 = VERTEX_POINT('',#14829);
#14829 = CARTESIAN_POINT('',(3.7300390625,-1.3,8.8306640625));
#14830 = SURFACE_CURVE('',#14831,(#14835,#14842),.PCURVE_S1.);
#14831 = LINE('',#14832,#14833);
#14832 = CARTESIAN_POINT('',(3.7300390625,-1.3,8.8306640625));
#14833 = VECTOR('',#14834,1.);
#14834 = DIRECTION('',(0.,-1.,0.));
#14835 = PCURVE('',#14765,#14836);
#14836 = DEFINITIONAL_REPRESENTATION('',(#14837),#14841);
#14837 = LINE('',#14838,#14839);
#14838 = CARTESIAN_POINT('',(1.,0.));
#14839 = VECTOR('',#14840,1.);
#14840 = DIRECTION('',(0.,-1.));
#14841 = ( GEOMETRIC_REPRESENTATION_CONTEXT(2) 
PARAMETRIC_REPRESENTATION_CONTEXT() REPRESENTATION_CONTEXT('2D SPACE',''
  ) );
#14842 = PCURVE('',#14843,#14850);
#14843 = SURFACE_OF_LINEAR_EXTRUSION('',#14844,#14848);
#14844 = B_SPLINE_CURVE_WITH_KNOTS('',2,(#14845,#14846,#14847),
  .UNSPECIFIED.,.F.,.F.,(3,3),(0.,1.),.PIECEWISE_BEZIER_KNOTS.);
#14845 = CARTESIAN_POINT('',(3.7300390625,-1.3,8.8306640625));
#14846 = CARTESIAN_POINT('',(3.763046875,-1.3,8.8775390625));
#14847 = CARTESIAN_POINT('',(3.763046875,-1.3,9.0181640625));
#14848 = VECTOR('',#14849,1.);
#14849 = DIRECTION('',(-0.,1.,-0.));
#14850 = DEFINITIONAL_REPRESENTATION('',(#14851),#14855);
#14851 = LINE('',#14852,#14853);
#14852 = CARTESIAN_POINT('',(0.,0.));
#14853 = VECTOR('',#14854,1.);
#14854 = DIRECTION('',(0.,-1.));
#14855 = ( GEOMETRIC_REPRESENTATION_CONTEXT(2) 
PARAMETRIC_REPRESENTATION_CONTEXT() REPRESENTATION_CONTEXT('2D SPACE',''
  ) );
#14856 = ORIENTED_EDGE('',*,*,#14857,.F.);
#14857 = EDGE_CURVE('',#14750,#14828,#14858,.T.);
#14858 = SURFACE_CURVE('',#14859,(#14863,#14870),.PCURVE_S1.);
#14859 = B_SPLINE_CURVE_WITH_KNOTS('',2,(#14860,#14861,#14862),
  .UNSPECIFIED.,.F.,.F.,(3,3),(0.,1.),.PIECEWISE_BEZIER_KNOTS.);
#14860 = CARTESIAN_POINT('',(3.64859375,-1.3,8.7837890625));
#14861 = CARTESIAN_POINT('',(3.69703125,-1.3,8.7837890625));
#14862 = CARTESIAN_POINT('',(3.7300390625,-1.3,8.8306640625));
#14863 = PCURVE('',#14765,#14864);
#14864 = DEFINITIONAL_REPRESENTATION('',(#14865),#14869);
#14865 = LINE('',#14866,#14867);
#14866 = CARTESIAN_POINT('',(0.,0.));
#14867 = VECTOR('',#14868,1.);
#14868 = DIRECTION('',(1.,0.));
#14869 = ( GEOMETRIC_REPRESENTATION_CONTEXT(2) 
PARAMETRIC_REPRESENTATION_CONTEXT() REPRESENTATION_CONTEXT('2D SPACE',''
  ) );
#14870 = PCURVE('',#13774,#14871);
#14871 = DEFINITIONAL_REPRESENTATION('',(#14872),#14876);
#14872 = B_SPLINE_CURVE_WITH_KNOTS('',2,(#14873,#14874,#14875),
  .UNSPECIFIED.,.F.,.F.,(3,3),(0.,1.),.PIECEWISE_BEZIER_KNOTS.);
#14873 = CARTESIAN_POINT('',(0.219921875,4.8046875E-02));
#14874 = CARTESIAN_POINT('',(0.268359375,4.8046875E-02));
#14875 = CARTESIAN_POINT('',(0.3013671875,9.4921875E-02));
#14876 = ( GEOMETRIC_REPRESENTATION_CONTEXT(2) 
PARAMETRIC_REPRESENTATION_CONTEXT() REPRESENTATION_CONTEXT('2D SPACE',''
  ) );
#14877 = ADVANCED_FACE('',(#14878),#14843,.T.);
#14878 = FACE_BOUND('',#14879,.T.);
#14879 = EDGE_LOOP('',(#14880,#14881,#14904,#14934));
#14880 = ORIENTED_EDGE('',*,*,#14827,.T.);
#14881 = ORIENTED_EDGE('',*,*,#14882,.T.);
#14882 = EDGE_CURVE('',#14805,#14883,#14885,.T.);
#14883 = VERTEX_POINT('',#14884);
#14884 = CARTESIAN_POINT('',(3.763046875,-1.312,9.0181640625));
#14885 = SURFACE_CURVE('',#14886,(#14890,#14897),.PCURVE_S1.);
#14886 = B_SPLINE_CURVE_WITH_KNOTS('',2,(#14887,#14888,#14889),
  .UNSPECIFIED.,.F.,.F.,(3,3),(0.,1.),.PIECEWISE_BEZIER_KNOTS.);
#14887 = CARTESIAN_POINT('',(3.7300390625,-1.312,8.8306640625));
#14888 = CARTESIAN_POINT('',(3.763046875,-1.312,8.8775390625));
#14889 = CARTESIAN_POINT('',(3.763046875,-1.312,9.0181640625));
#14890 = PCURVE('',#14843,#14891);
#14891 = DEFINITIONAL_REPRESENTATION('',(#14892),#14896);
#14892 = LINE('',#14893,#14894);
#14893 = CARTESIAN_POINT('',(0.,-1.2E-02));
#14894 = VECTOR('',#14895,1.);
#14895 = DIRECTION('',(1.,0.));
#14896 = ( GEOMETRIC_REPRESENTATION_CONTEXT(2) 
PARAMETRIC_REPRESENTATION_CONTEXT() REPRESENTATION_CONTEXT('2D SPACE',''
  ) );
#14897 = PCURVE('',#13718,#14898);
#14898 = DEFINITIONAL_REPRESENTATION('',(#14899),#14903);
#14899 = B_SPLINE_CURVE_WITH_KNOTS('',2,(#14900,#14901,#14902),
  .UNSPECIFIED.,.F.,.F.,(3,3),(0.,1.),.PIECEWISE_BEZIER_KNOTS.);
#14900 = CARTESIAN_POINT('',(0.3013671875,9.4921875E-02));
#14901 = CARTESIAN_POINT('',(0.334375,0.141796875));
#14902 = CARTESIAN_POINT('',(0.334375,0.282421875));
#14903 = ( GEOMETRIC_REPRESENTATION_CONTEXT(2) 
PARAMETRIC_REPRESENTATION_CONTEXT() REPRESENTATION_CONTEXT('2D SPACE',''
  ) );
#14904 = ORIENTED_EDGE('',*,*,#14905,.F.);
#14905 = EDGE_CURVE('',#14906,#14883,#14908,.T.);
#14906 = VERTEX_POINT('',#14907);
#14907 = CARTESIAN_POINT('',(3.763046875,-1.3,9.0181640625));
#14908 = SURFACE_CURVE('',#14909,(#14913,#14920),.PCURVE_S1.);
#14909 = LINE('',#14910,#14911);
#14910 = CARTESIAN_POINT('',(3.763046875,-1.3,9.0181640625));
#14911 = VECTOR('',#14912,1.);
#14912 = DIRECTION('',(0.,-1.,0.));
#14913 = PCURVE('',#14843,#14914);
#14914 = DEFINITIONAL_REPRESENTATION('',(#14915),#14919);
#14915 = LINE('',#14916,#14917);
#14916 = CARTESIAN_POINT('',(1.,0.));
#14917 = VECTOR('',#14918,1.);
#14918 = DIRECTION('',(0.,-1.));
#14919 = ( GEOMETRIC_REPRESENTATION_CONTEXT(2) 
PARAMETRIC_REPRESENTATION_CONTEXT() REPRESENTATION_CONTEXT('2D SPACE',''
  ) );
#14920 = PCURVE('',#14921,#14928);
#14921 = SURFACE_OF_LINEAR_EXTRUSION('',#14922,#14926);
#14922 = B_SPLINE_CURVE_WITH_KNOTS('',2,(#14923,#14924,#14925),
  .UNSPECIFIED.,.F.,.F.,(3,3),(0.,1.),.PIECEWISE_BEZIER_KNOTS.);
#14923 = CARTESIAN_POINT('',(3.763046875,-1.3,9.0181640625));
#14924 = CARTESIAN_POINT('',(3.763046875,-1.3,9.1595703125));
#14925 = CARTESIAN_POINT('',(3.7300390625,-1.3,9.2060546875));
#14926 = VECTOR('',#14927,1.);
#14927 = DIRECTION('',(-0.,1.,-0.));
#14928 = DEFINITIONAL_REPRESENTATION('',(#14929),#14933);
#14929 = LINE('',#14930,#14931);
#14930 = CARTESIAN_POINT('',(0.,0.));
#14931 = VECTOR('',#14932,1.);
#14932 = DIRECTION('',(0.,-1.));
#14933 = ( GEOMETRIC_REPRESENTATION_CONTEXT(2) 
PARAMETRIC_REPRESENTATION_CONTEXT() REPRESENTATION_CONTEXT('2D SPACE',''
  ) );
#14934 = ORIENTED_EDGE('',*,*,#14935,.F.);
#14935 = EDGE_CURVE('',#14828,#14906,#14936,.T.);
#14936 = SURFACE_CURVE('',#14937,(#14941,#14948),.PCURVE_S1.);
#14937 = B_SPLINE_CURVE_WITH_KNOTS('',2,(#14938,#14939,#14940),
  .UNSPECIFIED.,.F.,.F.,(3,3),(0.,1.),.PIECEWISE_BEZIER_KNOTS.);
#14938 = CARTESIAN_POINT('',(3.7300390625,-1.3,8.8306640625));
#14939 = CARTESIAN_POINT('',(3.763046875,-1.3,8.8775390625));
#14940 = CARTESIAN_POINT('',(3.763046875,-1.3,9.0181640625));
#14941 = PCURVE('',#14843,#14942);
#14942 = DEFINITIONAL_REPRESENTATION('',(#14943),#14947);
#14943 = LINE('',#14944,#14945);
#14944 = CARTESIAN_POINT('',(0.,0.));
#14945 = VECTOR('',#14946,1.);
#14946 = DIRECTION('',(1.,0.));
#14947 = ( GEOMETRIC_REPRESENTATION_CONTEXT(2) 
PARAMETRIC_REPRESENTATION_CONTEXT() REPRESENTATION_CONTEXT('2D SPACE',''
  ) );
#14948 = PCURVE('',#13774,#14949);
#14949 = DEFINITIONAL_REPRESENTATION('',(#14950),#14954);
#14950 = B_SPLINE_CURVE_WITH_KNOTS('',2,(#14951,#14952,#14953),
  .UNSPECIFIED.,.F.,.F.,(3,3),(0.,1.),.PIECEWISE_BEZIER_KNOTS.);
#14951 = CARTESIAN_POINT('',(0.3013671875,9.4921875E-02));
#14952 = CARTESIAN_POINT('',(0.334375,0.141796875));
#14953 = CARTESIAN_POINT('',(0.334375,0.282421875));
#14954 = ( GEOMETRIC_REPRESENTATION_CONTEXT(2) 
PARAMETRIC_REPRESENTATION_CONTEXT() REPRESENTATION_CONTEXT('2D SPACE',''
  ) );
#14955 = ADVANCED_FACE('',(#14956),#14921,.T.);
#14956 = FACE_BOUND('',#14957,.T.);
#14957 = EDGE_LOOP('',(#14958,#14959,#14982,#15012));
#14958 = ORIENTED_EDGE('',*,*,#14905,.T.);
#14959 = ORIENTED_EDGE('',*,*,#14960,.T.);
#14960 = EDGE_CURVE('',#14883,#14961,#14963,.T.);
#14961 = VERTEX_POINT('',#14962);
#14962 = CARTESIAN_POINT('',(3.7300390625,-1.312,9.2060546875));
#14963 = SURFACE_CURVE('',#14964,(#14968,#14975),.PCURVE_S1.);
#14964 = B_SPLINE_CURVE_WITH_KNOTS('',2,(#14965,#14966,#14967),
  .UNSPECIFIED.,.F.,.F.,(3,3),(0.,1.),.PIECEWISE_BEZIER_KNOTS.);
#14965 = CARTESIAN_POINT('',(3.763046875,-1.312,9.0181640625));
#14966 = CARTESIAN_POINT('',(3.763046875,-1.312,9.1595703125));
#14967 = CARTESIAN_POINT('',(3.7300390625,-1.312,9.2060546875));
#14968 = PCURVE('',#14921,#14969);
#14969 = DEFINITIONAL_REPRESENTATION('',(#14970),#14974);
#14970 = LINE('',#14971,#14972);
#14971 = CARTESIAN_POINT('',(0.,-1.2E-02));
#14972 = VECTOR('',#14973,1.);
#14973 = DIRECTION('',(1.,0.));
#14974 = ( GEOMETRIC_REPRESENTATION_CONTEXT(2) 
PARAMETRIC_REPRESENTATION_CONTEXT() REPRESENTATION_CONTEXT('2D SPACE',''
  ) );
#14975 = PCURVE('',#13718,#14976);
#14976 = DEFINITIONAL_REPRESENTATION('',(#14977),#14981);
#14977 = B_SPLINE_CURVE_WITH_KNOTS('',2,(#14978,#14979,#14980),
  .UNSPECIFIED.,.F.,.F.,(3,3),(0.,1.),.PIECEWISE_BEZIER_KNOTS.);
#14978 = CARTESIAN_POINT('',(0.334375,0.282421875));
#14979 = CARTESIAN_POINT('',(0.334375,0.423828125));
#14980 = CARTESIAN_POINT('',(0.3013671875,0.4703125));
#14981 = ( GEOMETRIC_REPRESENTATION_CONTEXT(2) 
PARAMETRIC_REPRESENTATION_CONTEXT() REPRESENTATION_CONTEXT('2D SPACE',''
  ) );
#14982 = ORIENTED_EDGE('',*,*,#14983,.F.);
#14983 = EDGE_CURVE('',#14984,#14961,#14986,.T.);
#14984 = VERTEX_POINT('',#14985);
#14985 = CARTESIAN_POINT('',(3.7300390625,-1.3,9.2060546875));
#14986 = SURFACE_CURVE('',#14987,(#14991,#14998),.PCURVE_S1.);
#14987 = LINE('',#14988,#14989);
#14988 = CARTESIAN_POINT('',(3.7300390625,-1.3,9.2060546875));
#14989 = VECTOR('',#14990,1.);
#14990 = DIRECTION('',(0.,-1.,0.));
#14991 = PCURVE('',#14921,#14992);
#14992 = DEFINITIONAL_REPRESENTATION('',(#14993),#14997);
#14993 = LINE('',#14994,#14995);
#14994 = CARTESIAN_POINT('',(1.,0.));
#14995 = VECTOR('',#14996,1.);
#14996 = DIRECTION('',(0.,-1.));
#14997 = ( GEOMETRIC_REPRESENTATION_CONTEXT(2) 
PARAMETRIC_REPRESENTATION_CONTEXT() REPRESENTATION_CONTEXT('2D SPACE',''
  ) );
#14998 = PCURVE('',#14999,#15006);
#14999 = SURFACE_OF_LINEAR_EXTRUSION('',#15000,#15004);
#15000 = B_SPLINE_CURVE_WITH_KNOTS('',2,(#15001,#15002,#15003),
  .UNSPECIFIED.,.F.,.F.,(3,3),(0.,1.),.PIECEWISE_BEZIER_KNOTS.);
#15001 = CARTESIAN_POINT('',(3.7300390625,-1.3,9.2060546875));
#15002 = CARTESIAN_POINT('',(3.69703125,-1.3,9.2525390625));
#15003 = CARTESIAN_POINT('',(3.6478125,-1.3,9.2525390625));
#15004 = VECTOR('',#15005,1.);
#15005 = DIRECTION('',(-0.,1.,-0.));
#15006 = DEFINITIONAL_REPRESENTATION('',(#15007),#15011);
#15007 = LINE('',#15008,#15009);
#15008 = CARTESIAN_POINT('',(0.,0.));
#15009 = VECTOR('',#15010,1.);
#15010 = DIRECTION('',(0.,-1.));
#15011 = ( GEOMETRIC_REPRESENTATION_CONTEXT(2) 
PARAMETRIC_REPRESENTATION_CONTEXT() REPRESENTATION_CONTEXT('2D SPACE',''
  ) );
#15012 = ORIENTED_EDGE('',*,*,#15013,.F.);
#15013 = EDGE_CURVE('',#14906,#14984,#15014,.T.);
#15014 = SURFACE_CURVE('',#15015,(#15019,#15026),.PCURVE_S1.);
#15015 = B_SPLINE_CURVE_WITH_KNOTS('',2,(#15016,#15017,#15018),
  .UNSPECIFIED.,.F.,.F.,(3,3),(0.,1.),.PIECEWISE_BEZIER_KNOTS.);
#15016 = CARTESIAN_POINT('',(3.763046875,-1.3,9.0181640625));
#15017 = CARTESIAN_POINT('',(3.763046875,-1.3,9.1595703125));
#15018 = CARTESIAN_POINT('',(3.7300390625,-1.3,9.2060546875));
#15019 = PCURVE('',#14921,#15020);
#15020 = DEFINITIONAL_REPRESENTATION('',(#15021),#15025);
#15021 = LINE('',#15022,#15023);
#15022 = CARTESIAN_POINT('',(0.,0.));
#15023 = VECTOR('',#15024,1.);
#15024 = DIRECTION('',(1.,0.));
#15025 = ( GEOMETRIC_REPRESENTATION_CONTEXT(2) 
PARAMETRIC_REPRESENTATION_CONTEXT() REPRESENTATION_CONTEXT('2D SPACE',''
  ) );
#15026 = PCURVE('',#13774,#15027);
#15027 = DEFINITIONAL_REPRESENTATION('',(#15028),#15032);
#15028 = B_SPLINE_CURVE_WITH_KNOTS('',2,(#15029,#15030,#15031),
  .UNSPECIFIED.,.F.,.F.,(3,3),(0.,1.),.PIECEWISE_BEZIER_KNOTS.);
#15029 = CARTESIAN_POINT('',(0.334375,0.282421875));
#15030 = CARTESIAN_POINT('',(0.334375,0.423828125));
#15031 = CARTESIAN_POINT('',(0.3013671875,0.4703125));
#15032 = ( GEOMETRIC_REPRESENTATION_CONTEXT(2) 
PARAMETRIC_REPRESENTATION_CONTEXT() REPRESENTATION_CONTEXT('2D SPACE',''
  ) );
#15033 = ADVANCED_FACE('',(#15034),#14999,.T.);
#15034 = FACE_BOUND('',#15035,.T.);
#15035 = EDGE_LOOP('',(#15036,#15037,#15060,#15090));
#15036 = ORIENTED_EDGE('',*,*,#14983,.T.);
#15037 = ORIENTED_EDGE('',*,*,#15038,.T.);
#15038 = EDGE_CURVE('',#14961,#15039,#15041,.T.);
#15039 = VERTEX_POINT('',#15040);
#15040 = CARTESIAN_POINT('',(3.6478125,-1.312,9.2525390625));
#15041 = SURFACE_CURVE('',#15042,(#15046,#15053),.PCURVE_S1.);
#15042 = B_SPLINE_CURVE_WITH_KNOTS('',2,(#15043,#15044,#15045),
  .UNSPECIFIED.,.F.,.F.,(3,3),(0.,1.),.PIECEWISE_BEZIER_KNOTS.);
#15043 = CARTESIAN_POINT('',(3.7300390625,-1.312,9.2060546875));
#15044 = CARTESIAN_POINT('',(3.69703125,-1.312,9.2525390625));
#15045 = CARTESIAN_POINT('',(3.6478125,-1.312,9.2525390625));
#15046 = PCURVE('',#14999,#15047);
#15047 = DEFINITIONAL_REPRESENTATION('',(#15048),#15052);
#15048 = LINE('',#15049,#15050);
#15049 = CARTESIAN_POINT('',(0.,-1.2E-02));
#15050 = VECTOR('',#15051,1.);
#15051 = DIRECTION('',(1.,0.));
#15052 = ( GEOMETRIC_REPRESENTATION_CONTEXT(2) 
PARAMETRIC_REPRESENTATION_CONTEXT() REPRESENTATION_CONTEXT('2D SPACE',''
  ) );
#15053 = PCURVE('',#13718,#15054);
#15054 = DEFINITIONAL_REPRESENTATION('',(#15055),#15059);
#15055 = B_SPLINE_CURVE_WITH_KNOTS('',2,(#15056,#15057,#15058),
  .UNSPECIFIED.,.F.,.F.,(3,3),(0.,1.),.PIECEWISE_BEZIER_KNOTS.);
#15056 = CARTESIAN_POINT('',(0.3013671875,0.4703125));
#15057 = CARTESIAN_POINT('',(0.268359375,0.516796875));
#15058 = CARTESIAN_POINT('',(0.219140625,0.516796875));
#15059 = ( GEOMETRIC_REPRESENTATION_CONTEXT(2) 
PARAMETRIC_REPRESENTATION_CONTEXT() REPRESENTATION_CONTEXT('2D SPACE',''
  ) );
#15060 = ORIENTED_EDGE('',*,*,#15061,.F.);
#15061 = EDGE_CURVE('',#15062,#15039,#15064,.T.);
#15062 = VERTEX_POINT('',#15063);
#15063 = CARTESIAN_POINT('',(3.6478125,-1.3,9.2525390625));
#15064 = SURFACE_CURVE('',#15065,(#15069,#15076),.PCURVE_S1.);
#15065 = LINE('',#15066,#15067);
#15066 = CARTESIAN_POINT('',(3.6478125,-1.3,9.2525390625));
#15067 = VECTOR('',#15068,1.);
#15068 = DIRECTION('',(0.,-1.,0.));
#15069 = PCURVE('',#14999,#15070);
#15070 = DEFINITIONAL_REPRESENTATION('',(#15071),#15075);
#15071 = LINE('',#15072,#15073);
#15072 = CARTESIAN_POINT('',(1.,0.));
#15073 = VECTOR('',#15074,1.);
#15074 = DIRECTION('',(0.,-1.));
#15075 = ( GEOMETRIC_REPRESENTATION_CONTEXT(2) 
PARAMETRIC_REPRESENTATION_CONTEXT() REPRESENTATION_CONTEXT('2D SPACE',''
  ) );
#15076 = PCURVE('',#15077,#15084);
#15077 = SURFACE_OF_LINEAR_EXTRUSION('',#15078,#15082);
#15078 = B_SPLINE_CURVE_WITH_KNOTS('',2,(#15079,#15080,#15081),
  .UNSPECIFIED.,.F.,.F.,(3,3),(0.,1.),.PIECEWISE_BEZIER_KNOTS.);
#15079 = CARTESIAN_POINT('',(3.6478125,-1.3,9.2525390625));
#15080 = CARTESIAN_POINT('',(3.599375,-1.3,9.2525390625));
#15081 = CARTESIAN_POINT('',(3.57046875,-1.3,9.2115234375));
#15082 = VECTOR('',#15083,1.);
#15083 = DIRECTION('',(-0.,1.,-0.));
#15084 = DEFINITIONAL_REPRESENTATION('',(#15085),#15089);
#15085 = LINE('',#15086,#15087);
#15086 = CARTESIAN_POINT('',(0.,0.));
#15087 = VECTOR('',#15088,1.);
#15088 = DIRECTION('',(0.,-1.));
#15089 = ( GEOMETRIC_REPRESENTATION_CONTEXT(2) 
PARAMETRIC_REPRESENTATION_CONTEXT() REPRESENTATION_CONTEXT('2D SPACE',''
  ) );
#15090 = ORIENTED_EDGE('',*,*,#15091,.F.);
#15091 = EDGE_CURVE('',#14984,#15062,#15092,.T.);
#15092 = SURFACE_CURVE('',#15093,(#15097,#15104),.PCURVE_S1.);
#15093 = B_SPLINE_CURVE_WITH_KNOTS('',2,(#15094,#15095,#15096),
  .UNSPECIFIED.,.F.,.F.,(3,3),(0.,1.),.PIECEWISE_BEZIER_KNOTS.);
#15094 = CARTESIAN_POINT('',(3.7300390625,-1.3,9.2060546875));
#15095 = CARTESIAN_POINT('',(3.69703125,-1.3,9.2525390625));
#15096 = CARTESIAN_POINT('',(3.6478125,-1.3,9.2525390625));
#15097 = PCURVE('',#14999,#15098);
#15098 = DEFINITIONAL_REPRESENTATION('',(#15099),#15103);
#15099 = LINE('',#15100,#15101);
#15100 = CARTESIAN_POINT('',(0.,0.));
#15101 = VECTOR('',#15102,1.);
#15102 = DIRECTION('',(1.,0.));
#15103 = ( GEOMETRIC_REPRESENTATION_CONTEXT(2) 
PARAMETRIC_REPRESENTATION_CONTEXT() REPRESENTATION_CONTEXT('2D SPACE',''
  ) );
#15104 = PCURVE('',#13774,#15105);
#15105 = DEFINITIONAL_REPRESENTATION('',(#15106),#15110);
#15106 = B_SPLINE_CURVE_WITH_KNOTS('',2,(#15107,#15108,#15109),
  .UNSPECIFIED.,.F.,.F.,(3,3),(0.,1.),.PIECEWISE_BEZIER_KNOTS.);
#15107 = CARTESIAN_POINT('',(0.3013671875,0.4703125));
#15108 = CARTESIAN_POINT('',(0.268359375,0.516796875));
#15109 = CARTESIAN_POINT('',(0.219140625,0.516796875));
#15110 = ( GEOMETRIC_REPRESENTATION_CONTEXT(2) 
PARAMETRIC_REPRESENTATION_CONTEXT() REPRESENTATION_CONTEXT('2D SPACE',''
  ) );
#15111 = ADVANCED_FACE('',(#15112),#15077,.T.);
#15112 = FACE_BOUND('',#15113,.T.);
#15113 = EDGE_LOOP('',(#15114,#15115,#15138,#15161));
#15114 = ORIENTED_EDGE('',*,*,#15061,.T.);
#15115 = ORIENTED_EDGE('',*,*,#15116,.T.);
#15116 = EDGE_CURVE('',#15039,#15117,#15119,.T.);
#15117 = VERTEX_POINT('',#15118);
#15118 = CARTESIAN_POINT('',(3.57046875,-1.312,9.2115234375));
#15119 = SURFACE_CURVE('',#15120,(#15124,#15131),.PCURVE_S1.);
#15120 = B_SPLINE_CURVE_WITH_KNOTS('',2,(#15121,#15122,#15123),
  .UNSPECIFIED.,.F.,.F.,(3,3),(0.,1.),.PIECEWISE_BEZIER_KNOTS.);
#15121 = CARTESIAN_POINT('',(3.6478125,-1.312,9.2525390625));
#15122 = CARTESIAN_POINT('',(3.599375,-1.312,9.2525390625));
#15123 = CARTESIAN_POINT('',(3.57046875,-1.312,9.2115234375));
#15124 = PCURVE('',#15077,#15125);
#15125 = DEFINITIONAL_REPRESENTATION('',(#15126),#15130);
#15126 = LINE('',#15127,#15128);
#15127 = CARTESIAN_POINT('',(0.,-1.2E-02));
#15128 = VECTOR('',#15129,1.);
#15129 = DIRECTION('',(1.,0.));
#15130 = ( GEOMETRIC_REPRESENTATION_CONTEXT(2) 
PARAMETRIC_REPRESENTATION_CONTEXT() REPRESENTATION_CONTEXT('2D SPACE',''
  ) );
#15131 = PCURVE('',#13718,#15132);
#15132 = DEFINITIONAL_REPRESENTATION('',(#15133),#15137);
#15133 = B_SPLINE_CURVE_WITH_KNOTS('',2,(#15134,#15135,#15136),
  .UNSPECIFIED.,.F.,.F.,(3,3),(0.,1.),.PIECEWISE_BEZIER_KNOTS.);
#15134 = CARTESIAN_POINT('',(0.219140625,0.516796875));
#15135 = CARTESIAN_POINT('',(0.170703125,0.516796875));
#15136 = CARTESIAN_POINT('',(0.141796875,0.47578125));
#15137 = ( GEOMETRIC_REPRESENTATION_CONTEXT(2) 
PARAMETRIC_REPRESENTATION_CONTEXT() REPRESENTATION_CONTEXT('2D SPACE',''
  ) );
#15138 = ORIENTED_EDGE('',*,*,#15139,.F.);
#15139 = EDGE_CURVE('',#15140,#15117,#15142,.T.);
#15140 = VERTEX_POINT('',#15141);
#15141 = CARTESIAN_POINT('',(3.57046875,-1.3,9.2115234375));
#15142 = SURFACE_CURVE('',#15143,(#15147,#15154),.PCURVE_S1.);
#15143 = LINE('',#15144,#15145);
#15144 = CARTESIAN_POINT('',(3.57046875,-1.3,9.2115234375));
#15145 = VECTOR('',#15146,1.);
#15146 = DIRECTION('',(0.,-1.,0.));
#15147 = PCURVE('',#15077,#15148);
#15148 = DEFINITIONAL_REPRESENTATION('',(#15149),#15153);
#15149 = LINE('',#15150,#15151);
#15150 = CARTESIAN_POINT('',(1.,0.));
#15151 = VECTOR('',#15152,1.);
#15152 = DIRECTION('',(0.,-1.));
#15153 = ( GEOMETRIC_REPRESENTATION_CONTEXT(2) 
PARAMETRIC_REPRESENTATION_CONTEXT() REPRESENTATION_CONTEXT('2D SPACE',''
  ) );
#15154 = PCURVE('',#14634,#15155);
#15155 = DEFINITIONAL_REPRESENTATION('',(#15156),#15160);
#15156 = LINE('',#15157,#15158);
#15157 = CARTESIAN_POINT('',(0.,0.));
#15158 = VECTOR('',#15159,1.);
#15159 = DIRECTION('',(0.,-1.));
#15160 = ( GEOMETRIC_REPRESENTATION_CONTEXT(2) 
PARAMETRIC_REPRESENTATION_CONTEXT() REPRESENTATION_CONTEXT('2D SPACE',''
  ) );
#15161 = ORIENTED_EDGE('',*,*,#15162,.F.);
#15162 = EDGE_CURVE('',#15062,#15140,#15163,.T.);
#15163 = SURFACE_CURVE('',#15164,(#15168,#15175),.PCURVE_S1.);
#15164 = B_SPLINE_CURVE_WITH_KNOTS('',2,(#15165,#15166,#15167),
  .UNSPECIFIED.,.F.,.F.,(3,3),(0.,1.),.PIECEWISE_BEZIER_KNOTS.);
#15165 = CARTESIAN_POINT('',(3.6478125,-1.3,9.2525390625));
#15166 = CARTESIAN_POINT('',(3.599375,-1.3,9.2525390625));
#15167 = CARTESIAN_POINT('',(3.57046875,-1.3,9.2115234375));
#15168 = PCURVE('',#15077,#15169);
#15169 = DEFINITIONAL_REPRESENTATION('',(#15170),#15174);
#15170 = LINE('',#15171,#15172);
#15171 = CARTESIAN_POINT('',(0.,0.));
#15172 = VECTOR('',#15173,1.);
#15173 = DIRECTION('',(1.,0.));
#15174 = ( GEOMETRIC_REPRESENTATION_CONTEXT(2) 
PARAMETRIC_REPRESENTATION_CONTEXT() REPRESENTATION_CONTEXT('2D SPACE',''
  ) );
#15175 = PCURVE('',#13774,#15176);
#15176 = DEFINITIONAL_REPRESENTATION('',(#15177),#15181);
#15177 = B_SPLINE_CURVE_WITH_KNOTS('',2,(#15178,#15179,#15180),
  .UNSPECIFIED.,.F.,.F.,(3,3),(0.,1.),.PIECEWISE_BEZIER_KNOTS.);
#15178 = CARTESIAN_POINT('',(0.219140625,0.516796875));
#15179 = CARTESIAN_POINT('',(0.170703125,0.516796875));
#15180 = CARTESIAN_POINT('',(0.141796875,0.47578125));
#15181 = ( GEOMETRIC_REPRESENTATION_CONTEXT(2) 
PARAMETRIC_REPRESENTATION_CONTEXT() REPRESENTATION_CONTEXT('2D SPACE',''
  ) );
#15182 = ADVANCED_FACE('',(#15183),#14634,.T.);
#15183 = FACE_BOUND('',#15184,.T.);
#15184 = EDGE_LOOP('',(#15185,#15186,#15207,#15208));
#15185 = ORIENTED_EDGE('',*,*,#15139,.T.);
#15186 = ORIENTED_EDGE('',*,*,#15187,.T.);
#15187 = EDGE_CURVE('',#15117,#14612,#15188,.T.);
#15188 = SURFACE_CURVE('',#15189,(#15193,#15200),.PCURVE_S1.);
#15189 = B_SPLINE_CURVE_WITH_KNOTS('',2,(#15190,#15191,#15192),
  .UNSPECIFIED.,.F.,.F.,(3,3),(0.,1.),.PIECEWISE_BEZIER_KNOTS.);
#15190 = CARTESIAN_POINT('',(3.57046875,-1.312,9.2115234375));
#15191 = CARTESIAN_POINT('',(3.534140625,-1.312,9.1591796875));
#15192 = CARTESIAN_POINT('',(3.534140625,-1.312,9.0181640625));
#15193 = PCURVE('',#14634,#15194);
#15194 = DEFINITIONAL_REPRESENTATION('',(#15195),#15199);
#15195 = LINE('',#15196,#15197);
#15196 = CARTESIAN_POINT('',(0.,-1.2E-02));
#15197 = VECTOR('',#15198,1.);
#15198 = DIRECTION('',(1.,0.));
#15199 = ( GEOMETRIC_REPRESENTATION_CONTEXT(2) 
PARAMETRIC_REPRESENTATION_CONTEXT() REPRESENTATION_CONTEXT('2D SPACE',''
  ) );
#15200 = PCURVE('',#13718,#15201);
#15201 = DEFINITIONAL_REPRESENTATION('',(#15202),#15206);
#15202 = B_SPLINE_CURVE_WITH_KNOTS('',2,(#15203,#15204,#15205),
  .UNSPECIFIED.,.F.,.F.,(3,3),(0.,1.),.PIECEWISE_BEZIER_KNOTS.);
#15203 = CARTESIAN_POINT('',(0.141796875,0.47578125));
#15204 = CARTESIAN_POINT('',(0.10546875,0.4234375));
#15205 = CARTESIAN_POINT('',(0.10546875,0.282421875));
#15206 = ( GEOMETRIC_REPRESENTATION_CONTEXT(2) 
PARAMETRIC_REPRESENTATION_CONTEXT() REPRESENTATION_CONTEXT('2D SPACE',''
  ) );
#15207 = ORIENTED_EDGE('',*,*,#14609,.F.);
#15208 = ORIENTED_EDGE('',*,*,#15209,.F.);
#15209 = EDGE_CURVE('',#15140,#14610,#15210,.T.);
#15210 = SURFACE_CURVE('',#15211,(#15215,#15222),.PCURVE_S1.);
#15211 = B_SPLINE_CURVE_WITH_KNOTS('',2,(#15212,#15213,#15214),
  .UNSPECIFIED.,.F.,.F.,(3,3),(0.,1.),.PIECEWISE_BEZIER_KNOTS.);
#15212 = CARTESIAN_POINT('',(3.57046875,-1.3,9.2115234375));
#15213 = CARTESIAN_POINT('',(3.534140625,-1.3,9.1591796875));
#15214 = CARTESIAN_POINT('',(3.534140625,-1.3,9.0181640625));
#15215 = PCURVE('',#14634,#15216);
#15216 = DEFINITIONAL_REPRESENTATION('',(#15217),#15221);
#15217 = LINE('',#15218,#15219);
#15218 = CARTESIAN_POINT('',(0.,0.));
#15219 = VECTOR('',#15220,1.);
#15220 = DIRECTION('',(1.,0.));
#15221 = ( GEOMETRIC_REPRESENTATION_CONTEXT(2) 
PARAMETRIC_REPRESENTATION_CONTEXT() REPRESENTATION_CONTEXT('2D SPACE',''
  ) );
#15222 = PCURVE('',#13774,#15223);
#15223 = DEFINITIONAL_REPRESENTATION('',(#15224),#15228);
#15224 = B_SPLINE_CURVE_WITH_KNOTS('',2,(#15225,#15226,#15227),
  .UNSPECIFIED.,.F.,.F.,(3,3),(0.,1.),.PIECEWISE_BEZIER_KNOTS.);
#15225 = CARTESIAN_POINT('',(0.141796875,0.47578125));
#15226 = CARTESIAN_POINT('',(0.10546875,0.4234375));
#15227 = CARTESIAN_POINT('',(0.10546875,0.282421875));
#15228 = ( GEOMETRIC_REPRESENTATION_CONTEXT(2) 
PARAMETRIC_REPRESENTATION_CONTEXT() REPRESENTATION_CONTEXT('2D SPACE',''
  ) );
#15229 = ADVANCED_FACE('',(#15230,#15244),#13774,.F.);
#15230 = FACE_BOUND('',#15231,.T.);
#15231 = EDGE_LOOP('',(#15232,#15233,#15234,#15235,#15236,#15237,#15238,
    #15239,#15240,#15241,#15242,#15243));
#15232 = ORIENTED_EDGE('',*,*,#13760,.T.);
#15233 = ORIENTED_EDGE('',*,*,#13843,.T.);
#15234 = ORIENTED_EDGE('',*,*,#13921,.T.);
#15235 = ORIENTED_EDGE('',*,*,#13999,.T.);
#15236 = ORIENTED_EDGE('',*,*,#14077,.T.);
#15237 = ORIENTED_EDGE('',*,*,#14155,.T.);
#15238 = ORIENTED_EDGE('',*,*,#14233,.T.);
#15239 = ORIENTED_EDGE('',*,*,#14311,.T.);
#15240 = ORIENTED_EDGE('',*,*,#14389,.T.);
#15241 = ORIENTED_EDGE('',*,*,#14467,.T.);
#15242 = ORIENTED_EDGE('',*,*,#14538,.T.);
#15243 = ORIENTED_EDGE('',*,*,#14585,.T.);
#15244 = FACE_BOUND('',#15245,.T.);
#15245 = EDGE_LOOP('',(#15246,#15247,#15248,#15249,#15250,#15251,#15252,
    #15253));
#15246 = ORIENTED_EDGE('',*,*,#14701,.T.);
#15247 = ORIENTED_EDGE('',*,*,#14779,.T.);
#15248 = ORIENTED_EDGE('',*,*,#14857,.T.);
#15249 = ORIENTED_EDGE('',*,*,#14935,.T.);
#15250 = ORIENTED_EDGE('',*,*,#15013,.T.);
#15251 = ORIENTED_EDGE('',*,*,#15091,.T.);
#15252 = ORIENTED_EDGE('',*,*,#15162,.T.);
#15253 = ORIENTED_EDGE('',*,*,#15209,.T.);
#15254 = ADVANCED_FACE('',(#15255,#15269),#13718,.T.);
#15255 = FACE_BOUND('',#15256,.F.);
#15256 = EDGE_LOOP('',(#15257,#15258,#15259,#15260,#15261,#15262,#15263,
    #15264,#15265,#15266,#15267,#15268));
#15257 = ORIENTED_EDGE('',*,*,#13702,.T.);
#15258 = ORIENTED_EDGE('',*,*,#13790,.T.);
#15259 = ORIENTED_EDGE('',*,*,#13868,.T.);
#15260 = ORIENTED_EDGE('',*,*,#13946,.T.);
#15261 = ORIENTED_EDGE('',*,*,#14024,.T.);
#15262 = ORIENTED_EDGE('',*,*,#14102,.T.);
#15263 = ORIENTED_EDGE('',*,*,#14180,.T.);
#15264 = ORIENTED_EDGE('',*,*,#14258,.T.);
#15265 = ORIENTED_EDGE('',*,*,#14336,.T.);
#15266 = ORIENTED_EDGE('',*,*,#14414,.T.);
#15267 = ORIENTED_EDGE('',*,*,#14492,.T.);
#15268 = ORIENTED_EDGE('',*,*,#14563,.T.);
#15269 = FACE_BOUND('',#15270,.F.);
#15270 = EDGE_LOOP('',(#15271,#15272,#15273,#15274,#15275,#15276,#15277,
    #15278));
#15271 = ORIENTED_EDGE('',*,*,#14648,.T.);
#15272 = ORIENTED_EDGE('',*,*,#14726,.T.);
#15273 = ORIENTED_EDGE('',*,*,#14804,.T.);
#15274 = ORIENTED_EDGE('',*,*,#14882,.T.);
#15275 = ORIENTED_EDGE('',*,*,#14960,.T.);
#15276 = ORIENTED_EDGE('',*,*,#15038,.T.);
#15277 = ORIENTED_EDGE('',*,*,#15116,.T.);
#15278 = ORIENTED_EDGE('',*,*,#15187,.T.);
#15279 = MANIFOLD_SOLID_BREP('',#15280);
#15280 = CLOSED_SHELL('',(#15281,#15405,#15483,#15561,#15639,#15717,
    #15795,#15873,#15951,#16029,#16107,#16185,#16263,#16341,#16419,
    #16497,#16575,#16653,#16724,#16771,#16887,#16965,#17043,#17121,
    #17199,#17277,#17355,#17426,#17473,#17506));
#15281 = ADVANCED_FACE('',(#15282),#15296,.T.);
#15282 = FACE_BOUND('',#15283,.T.);
#15283 = EDGE_LOOP('',(#15284,#15321,#15349,#15379));
#15284 = ORIENTED_EDGE('',*,*,#15285,.T.);
#15285 = EDGE_CURVE('',#15286,#15288,#15290,.T.);
#15286 = VERTEX_POINT('',#15287);
#15287 = CARTESIAN_POINT('',(4.271640625,-1.3,9.1681640625));
#15288 = VERTEX_POINT('',#15289);
#15289 = CARTESIAN_POINT('',(4.271640625,-1.312,9.1681640625));
#15290 = SURFACE_CURVE('',#15291,(#15295,#15307),.PCURVE_S1.);
#15291 = LINE('',#15292,#15293);
#15292 = CARTESIAN_POINT('',(4.271640625,-1.3,9.1681640625));
#15293 = VECTOR('',#15294,1.);
#15294 = DIRECTION('',(0.,-1.,0.));
#15295 = PCURVE('',#15296,#15301);
#15296 = PLANE('',#15297);
#15297 = AXIS2_PLACEMENT_3D('',#15298,#15299,#15300);
#15298 = CARTESIAN_POINT('',(4.271640625,-1.3,9.1681640625));
#15299 = DIRECTION('',(7.797416380157E-02,0.,-0.996955380034));
#15300 = DIRECTION('',(-0.996955380034,-0.,-7.797416380157E-02));
#15301 = DEFINITIONAL_REPRESENTATION('',(#15302),#15306);
#15302 = LINE('',#15303,#15304);
#15303 = CARTESIAN_POINT('',(0.,0.));
#15304 = VECTOR('',#15305,1.);
#15305 = DIRECTION('',(0.,-1.));
#15306 = ( GEOMETRIC_REPRESENTATION_CONTEXT(2) 
PARAMETRIC_REPRESENTATION_CONTEXT() REPRESENTATION_CONTEXT('2D SPACE',''
  ) );
#15307 = PCURVE('',#15308,#15315);
#15308 = SURFACE_OF_LINEAR_EXTRUSION('',#15309,#15313);
#15309 = B_SPLINE_CURVE_WITH_KNOTS('',2,(#15310,#15311,#15312),
  .UNSPECIFIED.,.F.,.F.,(3,3),(0.,1.),.PIECEWISE_BEZIER_KNOTS.);
#15310 = CARTESIAN_POINT('',(4.2198828125,-1.3,9.2728515625));
#15311 = CARTESIAN_POINT('',(4.263046875,-1.3,9.2349609375));
#15312 = CARTESIAN_POINT('',(4.271640625,-1.3,9.1681640625));
#15313 = VECTOR('',#15314,1.);
#15314 = DIRECTION('',(-0.,1.,-0.));
#15315 = DEFINITIONAL_REPRESENTATION('',(#15316),#15320);
#15316 = LINE('',#15317,#15318);
#15317 = CARTESIAN_POINT('',(1.,0.));
#15318 = VECTOR('',#15319,1.);
#15319 = DIRECTION('',(0.,-1.));
#15320 = ( GEOMETRIC_REPRESENTATION_CONTEXT(2) 
PARAMETRIC_REPRESENTATION_CONTEXT() REPRESENTATION_CONTEXT('2D SPACE',''
  ) );
#15321 = ORIENTED_EDGE('',*,*,#15322,.T.);
#15322 = EDGE_CURVE('',#15288,#15323,#15325,.T.);
#15323 = VERTEX_POINT('',#15324);
#15324 = CARTESIAN_POINT('',(4.20171875,-1.312,9.1626953125));
#15325 = SURFACE_CURVE('',#15326,(#15330,#15337),.PCURVE_S1.);
#15326 = LINE('',#15327,#15328);
#15327 = CARTESIAN_POINT('',(4.271640625,-1.312,9.1681640625));
#15328 = VECTOR('',#15329,1.);
#15329 = DIRECTION('',(-0.996955380034,-0.,-7.797416380157E-02));
#15330 = PCURVE('',#15296,#15331);
#15331 = DEFINITIONAL_REPRESENTATION('',(#15332),#15336);
#15332 = LINE('',#15333,#15334);
#15333 = CARTESIAN_POINT('',(0.,-1.2E-02));
#15334 = VECTOR('',#15335,1.);
#15335 = DIRECTION('',(1.,-0.));
#15336 = ( GEOMETRIC_REPRESENTATION_CONTEXT(2) 
PARAMETRIC_REPRESENTATION_CONTEXT() REPRESENTATION_CONTEXT('2D SPACE',''
  ) );
#15337 = PCURVE('',#15338,#15343);
#15338 = PLANE('',#15339);
#15339 = AXIS2_PLACEMENT_3D('',#15340,#15341,#15342);
#15340 = CARTESIAN_POINT('',(3.87359375,-1.312,8.7357421875));
#15341 = DIRECTION('',(0.,-1.,0.));
#15342 = DIRECTION('',(1.,0.,0.));
#15343 = DEFINITIONAL_REPRESENTATION('',(#15344),#15348);
#15344 = LINE('',#15345,#15346);
#15345 = CARTESIAN_POINT('',(0.398046875,0.432421875));
#15346 = VECTOR('',#15347,1.);
#15347 = DIRECTION('',(-0.996955380034,-7.797416380157E-02));
#15348 = ( GEOMETRIC_REPRESENTATION_CONTEXT(2) 
PARAMETRIC_REPRESENTATION_CONTEXT() REPRESENTATION_CONTEXT('2D SPACE',''
  ) );
#15349 = ORIENTED_EDGE('',*,*,#15350,.F.);
#15350 = EDGE_CURVE('',#15351,#15323,#15353,.T.);
#15351 = VERTEX_POINT('',#15352);
#15352 = CARTESIAN_POINT('',(4.20171875,-1.3,9.1626953125));
#15353 = SURFACE_CURVE('',#15354,(#15358,#15365),.PCURVE_S1.);
#15354 = LINE('',#15355,#15356);
#15355 = CARTESIAN_POINT('',(4.20171875,-1.3,9.1626953125));
#15356 = VECTOR('',#15357,1.);
#15357 = DIRECTION('',(0.,-1.,0.));
#15358 = PCURVE('',#15296,#15359);
#15359 = DEFINITIONAL_REPRESENTATION('',(#15360),#15364);
#15360 = LINE('',#15361,#15362);
#15361 = CARTESIAN_POINT('',(7.013541067163E-02,-0.));
#15362 = VECTOR('',#15363,1.);
#15363 = DIRECTION('',(0.,-1.));
#15364 = ( GEOMETRIC_REPRESENTATION_CONTEXT(2) 
PARAMETRIC_REPRESENTATION_CONTEXT() REPRESENTATION_CONTEXT('2D SPACE',''
  ) );
#15365 = PCURVE('',#15366,#15373);
#15366 = SURFACE_OF_LINEAR_EXTRUSION('',#15367,#15371);
#15367 = B_SPLINE_CURVE_WITH_KNOTS('',2,(#15368,#15369,#15370),
  .UNSPECIFIED.,.F.,.F.,(3,3),(0.,1.),.PIECEWISE_BEZIER_KNOTS.);
#15368 = CARTESIAN_POINT('',(4.20171875,-1.3,9.1626953125));
#15369 = CARTESIAN_POINT('',(4.19234375,-1.3,9.2041015625));
#15370 = CARTESIAN_POINT('',(4.17515625,-1.3,9.2228515625));
#15371 = VECTOR('',#15372,1.);
#15372 = DIRECTION('',(-0.,1.,-0.));
#15373 = DEFINITIONAL_REPRESENTATION('',(#15374),#15378);
#15374 = LINE('',#15375,#15376);
#15375 = CARTESIAN_POINT('',(0.,0.));
#15376 = VECTOR('',#15377,1.);
#15377 = DIRECTION('',(0.,-1.));
#15378 = ( GEOMETRIC_REPRESENTATION_CONTEXT(2) 
PARAMETRIC_REPRESENTATION_CONTEXT() REPRESENTATION_CONTEXT('2D SPACE',''
  ) );
#15379 = ORIENTED_EDGE('',*,*,#15380,.F.);
#15380 = EDGE_CURVE('',#15286,#15351,#15381,.T.);
#15381 = SURFACE_CURVE('',#15382,(#15386,#15393),.PCURVE_S1.);
#15382 = LINE('',#15383,#15384);
#15383 = CARTESIAN_POINT('',(4.271640625,-1.3,9.1681640625));
#15384 = VECTOR('',#15385,1.);
#15385 = DIRECTION('',(-0.996955380034,-0.,-7.797416380157E-02));
#15386 = PCURVE('',#15296,#15387);
#15387 = DEFINITIONAL_REPRESENTATION('',(#15388),#15392);
#15388 = LINE('',#15389,#15390);
#15389 = CARTESIAN_POINT('',(0.,0.));
#15390 = VECTOR('',#15391,1.);
#15391 = DIRECTION('',(1.,-0.));
#15392 = ( GEOMETRIC_REPRESENTATION_CONTEXT(2) 
PARAMETRIC_REPRESENTATION_CONTEXT() REPRESENTATION_CONTEXT('2D SPACE',''
  ) );
#15393 = PCURVE('',#15394,#15399);
#15394 = PLANE('',#15395);
#15395 = AXIS2_PLACEMENT_3D('',#15396,#15397,#15398);
#15396 = CARTESIAN_POINT('',(3.87359375,-1.3,8.7357421875));
#15397 = DIRECTION('',(0.,-1.,0.));
#15398 = DIRECTION('',(1.,0.,0.));
#15399 = DEFINITIONAL_REPRESENTATION('',(#15400),#15404);
#15400 = LINE('',#15401,#15402);
#15401 = CARTESIAN_POINT('',(0.398046875,0.432421875));
#15402 = VECTOR('',#15403,1.);
#15403 = DIRECTION('',(-0.996955380034,-7.797416380157E-02));
#15404 = ( GEOMETRIC_REPRESENTATION_CONTEXT(2) 
PARAMETRIC_REPRESENTATION_CONTEXT() REPRESENTATION_CONTEXT('2D SPACE',''
  ) );
#15405 = ADVANCED_FACE('',(#15406),#15366,.T.);
#15406 = FACE_BOUND('',#15407,.T.);
#15407 = EDGE_LOOP('',(#15408,#15409,#15432,#15462));
#15408 = ORIENTED_EDGE('',*,*,#15350,.T.);
#15409 = ORIENTED_EDGE('',*,*,#15410,.T.);
#15410 = EDGE_CURVE('',#15323,#15411,#15413,.T.);
#15411 = VERTEX_POINT('',#15412);
#15412 = CARTESIAN_POINT('',(4.17515625,-1.312,9.2228515625));
#15413 = SURFACE_CURVE('',#15414,(#15418,#15425),.PCURVE_S1.);
#15414 = B_SPLINE_CURVE_WITH_KNOTS('',2,(#15415,#15416,#15417),
  .UNSPECIFIED.,.F.,.F.,(3,3),(0.,1.),.PIECEWISE_BEZIER_KNOTS.);
#15415 = CARTESIAN_POINT('',(4.20171875,-1.312,9.1626953125));
#15416 = CARTESIAN_POINT('',(4.19234375,-1.312,9.2041015625));
#15417 = CARTESIAN_POINT('',(4.17515625,-1.312,9.2228515625));
#15418 = PCURVE('',#15366,#15419);
#15419 = DEFINITIONAL_REPRESENTATION('',(#15420),#15424);
#15420 = LINE('',#15421,#15422);
#15421 = CARTESIAN_POINT('',(0.,-1.2E-02));
#15422 = VECTOR('',#15423,1.);
#15423 = DIRECTION('',(1.,0.));
#15424 = ( GEOMETRIC_REPRESENTATION_CONTEXT(2) 
PARAMETRIC_REPRESENTATION_CONTEXT() REPRESENTATION_CONTEXT('2D SPACE',''
  ) );
#15425 = PCURVE('',#15338,#15426);
#15426 = DEFINITIONAL_REPRESENTATION('',(#15427),#15431);
#15427 = B_SPLINE_CURVE_WITH_KNOTS('',2,(#15428,#15429,#15430),
  .UNSPECIFIED.,.F.,.F.,(3,3),(0.,1.),.PIECEWISE_BEZIER_KNOTS.);
#15428 = CARTESIAN_POINT('',(0.328125,0.426953125));
#15429 = CARTESIAN_POINT('',(0.31875,0.468359375));
#15430 = CARTESIAN_POINT('',(0.3015625,0.487109375));
#15431 = ( GEOMETRIC_REPRESENTATION_CONTEXT(2) 
PARAMETRIC_REPRESENTATION_CONTEXT() REPRESENTATION_CONTEXT('2D SPACE',''
  ) );
#15432 = ORIENTED_EDGE('',*,*,#15433,.F.);
#15433 = EDGE_CURVE('',#15434,#15411,#15436,.T.);
#15434 = VERTEX_POINT('',#15435);
#15435 = CARTESIAN_POINT('',(4.17515625,-1.3,9.2228515625));
#15436 = SURFACE_CURVE('',#15437,(#15441,#15448),.PCURVE_S1.);
#15437 = LINE('',#15438,#15439);
#15438 = CARTESIAN_POINT('',(4.17515625,-1.3,9.2228515625));
#15439 = VECTOR('',#15440,1.);
#15440 = DIRECTION('',(0.,-1.,0.));
#15441 = PCURVE('',#15366,#15442);
#15442 = DEFINITIONAL_REPRESENTATION('',(#15443),#15447);
#15443 = LINE('',#15444,#15445);
#15444 = CARTESIAN_POINT('',(1.,0.));
#15445 = VECTOR('',#15446,1.);
#15446 = DIRECTION('',(0.,-1.));
#15447 = ( GEOMETRIC_REPRESENTATION_CONTEXT(2) 
PARAMETRIC_REPRESENTATION_CONTEXT() REPRESENTATION_CONTEXT('2D SPACE',''
  ) );
#15448 = PCURVE('',#15449,#15456);
#15449 = SURFACE_OF_LINEAR_EXTRUSION('',#15450,#15454);
#15450 = B_SPLINE_CURVE_WITH_KNOTS('',2,(#15451,#15452,#15453),
  .UNSPECIFIED.,.F.,.F.,(3,3),(0.,1.),.PIECEWISE_BEZIER_KNOTS.);
#15451 = CARTESIAN_POINT('',(4.17515625,-1.3,9.2228515625));
#15452 = CARTESIAN_POINT('',(4.146640625,-1.3,9.2529296875));
#15453 = CARTESIAN_POINT('',(4.10484375,-1.3,9.2529296875));
#15454 = VECTOR('',#15455,1.);
#15455 = DIRECTION('',(-0.,1.,-0.));
#15456 = DEFINITIONAL_REPRESENTATION('',(#15457),#15461);
#15457 = LINE('',#15458,#15459);
#15458 = CARTESIAN_POINT('',(0.,0.));
#15459 = VECTOR('',#15460,1.);
#15460 = DIRECTION('',(0.,-1.));
#15461 = ( GEOMETRIC_REPRESENTATION_CONTEXT(2) 
PARAMETRIC_REPRESENTATION_CONTEXT() REPRESENTATION_CONTEXT('2D SPACE',''
  ) );
#15462 = ORIENTED_EDGE('',*,*,#15463,.F.);
#15463 = EDGE_CURVE('',#15351,#15434,#15464,.T.);
#15464 = SURFACE_CURVE('',#15465,(#15469,#15476),.PCURVE_S1.);
#15465 = B_SPLINE_CURVE_WITH_KNOTS('',2,(#15466,#15467,#15468),
  .UNSPECIFIED.,.F.,.F.,(3,3),(0.,1.),.PIECEWISE_BEZIER_KNOTS.);
#15466 = CARTESIAN_POINT('',(4.20171875,-1.3,9.1626953125));
#15467 = CARTESIAN_POINT('',(4.19234375,-1.3,9.2041015625));
#15468 = CARTESIAN_POINT('',(4.17515625,-1.3,9.2228515625));
#15469 = PCURVE('',#15366,#15470);
#15470 = DEFINITIONAL_REPRESENTATION('',(#15471),#15475);
#15471 = LINE('',#15472,#15473);
#15472 = CARTESIAN_POINT('',(0.,0.));
#15473 = VECTOR('',#15474,1.);
#15474 = DIRECTION('',(1.,0.));
#15475 = ( GEOMETRIC_REPRESENTATION_CONTEXT(2) 
PARAMETRIC_REPRESENTATION_CONTEXT() REPRESENTATION_CONTEXT('2D SPACE',''
  ) );
#15476 = PCURVE('',#15394,#15477);
#15477 = DEFINITIONAL_REPRESENTATION('',(#15478),#15482);
#15478 = B_SPLINE_CURVE_WITH_KNOTS('',2,(#15479,#15480,#15481),
  .UNSPECIFIED.,.F.,.F.,(3,3),(0.,1.),.PIECEWISE_BEZIER_KNOTS.);
#15479 = CARTESIAN_POINT('',(0.328125,0.426953125));
#15480 = CARTESIAN_POINT('',(0.31875,0.468359375));
#15481 = CARTESIAN_POINT('',(0.3015625,0.487109375));
#15482 = ( GEOMETRIC_REPRESENTATION_CONTEXT(2) 
PARAMETRIC_REPRESENTATION_CONTEXT() REPRESENTATION_CONTEXT('2D SPACE',''
  ) );
#15483 = ADVANCED_FACE('',(#15484),#15449,.T.);
#15484 = FACE_BOUND('',#15485,.T.);
#15485 = EDGE_LOOP('',(#15486,#15487,#15510,#15540));
#15486 = ORIENTED_EDGE('',*,*,#15433,.T.);
#15487 = ORIENTED_EDGE('',*,*,#15488,.T.);
#15488 = EDGE_CURVE('',#15411,#15489,#15491,.T.);
#15489 = VERTEX_POINT('',#15490);
#15490 = CARTESIAN_POINT('',(4.10484375,-1.312,9.2529296875));
#15491 = SURFACE_CURVE('',#15492,(#15496,#15503),.PCURVE_S1.);
#15492 = B_SPLINE_CURVE_WITH_KNOTS('',2,(#15493,#15494,#15495),
  .UNSPECIFIED.,.F.,.F.,(3,3),(0.,1.),.PIECEWISE_BEZIER_KNOTS.);
#15493 = CARTESIAN_POINT('',(4.17515625,-1.312,9.2228515625));
#15494 = CARTESIAN_POINT('',(4.146640625,-1.312,9.2529296875));
#15495 = CARTESIAN_POINT('',(4.10484375,-1.312,9.2529296875));
#15496 = PCURVE('',#15449,#15497);
#15497 = DEFINITIONAL_REPRESENTATION('',(#15498),#15502);
#15498 = LINE('',#15499,#15500);
#15499 = CARTESIAN_POINT('',(0.,-1.2E-02));
#15500 = VECTOR('',#15501,1.);
#15501 = DIRECTION('',(1.,0.));
#15502 = ( GEOMETRIC_REPRESENTATION_CONTEXT(2) 
PARAMETRIC_REPRESENTATION_CONTEXT() REPRESENTATION_CONTEXT('2D SPACE',''
  ) );
#15503 = PCURVE('',#15338,#15504);
#15504 = DEFINITIONAL_REPRESENTATION('',(#15505),#15509);
#15505 = B_SPLINE_CURVE_WITH_KNOTS('',2,(#15506,#15507,#15508),
  .UNSPECIFIED.,.F.,.F.,(3,3),(0.,1.),.PIECEWISE_BEZIER_KNOTS.);
#15506 = CARTESIAN_POINT('',(0.3015625,0.487109375));
#15507 = CARTESIAN_POINT('',(0.273046875,0.5171875));
#15508 = CARTESIAN_POINT('',(0.23125,0.5171875));
#15509 = ( GEOMETRIC_REPRESENTATION_CONTEXT(2) 
PARAMETRIC_REPRESENTATION_CONTEXT() REPRESENTATION_CONTEXT('2D SPACE',''
  ) );
#15510 = ORIENTED_EDGE('',*,*,#15511,.F.);
#15511 = EDGE_CURVE('',#15512,#15489,#15514,.T.);
#15512 = VERTEX_POINT('',#15513);
#15513 = CARTESIAN_POINT('',(4.10484375,-1.3,9.2529296875));
#15514 = SURFACE_CURVE('',#15515,(#15519,#15526),.PCURVE_S1.);
#15515 = LINE('',#15516,#15517);
#15516 = CARTESIAN_POINT('',(4.10484375,-1.3,9.2529296875));
#15517 = VECTOR('',#15518,1.);
#15518 = DIRECTION('',(0.,-1.,0.));
#15519 = PCURVE('',#15449,#15520);
#15520 = DEFINITIONAL_REPRESENTATION('',(#15521),#15525);
#15521 = LINE('',#15522,#15523);
#15522 = CARTESIAN_POINT('',(1.,0.));
#15523 = VECTOR('',#15524,1.);
#15524 = DIRECTION('',(0.,-1.));
#15525 = ( GEOMETRIC_REPRESENTATION_CONTEXT(2) 
PARAMETRIC_REPRESENTATION_CONTEXT() REPRESENTATION_CONTEXT('2D SPACE',''
  ) );
#15526 = PCURVE('',#15527,#15534);
#15527 = SURFACE_OF_LINEAR_EXTRUSION('',#15528,#15532);
#15528 = B_SPLINE_CURVE_WITH_KNOTS('',2,(#15529,#15530,#15531),
  .UNSPECIFIED.,.F.,.F.,(3,3),(0.,1.),.PIECEWISE_BEZIER_KNOTS.);
#15529 = CARTESIAN_POINT('',(4.10484375,-1.3,9.2529296875));
#15530 = CARTESIAN_POINT('',(4.07125,-1.3,9.2529296875));
#15531 = CARTESIAN_POINT('',(4.045859375,-1.3,9.2341796875));
#15532 = VECTOR('',#15533,1.);
#15533 = DIRECTION('',(-0.,1.,-0.));
#15534 = DEFINITIONAL_REPRESENTATION('',(#15535),#15539);
#15535 = LINE('',#15536,#15537);
#15536 = CARTESIAN_POINT('',(0.,0.));
#15537 = VECTOR('',#15538,1.);
#15538 = DIRECTION('',(0.,-1.));
#15539 = ( GEOMETRIC_REPRESENTATION_CONTEXT(2) 
PARAMETRIC_REPRESENTATION_CONTEXT() REPRESENTATION_CONTEXT('2D SPACE',''
  ) );
#15540 = ORIENTED_EDGE('',*,*,#15541,.F.);
#15541 = EDGE_CURVE('',#15434,#15512,#15542,.T.);
#15542 = SURFACE_CURVE('',#15543,(#15547,#15554),.PCURVE_S1.);
#15543 = B_SPLINE_CURVE_WITH_KNOTS('',2,(#15544,#15545,#15546),
  .UNSPECIFIED.,.F.,.F.,(3,3),(0.,1.),.PIECEWISE_BEZIER_KNOTS.);
#15544 = CARTESIAN_POINT('',(4.17515625,-1.3,9.2228515625));
#15545 = CARTESIAN_POINT('',(4.146640625,-1.3,9.2529296875));
#15546 = CARTESIAN_POINT('',(4.10484375,-1.3,9.2529296875));
#15547 = PCURVE('',#15449,#15548);
#15548 = DEFINITIONAL_REPRESENTATION('',(#15549),#15553);
#15549 = LINE('',#15550,#15551);
#15550 = CARTESIAN_POINT('',(0.,0.));
#15551 = VECTOR('',#15552,1.);
#15552 = DIRECTION('',(1.,0.));
#15553 = ( GEOMETRIC_REPRESENTATION_CONTEXT(2) 
PARAMETRIC_REPRESENTATION_CONTEXT() REPRESENTATION_CONTEXT('2D SPACE',''
  ) );
#15554 = PCURVE('',#15394,#15555);
#15555 = DEFINITIONAL_REPRESENTATION('',(#15556),#15560);
#15556 = B_SPLINE_CURVE_WITH_KNOTS('',2,(#15557,#15558,#15559),
  .UNSPECIFIED.,.F.,.F.,(3,3),(0.,1.),.PIECEWISE_BEZIER_KNOTS.);
#15557 = CARTESIAN_POINT('',(0.3015625,0.487109375));
#15558 = CARTESIAN_POINT('',(0.273046875,0.5171875));
#15559 = CARTESIAN_POINT('',(0.23125,0.5171875));
#15560 = ( GEOMETRIC_REPRESENTATION_CONTEXT(2) 
PARAMETRIC_REPRESENTATION_CONTEXT() REPRESENTATION_CONTEXT('2D SPACE',''
  ) );
#15561 = ADVANCED_FACE('',(#15562),#15527,.T.);
#15562 = FACE_BOUND('',#15563,.T.);
#15563 = EDGE_LOOP('',(#15564,#15565,#15588,#15618));
#15564 = ORIENTED_EDGE('',*,*,#15511,.T.);
#15565 = ORIENTED_EDGE('',*,*,#15566,.T.);
#15566 = EDGE_CURVE('',#15489,#15567,#15569,.T.);
#15567 = VERTEX_POINT('',#15568);
#15568 = CARTESIAN_POINT('',(4.045859375,-1.312,9.2341796875));
#15569 = SURFACE_CURVE('',#15570,(#15574,#15581),.PCURVE_S1.);
#15570 = B_SPLINE_CURVE_WITH_KNOTS('',2,(#15571,#15572,#15573),
  .UNSPECIFIED.,.F.,.F.,(3,3),(0.,1.),.PIECEWISE_BEZIER_KNOTS.);
#15571 = CARTESIAN_POINT('',(4.10484375,-1.312,9.2529296875));
#15572 = CARTESIAN_POINT('',(4.07125,-1.312,9.2529296875));
#15573 = CARTESIAN_POINT('',(4.045859375,-1.312,9.2341796875));
#15574 = PCURVE('',#15527,#15575);
#15575 = DEFINITIONAL_REPRESENTATION('',(#15576),#15580);
#15576 = LINE('',#15577,#15578);
#15577 = CARTESIAN_POINT('',(0.,-1.2E-02));
#15578 = VECTOR('',#15579,1.);
#15579 = DIRECTION('',(1.,0.));
#15580 = ( GEOMETRIC_REPRESENTATION_CONTEXT(2) 
PARAMETRIC_REPRESENTATION_CONTEXT() REPRESENTATION_CONTEXT('2D SPACE',''
  ) );
#15581 = PCURVE('',#15338,#15582);
#15582 = DEFINITIONAL_REPRESENTATION('',(#15583),#15587);
#15583 = B_SPLINE_CURVE_WITH_KNOTS('',2,(#15584,#15585,#15586),
  .UNSPECIFIED.,.F.,.F.,(3,3),(0.,1.),.PIECEWISE_BEZIER_KNOTS.);
#15584 = CARTESIAN_POINT('',(0.23125,0.5171875));
#15585 = CARTESIAN_POINT('',(0.19765625,0.5171875));
#15586 = CARTESIAN_POINT('',(0.172265625,0.4984375));
#15587 = ( GEOMETRIC_REPRESENTATION_CONTEXT(2) 
PARAMETRIC_REPRESENTATION_CONTEXT() REPRESENTATION_CONTEXT('2D SPACE',''
  ) );
#15588 = ORIENTED_EDGE('',*,*,#15589,.F.);
#15589 = EDGE_CURVE('',#15590,#15567,#15592,.T.);
#15590 = VERTEX_POINT('',#15591);
#15591 = CARTESIAN_POINT('',(4.045859375,-1.3,9.2341796875));
#15592 = SURFACE_CURVE('',#15593,(#15597,#15604),.PCURVE_S1.);
#15593 = LINE('',#15594,#15595);
#15594 = CARTESIAN_POINT('',(4.045859375,-1.3,9.2341796875));
#15595 = VECTOR('',#15596,1.);
#15596 = DIRECTION('',(0.,-1.,0.));
#15597 = PCURVE('',#15527,#15598);
#15598 = DEFINITIONAL_REPRESENTATION('',(#15599),#15603);
#15599 = LINE('',#15600,#15601);
#15600 = CARTESIAN_POINT('',(1.,0.));
#15601 = VECTOR('',#15602,1.);
#15602 = DIRECTION('',(0.,-1.));
#15603 = ( GEOMETRIC_REPRESENTATION_CONTEXT(2) 
PARAMETRIC_REPRESENTATION_CONTEXT() REPRESENTATION_CONTEXT('2D SPACE',''
  ) );
#15604 = PCURVE('',#15605,#15612);
#15605 = SURFACE_OF_LINEAR_EXTRUSION('',#15606,#15610);
#15606 = B_SPLINE_CURVE_WITH_KNOTS('',2,(#15607,#15608,#15609),
  .UNSPECIFIED.,.F.,.F.,(3,3),(0.,1.),.PIECEWISE_BEZIER_KNOTS.);
#15607 = CARTESIAN_POINT('',(4.045859375,-1.3,9.2341796875));
#15608 = CARTESIAN_POINT('',(4.01265625,-1.3,9.2099609375));
#15609 = CARTESIAN_POINT('',(3.993515625,-1.3,9.1634765625));
#15610 = VECTOR('',#15611,1.);
#15611 = DIRECTION('',(-0.,1.,-0.));
#15612 = DEFINITIONAL_REPRESENTATION('',(#15613),#15617);
#15613 = LINE('',#15614,#15615);
#15614 = CARTESIAN_POINT('',(0.,0.));
#15615 = VECTOR('',#15616,1.);
#15616 = DIRECTION('',(0.,-1.));
#15617 = ( GEOMETRIC_REPRESENTATION_CONTEXT(2) 
PARAMETRIC_REPRESENTATION_CONTEXT() REPRESENTATION_CONTEXT('2D SPACE',''
  ) );
#15618 = ORIENTED_EDGE('',*,*,#15619,.F.);
#15619 = EDGE_CURVE('',#15512,#15590,#15620,.T.);
#15620 = SURFACE_CURVE('',#15621,(#15625,#15632),.PCURVE_S1.);
#15621 = B_SPLINE_CURVE_WITH_KNOTS('',2,(#15622,#15623,#15624),
  .UNSPECIFIED.,.F.,.F.,(3,3),(0.,1.),.PIECEWISE_BEZIER_KNOTS.);
#15622 = CARTESIAN_POINT('',(4.10484375,-1.3,9.2529296875));
#15623 = CARTESIAN_POINT('',(4.07125,-1.3,9.2529296875));
#15624 = CARTESIAN_POINT('',(4.045859375,-1.3,9.2341796875));
#15625 = PCURVE('',#15527,#15626);
#15626 = DEFINITIONAL_REPRESENTATION('',(#15627),#15631);
#15627 = LINE('',#15628,#15629);
#15628 = CARTESIAN_POINT('',(0.,0.));
#15629 = VECTOR('',#15630,1.);
#15630 = DIRECTION('',(1.,0.));
#15631 = ( GEOMETRIC_REPRESENTATION_CONTEXT(2) 
PARAMETRIC_REPRESENTATION_CONTEXT() REPRESENTATION_CONTEXT('2D SPACE',''
  ) );
#15632 = PCURVE('',#15394,#15633);
#15633 = DEFINITIONAL_REPRESENTATION('',(#15634),#15638);
#15634 = B_SPLINE_CURVE_WITH_KNOTS('',2,(#15635,#15636,#15637),
  .UNSPECIFIED.,.F.,.F.,(3,3),(0.,1.),.PIECEWISE_BEZIER_KNOTS.);
#15635 = CARTESIAN_POINT('',(0.23125,0.5171875));
#15636 = CARTESIAN_POINT('',(0.19765625,0.5171875));
#15637 = CARTESIAN_POINT('',(0.172265625,0.4984375));
#15638 = ( GEOMETRIC_REPRESENTATION_CONTEXT(2) 
PARAMETRIC_REPRESENTATION_CONTEXT() REPRESENTATION_CONTEXT('2D SPACE',''
  ) );
#15639 = ADVANCED_FACE('',(#15640),#15605,.T.);
#15640 = FACE_BOUND('',#15641,.T.);
#15641 = EDGE_LOOP('',(#15642,#15643,#15666,#15696));
#15642 = ORIENTED_EDGE('',*,*,#15589,.T.);
#15643 = ORIENTED_EDGE('',*,*,#15644,.T.);
#15644 = EDGE_CURVE('',#15567,#15645,#15647,.T.);
#15645 = VERTEX_POINT('',#15646);
#15646 = CARTESIAN_POINT('',(3.993515625,-1.312,9.1634765625));
#15647 = SURFACE_CURVE('',#15648,(#15652,#15659),.PCURVE_S1.);
#15648 = B_SPLINE_CURVE_WITH_KNOTS('',2,(#15649,#15650,#15651),
  .UNSPECIFIED.,.F.,.F.,(3,3),(0.,1.),.PIECEWISE_BEZIER_KNOTS.);
#15649 = CARTESIAN_POINT('',(4.045859375,-1.312,9.2341796875));
#15650 = CARTESIAN_POINT('',(4.01265625,-1.312,9.2099609375));
#15651 = CARTESIAN_POINT('',(3.993515625,-1.312,9.1634765625));
#15652 = PCURVE('',#15605,#15653);
#15653 = DEFINITIONAL_REPRESENTATION('',(#15654),#15658);
#15654 = LINE('',#15655,#15656);
#15655 = CARTESIAN_POINT('',(0.,-1.2E-02));
#15656 = VECTOR('',#15657,1.);
#15657 = DIRECTION('',(1.,0.));
#15658 = ( GEOMETRIC_REPRESENTATION_CONTEXT(2) 
PARAMETRIC_REPRESENTATION_CONTEXT() REPRESENTATION_CONTEXT('2D SPACE',''
  ) );
#15659 = PCURVE('',#15338,#15660);
#15660 = DEFINITIONAL_REPRESENTATION('',(#15661),#15665);
#15661 = B_SPLINE_CURVE_WITH_KNOTS('',2,(#15662,#15663,#15664),
  .UNSPECIFIED.,.F.,.F.,(3,3),(0.,1.),.PIECEWISE_BEZIER_KNOTS.);
#15662 = CARTESIAN_POINT('',(0.172265625,0.4984375));
#15663 = CARTESIAN_POINT('',(0.1390625,0.47421875));
#15664 = CARTESIAN_POINT('',(0.119921875,0.427734375));
#15665 = ( GEOMETRIC_REPRESENTATION_CONTEXT(2) 
PARAMETRIC_REPRESENTATION_CONTEXT() REPRESENTATION_CONTEXT('2D SPACE',''
  ) );
#15666 = ORIENTED_EDGE('',*,*,#15667,.F.);
#15667 = EDGE_CURVE('',#15668,#15645,#15670,.T.);
#15668 = VERTEX_POINT('',#15669);
#15669 = CARTESIAN_POINT('',(3.993515625,-1.3,9.1634765625));
#15670 = SURFACE_CURVE('',#15671,(#15675,#15682),.PCURVE_S1.);
#15671 = LINE('',#15672,#15673);
#15672 = CARTESIAN_POINT('',(3.993515625,-1.3,9.1634765625));
#15673 = VECTOR('',#15674,1.);
#15674 = DIRECTION('',(0.,-1.,0.));
#15675 = PCURVE('',#15605,#15676);
#15676 = DEFINITIONAL_REPRESENTATION('',(#15677),#15681);
#15677 = LINE('',#15678,#15679);
#15678 = CARTESIAN_POINT('',(1.,0.));
#15679 = VECTOR('',#15680,1.);
#15680 = DIRECTION('',(0.,-1.));
#15681 = ( GEOMETRIC_REPRESENTATION_CONTEXT(2) 
PARAMETRIC_REPRESENTATION_CONTEXT() REPRESENTATION_CONTEXT('2D SPACE',''
  ) );
#15682 = PCURVE('',#15683,#15690);
#15683 = SURFACE_OF_LINEAR_EXTRUSION('',#15684,#15688);
#15684 = B_SPLINE_CURVE_WITH_KNOTS('',2,(#15685,#15686,#15687),
  .UNSPECIFIED.,.F.,.F.,(3,3),(0.,1.),.PIECEWISE_BEZIER_KNOTS.);
#15685 = CARTESIAN_POINT('',(3.993515625,-1.3,9.1634765625));
#15686 = CARTESIAN_POINT('',(3.974375,-1.3,9.1169921875));
#15687 = CARTESIAN_POINT('',(3.97359375,-1.3,9.0310546875));
#15688 = VECTOR('',#15689,1.);
#15689 = DIRECTION('',(-0.,1.,-0.));
#15690 = DEFINITIONAL_REPRESENTATION('',(#15691),#15695);
#15691 = LINE('',#15692,#15693);
#15692 = CARTESIAN_POINT('',(0.,0.));
#15693 = VECTOR('',#15694,1.);
#15694 = DIRECTION('',(0.,-1.));
#15695 = ( GEOMETRIC_REPRESENTATION_CONTEXT(2) 
PARAMETRIC_REPRESENTATION_CONTEXT() REPRESENTATION_CONTEXT('2D SPACE',''
  ) );
#15696 = ORIENTED_EDGE('',*,*,#15697,.F.);
#15697 = EDGE_CURVE('',#15590,#15668,#15698,.T.);
#15698 = SURFACE_CURVE('',#15699,(#15703,#15710),.PCURVE_S1.);
#15699 = B_SPLINE_CURVE_WITH_KNOTS('',2,(#15700,#15701,#15702),
  .UNSPECIFIED.,.F.,.F.,(3,3),(0.,1.),.PIECEWISE_BEZIER_KNOTS.);
#15700 = CARTESIAN_POINT('',(4.045859375,-1.3,9.2341796875));
#15701 = CARTESIAN_POINT('',(4.01265625,-1.3,9.2099609375));
#15702 = CARTESIAN_POINT('',(3.993515625,-1.3,9.1634765625));
#15703 = PCURVE('',#15605,#15704);
#15704 = DEFINITIONAL_REPRESENTATION('',(#15705),#15709);
#15705 = LINE('',#15706,#15707);
#15706 = CARTESIAN_POINT('',(0.,0.));
#15707 = VECTOR('',#15708,1.);
#15708 = DIRECTION('',(1.,0.));
#15709 = ( GEOMETRIC_REPRESENTATION_CONTEXT(2) 
PARAMETRIC_REPRESENTATION_CONTEXT() REPRESENTATION_CONTEXT('2D SPACE',''
  ) );
#15710 = PCURVE('',#15394,#15711);
#15711 = DEFINITIONAL_REPRESENTATION('',(#15712),#15716);
#15712 = B_SPLINE_CURVE_WITH_KNOTS('',2,(#15713,#15714,#15715),
  .UNSPECIFIED.,.F.,.F.,(3,3),(0.,1.),.PIECEWISE_BEZIER_KNOTS.);
#15713 = CARTESIAN_POINT('',(0.172265625,0.4984375));
#15714 = CARTESIAN_POINT('',(0.1390625,0.47421875));
#15715 = CARTESIAN_POINT('',(0.119921875,0.427734375));
#15716 = ( GEOMETRIC_REPRESENTATION_CONTEXT(2) 
PARAMETRIC_REPRESENTATION_CONTEXT() REPRESENTATION_CONTEXT('2D SPACE',''
  ) );
#15717 = ADVANCED_FACE('',(#15718),#15683,.T.);
#15718 = FACE_BOUND('',#15719,.T.);
#15719 = EDGE_LOOP('',(#15720,#15721,#15744,#15774));
#15720 = ORIENTED_EDGE('',*,*,#15667,.T.);
#15721 = ORIENTED_EDGE('',*,*,#15722,.T.);
#15722 = EDGE_CURVE('',#15645,#15723,#15725,.T.);
#15723 = VERTEX_POINT('',#15724);
#15724 = CARTESIAN_POINT('',(3.97359375,-1.312,9.0310546875));
#15725 = SURFACE_CURVE('',#15726,(#15730,#15737),.PCURVE_S1.);
#15726 = B_SPLINE_CURVE_WITH_KNOTS('',2,(#15727,#15728,#15729),
  .UNSPECIFIED.,.F.,.F.,(3,3),(0.,1.),.PIECEWISE_BEZIER_KNOTS.);
#15727 = CARTESIAN_POINT('',(3.993515625,-1.312,9.1634765625));
#15728 = CARTESIAN_POINT('',(3.974375,-1.312,9.1169921875));
#15729 = CARTESIAN_POINT('',(3.97359375,-1.312,9.0310546875));
#15730 = PCURVE('',#15683,#15731);
#15731 = DEFINITIONAL_REPRESENTATION('',(#15732),#15736);
#15732 = LINE('',#15733,#15734);
#15733 = CARTESIAN_POINT('',(0.,-1.2E-02));
#15734 = VECTOR('',#15735,1.);
#15735 = DIRECTION('',(1.,0.));
#15736 = ( GEOMETRIC_REPRESENTATION_CONTEXT(2) 
PARAMETRIC_REPRESENTATION_CONTEXT() REPRESENTATION_CONTEXT('2D SPACE',''
  ) );
#15737 = PCURVE('',#15338,#15738);
#15738 = DEFINITIONAL_REPRESENTATION('',(#15739),#15743);
#15739 = B_SPLINE_CURVE_WITH_KNOTS('',2,(#15740,#15741,#15742),
  .UNSPECIFIED.,.F.,.F.,(3,3),(0.,1.),.PIECEWISE_BEZIER_KNOTS.);
#15740 = CARTESIAN_POINT('',(0.119921875,0.427734375));
#15741 = CARTESIAN_POINT('',(0.10078125,0.38125));
#15742 = CARTESIAN_POINT('',(0.1,0.2953125));
#15743 = ( GEOMETRIC_REPRESENTATION_CONTEXT(2) 
PARAMETRIC_REPRESENTATION_CONTEXT() REPRESENTATION_CONTEXT('2D SPACE',''
  ) );
#15744 = ORIENTED_EDGE('',*,*,#15745,.F.);
#15745 = EDGE_CURVE('',#15746,#15723,#15748,.T.);
#15746 = VERTEX_POINT('',#15747);
#15747 = CARTESIAN_POINT('',(3.97359375,-1.3,9.0310546875));
#15748 = SURFACE_CURVE('',#15749,(#15753,#15760),.PCURVE_S1.);
#15749 = LINE('',#15750,#15751);
#15750 = CARTESIAN_POINT('',(3.97359375,-1.3,9.0310546875));
#15751 = VECTOR('',#15752,1.);
#15752 = DIRECTION('',(0.,-1.,0.));
#15753 = PCURVE('',#15683,#15754);
#15754 = DEFINITIONAL_REPRESENTATION('',(#15755),#15759);
#15755 = LINE('',#15756,#15757);
#15756 = CARTESIAN_POINT('',(1.,0.));
#15757 = VECTOR('',#15758,1.);
#15758 = DIRECTION('',(0.,-1.));
#15759 = ( GEOMETRIC_REPRESENTATION_CONTEXT(2) 
PARAMETRIC_REPRESENTATION_CONTEXT() REPRESENTATION_CONTEXT('2D SPACE',''
  ) );
#15760 = PCURVE('',#15761,#15768);
#15761 = SURFACE_OF_LINEAR_EXTRUSION('',#15762,#15766);
#15762 = B_SPLINE_CURVE_WITH_KNOTS('',2,(#15763,#15764,#15765),
  .UNSPECIFIED.,.F.,.F.,(3,3),(0.,1.),.PIECEWISE_BEZIER_KNOTS.);
#15763 = CARTESIAN_POINT('',(3.97359375,-1.3,9.0310546875));
#15764 = CARTESIAN_POINT('',(3.998984375,-1.3,9.0697265625));
#15765 = CARTESIAN_POINT('',(4.035703125,-1.3,9.0884765625));
#15766 = VECTOR('',#15767,1.);
#15767 = DIRECTION('',(-0.,1.,-0.));
#15768 = DEFINITIONAL_REPRESENTATION('',(#15769),#15773);
#15769 = LINE('',#15770,#15771);
#15770 = CARTESIAN_POINT('',(0.,0.));
#15771 = VECTOR('',#15772,1.);
#15772 = DIRECTION('',(0.,-1.));
#15773 = ( GEOMETRIC_REPRESENTATION_CONTEXT(2) 
PARAMETRIC_REPRESENTATION_CONTEXT() REPRESENTATION_CONTEXT('2D SPACE',''
  ) );
#15774 = ORIENTED_EDGE('',*,*,#15775,.F.);
#15775 = EDGE_CURVE('',#15668,#15746,#15776,.T.);
#15776 = SURFACE_CURVE('',#15777,(#15781,#15788),.PCURVE_S1.);
#15777 = B_SPLINE_CURVE_WITH_KNOTS('',2,(#15778,#15779,#15780),
  .UNSPECIFIED.,.F.,.F.,(3,3),(0.,1.),.PIECEWISE_BEZIER_KNOTS.);
#15778 = CARTESIAN_POINT('',(3.993515625,-1.3,9.1634765625));
#15779 = CARTESIAN_POINT('',(3.974375,-1.3,9.1169921875));
#15780 = CARTESIAN_POINT('',(3.97359375,-1.3,9.0310546875));
#15781 = PCURVE('',#15683,#15782);
#15782 = DEFINITIONAL_REPRESENTATION('',(#15783),#15787);
#15783 = LINE('',#15784,#15785);
#15784 = CARTESIAN_POINT('',(0.,0.));
#15785 = VECTOR('',#15786,1.);
#15786 = DIRECTION('',(1.,0.));
#15787 = ( GEOMETRIC_REPRESENTATION_CONTEXT(2) 
PARAMETRIC_REPRESENTATION_CONTEXT() REPRESENTATION_CONTEXT('2D SPACE',''
  ) );
#15788 = PCURVE('',#15394,#15789);
#15789 = DEFINITIONAL_REPRESENTATION('',(#15790),#15794);
#15790 = B_SPLINE_CURVE_WITH_KNOTS('',2,(#15791,#15792,#15793),
  .UNSPECIFIED.,.F.,.F.,(3,3),(0.,1.),.PIECEWISE_BEZIER_KNOTS.);
#15791 = CARTESIAN_POINT('',(0.119921875,0.427734375));
#15792 = CARTESIAN_POINT('',(0.10078125,0.38125));
#15793 = CARTESIAN_POINT('',(0.1,0.2953125));
#15794 = ( GEOMETRIC_REPRESENTATION_CONTEXT(2) 
PARAMETRIC_REPRESENTATION_CONTEXT() REPRESENTATION_CONTEXT('2D SPACE',''
  ) );
#15795 = ADVANCED_FACE('',(#15796),#15761,.T.);
#15796 = FACE_BOUND('',#15797,.T.);
#15797 = EDGE_LOOP('',(#15798,#15799,#15822,#15852));
#15798 = ORIENTED_EDGE('',*,*,#15745,.T.);
#15799 = ORIENTED_EDGE('',*,*,#15800,.T.);
#15800 = EDGE_CURVE('',#15723,#15801,#15803,.T.);
#15801 = VERTEX_POINT('',#15802);
#15802 = CARTESIAN_POINT('',(4.035703125,-1.312,9.0884765625));
#15803 = SURFACE_CURVE('',#15804,(#15808,#15815),.PCURVE_S1.);
#15804 = B_SPLINE_CURVE_WITH_KNOTS('',2,(#15805,#15806,#15807),
  .UNSPECIFIED.,.F.,.F.,(3,3),(0.,1.),.PIECEWISE_BEZIER_KNOTS.);
#15805 = CARTESIAN_POINT('',(3.97359375,-1.312,9.0310546875));
#15806 = CARTESIAN_POINT('',(3.998984375,-1.312,9.0697265625));
#15807 = CARTESIAN_POINT('',(4.035703125,-1.312,9.0884765625));
#15808 = PCURVE('',#15761,#15809);
#15809 = DEFINITIONAL_REPRESENTATION('',(#15810),#15814);
#15810 = LINE('',#15811,#15812);
#15811 = CARTESIAN_POINT('',(0.,-1.2E-02));
#15812 = VECTOR('',#15813,1.);
#15813 = DIRECTION('',(1.,0.));
#15814 = ( GEOMETRIC_REPRESENTATION_CONTEXT(2) 
PARAMETRIC_REPRESENTATION_CONTEXT() REPRESENTATION_CONTEXT('2D SPACE',''
  ) );
#15815 = PCURVE('',#15338,#15816);
#15816 = DEFINITIONAL_REPRESENTATION('',(#15817),#15821);
#15817 = B_SPLINE_CURVE_WITH_KNOTS('',2,(#15818,#15819,#15820),
  .UNSPECIFIED.,.F.,.F.,(3,3),(0.,1.),.PIECEWISE_BEZIER_KNOTS.);
#15818 = CARTESIAN_POINT('',(0.1,0.2953125));
#15819 = CARTESIAN_POINT('',(0.125390625,0.333984375));
#15820 = CARTESIAN_POINT('',(0.162109375,0.352734375));
#15821 = ( GEOMETRIC_REPRESENTATION_CONTEXT(2) 
PARAMETRIC_REPRESENTATION_CONTEXT() REPRESENTATION_CONTEXT('2D SPACE',''
  ) );
#15822 = ORIENTED_EDGE('',*,*,#15823,.F.);
#15823 = EDGE_CURVE('',#15824,#15801,#15826,.T.);
#15824 = VERTEX_POINT('',#15825);
#15825 = CARTESIAN_POINT('',(4.035703125,-1.3,9.0884765625));
#15826 = SURFACE_CURVE('',#15827,(#15831,#15838),.PCURVE_S1.);
#15827 = LINE('',#15828,#15829);
#15828 = CARTESIAN_POINT('',(4.035703125,-1.3,9.0884765625));
#15829 = VECTOR('',#15830,1.);
#15830 = DIRECTION('',(0.,-1.,0.));
#15831 = PCURVE('',#15761,#15832);
#15832 = DEFINITIONAL_REPRESENTATION('',(#15833),#15837);
#15833 = LINE('',#15834,#15835);
#15834 = CARTESIAN_POINT('',(1.,0.));
#15835 = VECTOR('',#15836,1.);
#15836 = DIRECTION('',(0.,-1.));
#15837 = ( GEOMETRIC_REPRESENTATION_CONTEXT(2) 
PARAMETRIC_REPRESENTATION_CONTEXT() REPRESENTATION_CONTEXT('2D SPACE',''
  ) );
#15838 = PCURVE('',#15839,#15846);
#15839 = SURFACE_OF_LINEAR_EXTRUSION('',#15840,#15844);
#15840 = B_SPLINE_CURVE_WITH_KNOTS('',2,(#15841,#15842,#15843),
  .UNSPECIFIED.,.F.,.F.,(3,3),(0.,1.),.PIECEWISE_BEZIER_KNOTS.);
#15841 = CARTESIAN_POINT('',(4.035703125,-1.3,9.0884765625));
#15842 = CARTESIAN_POINT('',(4.072421875,-1.3,9.1072265625));
#15843 = CARTESIAN_POINT('',(4.11265625,-1.3,9.1072265625));
#15844 = VECTOR('',#15845,1.);
#15845 = DIRECTION('',(-0.,1.,-0.));
#15846 = DEFINITIONAL_REPRESENTATION('',(#15847),#15851);
#15847 = LINE('',#15848,#15849);
#15848 = CARTESIAN_POINT('',(0.,0.));
#15849 = VECTOR('',#15850,1.);
#15850 = DIRECTION('',(0.,-1.));
#15851 = ( GEOMETRIC_REPRESENTATION_CONTEXT(2) 
PARAMETRIC_REPRESENTATION_CONTEXT() REPRESENTATION_CONTEXT('2D SPACE',''
  ) );
#15852 = ORIENTED_EDGE('',*,*,#15853,.F.);
#15853 = EDGE_CURVE('',#15746,#15824,#15854,.T.);
#15854 = SURFACE_CURVE('',#15855,(#15859,#15866),.PCURVE_S1.);
#15855 = B_SPLINE_CURVE_WITH_KNOTS('',2,(#15856,#15857,#15858),
  .UNSPECIFIED.,.F.,.F.,(3,3),(0.,1.),.PIECEWISE_BEZIER_KNOTS.);
#15856 = CARTESIAN_POINT('',(3.97359375,-1.3,9.0310546875));
#15857 = CARTESIAN_POINT('',(3.998984375,-1.3,9.0697265625));
#15858 = CARTESIAN_POINT('',(4.035703125,-1.3,9.0884765625));
#15859 = PCURVE('',#15761,#15860);
#15860 = DEFINITIONAL_REPRESENTATION('',(#15861),#15865);
#15861 = LINE('',#15862,#15863);
#15862 = CARTESIAN_POINT('',(0.,0.));
#15863 = VECTOR('',#15864,1.);
#15864 = DIRECTION('',(1.,0.));
#15865 = ( GEOMETRIC_REPRESENTATION_CONTEXT(2) 
PARAMETRIC_REPRESENTATION_CONTEXT() REPRESENTATION_CONTEXT('2D SPACE',''
  ) );
#15866 = PCURVE('',#15394,#15867);
#15867 = DEFINITIONAL_REPRESENTATION('',(#15868),#15872);
#15868 = B_SPLINE_CURVE_WITH_KNOTS('',2,(#15869,#15870,#15871),
  .UNSPECIFIED.,.F.,.F.,(3,3),(0.,1.),.PIECEWISE_BEZIER_KNOTS.);
#15869 = CARTESIAN_POINT('',(0.1,0.2953125));
#15870 = CARTESIAN_POINT('',(0.125390625,0.333984375));
#15871 = CARTESIAN_POINT('',(0.162109375,0.352734375));
#15872 = ( GEOMETRIC_REPRESENTATION_CONTEXT(2) 
PARAMETRIC_REPRESENTATION_CONTEXT() REPRESENTATION_CONTEXT('2D SPACE',''
  ) );
#15873 = ADVANCED_FACE('',(#15874),#15839,.T.);
#15874 = FACE_BOUND('',#15875,.T.);
#15875 = EDGE_LOOP('',(#15876,#15877,#15900,#15930));
#15876 = ORIENTED_EDGE('',*,*,#15823,.T.);
#15877 = ORIENTED_EDGE('',*,*,#15878,.T.);
#15878 = EDGE_CURVE('',#15801,#15879,#15881,.T.);
#15879 = VERTEX_POINT('',#15880);
#15880 = CARTESIAN_POINT('',(4.11265625,-1.312,9.1072265625));
#15881 = SURFACE_CURVE('',#15882,(#15886,#15893),.PCURVE_S1.);
#15882 = B_SPLINE_CURVE_WITH_KNOTS('',2,(#15883,#15884,#15885),
  .UNSPECIFIED.,.F.,.F.,(3,3),(0.,1.),.PIECEWISE_BEZIER_KNOTS.);
#15883 = CARTESIAN_POINT('',(4.035703125,-1.312,9.0884765625));
#15884 = CARTESIAN_POINT('',(4.072421875,-1.312,9.1072265625));
#15885 = CARTESIAN_POINT('',(4.11265625,-1.312,9.1072265625));
#15886 = PCURVE('',#15839,#15887);
#15887 = DEFINITIONAL_REPRESENTATION('',(#15888),#15892);
#15888 = LINE('',#15889,#15890);
#15889 = CARTESIAN_POINT('',(0.,-1.2E-02));
#15890 = VECTOR('',#15891,1.);
#15891 = DIRECTION('',(1.,0.));
#15892 = ( GEOMETRIC_REPRESENTATION_CONTEXT(2) 
PARAMETRIC_REPRESENTATION_CONTEXT() REPRESENTATION_CONTEXT('2D SPACE',''
  ) );
#15893 = PCURVE('',#15338,#15894);
#15894 = DEFINITIONAL_REPRESENTATION('',(#15895),#15899);
#15895 = B_SPLINE_CURVE_WITH_KNOTS('',2,(#15896,#15897,#15898),
  .UNSPECIFIED.,.F.,.F.,(3,3),(0.,1.),.PIECEWISE_BEZIER_KNOTS.);
#15896 = CARTESIAN_POINT('',(0.162109375,0.352734375));
#15897 = CARTESIAN_POINT('',(0.198828125,0.371484375));
#15898 = CARTESIAN_POINT('',(0.2390625,0.371484375));
#15899 = ( GEOMETRIC_REPRESENTATION_CONTEXT(2) 
PARAMETRIC_REPRESENTATION_CONTEXT() REPRESENTATION_CONTEXT('2D SPACE',''
  ) );
#15900 = ORIENTED_EDGE('',*,*,#15901,.F.);
#15901 = EDGE_CURVE('',#15902,#15879,#15904,.T.);
#15902 = VERTEX_POINT('',#15903);
#15903 = CARTESIAN_POINT('',(4.11265625,-1.3,9.1072265625));
#15904 = SURFACE_CURVE('',#15905,(#15909,#15916),.PCURVE_S1.);
#15905 = LINE('',#15906,#15907);
#15906 = CARTESIAN_POINT('',(4.11265625,-1.3,9.1072265625));
#15907 = VECTOR('',#15908,1.);
#15908 = DIRECTION('',(0.,-1.,0.));
#15909 = PCURVE('',#15839,#15910);
#15910 = DEFINITIONAL_REPRESENTATION('',(#15911),#15915);
#15911 = LINE('',#15912,#15913);
#15912 = CARTESIAN_POINT('',(1.,0.));
#15913 = VECTOR('',#15914,1.);
#15914 = DIRECTION('',(0.,-1.));
#15915 = ( GEOMETRIC_REPRESENTATION_CONTEXT(2) 
PARAMETRIC_REPRESENTATION_CONTEXT() REPRESENTATION_CONTEXT('2D SPACE',''
  ) );
#15916 = PCURVE('',#15917,#15924);
#15917 = SURFACE_OF_LINEAR_EXTRUSION('',#15918,#15922);
#15918 = B_SPLINE_CURVE_WITH_KNOTS('',2,(#15919,#15920,#15921),
  .UNSPECIFIED.,.F.,.F.,(3,3),(0.,1.),.PIECEWISE_BEZIER_KNOTS.);
#15919 = CARTESIAN_POINT('',(4.11265625,-1.3,9.1072265625));
#15920 = CARTESIAN_POINT('',(4.18296875,-1.3,9.1072265625));
#15921 = CARTESIAN_POINT('',(4.2323828125,-1.3,9.05546875));
#15922 = VECTOR('',#15923,1.);
#15923 = DIRECTION('',(-0.,1.,-0.));
#15924 = DEFINITIONAL_REPRESENTATION('',(#15925),#15929);
#15925 = LINE('',#15926,#15927);
#15926 = CARTESIAN_POINT('',(0.,0.));
#15927 = VECTOR('',#15928,1.);
#15928 = DIRECTION('',(0.,-1.));
#15929 = ( GEOMETRIC_REPRESENTATION_CONTEXT(2) 
PARAMETRIC_REPRESENTATION_CONTEXT() REPRESENTATION_CONTEXT('2D SPACE',''
  ) );
#15930 = ORIENTED_EDGE('',*,*,#15931,.F.);
#15931 = EDGE_CURVE('',#15824,#15902,#15932,.T.);
#15932 = SURFACE_CURVE('',#15933,(#15937,#15944),.PCURVE_S1.);
#15933 = B_SPLINE_CURVE_WITH_KNOTS('',2,(#15934,#15935,#15936),
  .UNSPECIFIED.,.F.,.F.,(3,3),(0.,1.),.PIECEWISE_BEZIER_KNOTS.);
#15934 = CARTESIAN_POINT('',(4.035703125,-1.3,9.0884765625));
#15935 = CARTESIAN_POINT('',(4.072421875,-1.3,9.1072265625));
#15936 = CARTESIAN_POINT('',(4.11265625,-1.3,9.1072265625));
#15937 = PCURVE('',#15839,#15938);
#15938 = DEFINITIONAL_REPRESENTATION('',(#15939),#15943);
#15939 = LINE('',#15940,#15941);
#15940 = CARTESIAN_POINT('',(0.,0.));
#15941 = VECTOR('',#15942,1.);
#15942 = DIRECTION('',(1.,0.));
#15943 = ( GEOMETRIC_REPRESENTATION_CONTEXT(2) 
PARAMETRIC_REPRESENTATION_CONTEXT() REPRESENTATION_CONTEXT('2D SPACE',''
  ) );
#15944 = PCURVE('',#15394,#15945);
#15945 = DEFINITIONAL_REPRESENTATION('',(#15946),#15950);
#15946 = B_SPLINE_CURVE_WITH_KNOTS('',2,(#15947,#15948,#15949),
  .UNSPECIFIED.,.F.,.F.,(3,3),(0.,1.),.PIECEWISE_BEZIER_KNOTS.);
#15947 = CARTESIAN_POINT('',(0.162109375,0.352734375));
#15948 = CARTESIAN_POINT('',(0.198828125,0.371484375));
#15949 = CARTESIAN_POINT('',(0.2390625,0.371484375));
#15950 = ( GEOMETRIC_REPRESENTATION_CONTEXT(2) 
PARAMETRIC_REPRESENTATION_CONTEXT() REPRESENTATION_CONTEXT('2D SPACE',''
  ) );
#15951 = ADVANCED_FACE('',(#15952),#15917,.T.);
#15952 = FACE_BOUND('',#15953,.T.);
#15953 = EDGE_LOOP('',(#15954,#15955,#15978,#16008));
#15954 = ORIENTED_EDGE('',*,*,#15901,.T.);
#15955 = ORIENTED_EDGE('',*,*,#15956,.T.);
#15956 = EDGE_CURVE('',#15879,#15957,#15959,.T.);
#15957 = VERTEX_POINT('',#15958);
#15958 = CARTESIAN_POINT('',(4.2323828125,-1.312,9.05546875));
#15959 = SURFACE_CURVE('',#15960,(#15964,#15971),.PCURVE_S1.);
#15960 = B_SPLINE_CURVE_WITH_KNOTS('',2,(#15961,#15962,#15963),
  .UNSPECIFIED.,.F.,.F.,(3,3),(0.,1.),.PIECEWISE_BEZIER_KNOTS.);
#15961 = CARTESIAN_POINT('',(4.11265625,-1.312,9.1072265625));
#15962 = CARTESIAN_POINT('',(4.18296875,-1.312,9.1072265625));
#15963 = CARTESIAN_POINT('',(4.2323828125,-1.312,9.05546875));
#15964 = PCURVE('',#15917,#15965);
#15965 = DEFINITIONAL_REPRESENTATION('',(#15966),#15970);
#15966 = LINE('',#15967,#15968);
#15967 = CARTESIAN_POINT('',(0.,-1.2E-02));
#15968 = VECTOR('',#15969,1.);
#15969 = DIRECTION('',(1.,0.));
#15970 = ( GEOMETRIC_REPRESENTATION_CONTEXT(2) 
PARAMETRIC_REPRESENTATION_CONTEXT() REPRESENTATION_CONTEXT('2D SPACE',''
  ) );
#15971 = PCURVE('',#15338,#15972);
#15972 = DEFINITIONAL_REPRESENTATION('',(#15973),#15977);
#15973 = B_SPLINE_CURVE_WITH_KNOTS('',2,(#15974,#15975,#15976),
  .UNSPECIFIED.,.F.,.F.,(3,3),(0.,1.),.PIECEWISE_BEZIER_KNOTS.);
#15974 = CARTESIAN_POINT('',(0.2390625,0.371484375));
#15975 = CARTESIAN_POINT('',(0.309375,0.371484375));
#15976 = CARTESIAN_POINT('',(0.3587890625,0.3197265625));
#15977 = ( GEOMETRIC_REPRESENTATION_CONTEXT(2) 
PARAMETRIC_REPRESENTATION_CONTEXT() REPRESENTATION_CONTEXT('2D SPACE',''
  ) );
#15978 = ORIENTED_EDGE('',*,*,#15979,.F.);
#15979 = EDGE_CURVE('',#15980,#15957,#15982,.T.);
#15980 = VERTEX_POINT('',#15981);
#15981 = CARTESIAN_POINT('',(4.2323828125,-1.3,9.05546875));
#15982 = SURFACE_CURVE('',#15983,(#15987,#15994),.PCURVE_S1.);
#15983 = LINE('',#15984,#15985);
#15984 = CARTESIAN_POINT('',(4.2323828125,-1.3,9.05546875));
#15985 = VECTOR('',#15986,1.);
#15986 = DIRECTION('',(0.,-1.,0.));
#15987 = PCURVE('',#15917,#15988);
#15988 = DEFINITIONAL_REPRESENTATION('',(#15989),#15993);
#15989 = LINE('',#15990,#15991);
#15990 = CARTESIAN_POINT('',(1.,0.));
#15991 = VECTOR('',#15992,1.);
#15992 = DIRECTION('',(0.,-1.));
#15993 = ( GEOMETRIC_REPRESENTATION_CONTEXT(2) 
PARAMETRIC_REPRESENTATION_CONTEXT() REPRESENTATION_CONTEXT('2D SPACE',''
  ) );
#15994 = PCURVE('',#15995,#16002);
#15995 = SURFACE_OF_LINEAR_EXTRUSION('',#15996,#16000);
#15996 = B_SPLINE_CURVE_WITH_KNOTS('',2,(#15997,#15998,#15999),
  .UNSPECIFIED.,.F.,.F.,(3,3),(0.,1.),.PIECEWISE_BEZIER_KNOTS.);
#15997 = CARTESIAN_POINT('',(4.2323828125,-1.3,9.05546875));
#15998 = CARTESIAN_POINT('',(4.281796875,-1.3,9.0037109375));
#15999 = CARTESIAN_POINT('',(4.281796875,-1.3,8.9216796875));
#16000 = VECTOR('',#16001,1.);
#16001 = DIRECTION('',(-0.,1.,-0.));
#16002 = DEFINITIONAL_REPRESENTATION('',(#16003),#16007);
#16003 = LINE('',#16004,#16005);
#16004 = CARTESIAN_POINT('',(0.,0.));
#16005 = VECTOR('',#16006,1.);
#16006 = DIRECTION('',(0.,-1.));
#16007 = ( GEOMETRIC_REPRESENTATION_CONTEXT(2) 
PARAMETRIC_REPRESENTATION_CONTEXT() REPRESENTATION_CONTEXT('2D SPACE',''
  ) );
#16008 = ORIENTED_EDGE('',*,*,#16009,.F.);
#16009 = EDGE_CURVE('',#15902,#15980,#16010,.T.);
#16010 = SURFACE_CURVE('',#16011,(#16015,#16022),.PCURVE_S1.);
#16011 = B_SPLINE_CURVE_WITH_KNOTS('',2,(#16012,#16013,#16014),
  .UNSPECIFIED.,.F.,.F.,(3,3),(0.,1.),.PIECEWISE_BEZIER_KNOTS.);
#16012 = CARTESIAN_POINT('',(4.11265625,-1.3,9.1072265625));
#16013 = CARTESIAN_POINT('',(4.18296875,-1.3,9.1072265625));
#16014 = CARTESIAN_POINT('',(4.2323828125,-1.3,9.05546875));
#16015 = PCURVE('',#15917,#16016);
#16016 = DEFINITIONAL_REPRESENTATION('',(#16017),#16021);
#16017 = LINE('',#16018,#16019);
#16018 = CARTESIAN_POINT('',(0.,0.));
#16019 = VECTOR('',#16020,1.);
#16020 = DIRECTION('',(1.,0.));
#16021 = ( GEOMETRIC_REPRESENTATION_CONTEXT(2) 
PARAMETRIC_REPRESENTATION_CONTEXT() REPRESENTATION_CONTEXT('2D SPACE',''
  ) );
#16022 = PCURVE('',#15394,#16023);
#16023 = DEFINITIONAL_REPRESENTATION('',(#16024),#16028);
#16024 = B_SPLINE_CURVE_WITH_KNOTS('',2,(#16025,#16026,#16027),
  .UNSPECIFIED.,.F.,.F.,(3,3),(0.,1.),.PIECEWISE_BEZIER_KNOTS.);
#16025 = CARTESIAN_POINT('',(0.2390625,0.371484375));
#16026 = CARTESIAN_POINT('',(0.309375,0.371484375));
#16027 = CARTESIAN_POINT('',(0.3587890625,0.3197265625));
#16028 = ( GEOMETRIC_REPRESENTATION_CONTEXT(2) 
PARAMETRIC_REPRESENTATION_CONTEXT() REPRESENTATION_CONTEXT('2D SPACE',''
  ) );
#16029 = ADVANCED_FACE('',(#16030),#15995,.T.);
#16030 = FACE_BOUND('',#16031,.T.);
#16031 = EDGE_LOOP('',(#16032,#16033,#16056,#16086));
#16032 = ORIENTED_EDGE('',*,*,#15979,.T.);
#16033 = ORIENTED_EDGE('',*,*,#16034,.T.);
#16034 = EDGE_CURVE('',#15957,#16035,#16037,.T.);
#16035 = VERTEX_POINT('',#16036);
#16036 = CARTESIAN_POINT('',(4.281796875,-1.312,8.9216796875));
#16037 = SURFACE_CURVE('',#16038,(#16042,#16049),.PCURVE_S1.);
#16038 = B_SPLINE_CURVE_WITH_KNOTS('',2,(#16039,#16040,#16041),
  .UNSPECIFIED.,.F.,.F.,(3,3),(0.,1.),.PIECEWISE_BEZIER_KNOTS.);
#16039 = CARTESIAN_POINT('',(4.2323828125,-1.312,9.05546875));
#16040 = CARTESIAN_POINT('',(4.281796875,-1.312,9.0037109375));
#16041 = CARTESIAN_POINT('',(4.281796875,-1.312,8.9216796875));
#16042 = PCURVE('',#15995,#16043);
#16043 = DEFINITIONAL_REPRESENTATION('',(#16044),#16048);
#16044 = LINE('',#16045,#16046);
#16045 = CARTESIAN_POINT('',(0.,-1.2E-02));
#16046 = VECTOR('',#16047,1.);
#16047 = DIRECTION('',(1.,0.));
#16048 = ( GEOMETRIC_REPRESENTATION_CONTEXT(2) 
PARAMETRIC_REPRESENTATION_CONTEXT() REPRESENTATION_CONTEXT('2D SPACE',''
  ) );
#16049 = PCURVE('',#15338,#16050);
#16050 = DEFINITIONAL_REPRESENTATION('',(#16051),#16055);
#16051 = B_SPLINE_CURVE_WITH_KNOTS('',2,(#16052,#16053,#16054),
  .UNSPECIFIED.,.F.,.F.,(3,3),(0.,1.),.PIECEWISE_BEZIER_KNOTS.);
#16052 = CARTESIAN_POINT('',(0.3587890625,0.3197265625));
#16053 = CARTESIAN_POINT('',(0.408203125,0.26796875));
#16054 = CARTESIAN_POINT('',(0.408203125,0.1859375));
#16055 = ( GEOMETRIC_REPRESENTATION_CONTEXT(2) 
PARAMETRIC_REPRESENTATION_CONTEXT() REPRESENTATION_CONTEXT('2D SPACE',''
  ) );
#16056 = ORIENTED_EDGE('',*,*,#16057,.F.);
#16057 = EDGE_CURVE('',#16058,#16035,#16060,.T.);
#16058 = VERTEX_POINT('',#16059);
#16059 = CARTESIAN_POINT('',(4.281796875,-1.3,8.9216796875));
#16060 = SURFACE_CURVE('',#16061,(#16065,#16072),.PCURVE_S1.);
#16061 = LINE('',#16062,#16063);
#16062 = CARTESIAN_POINT('',(4.281796875,-1.3,8.9216796875));
#16063 = VECTOR('',#16064,1.);
#16064 = DIRECTION('',(0.,-1.,0.));
#16065 = PCURVE('',#15995,#16066);
#16066 = DEFINITIONAL_REPRESENTATION('',(#16067),#16071);
#16067 = LINE('',#16068,#16069);
#16068 = CARTESIAN_POINT('',(1.,0.));
#16069 = VECTOR('',#16070,1.);
#16070 = DIRECTION('',(0.,-1.));
#16071 = ( GEOMETRIC_REPRESENTATION_CONTEXT(2) 
PARAMETRIC_REPRESENTATION_CONTEXT() REPRESENTATION_CONTEXT('2D SPACE',''
  ) );
#16072 = PCURVE('',#16073,#16080);
#16073 = SURFACE_OF_LINEAR_EXTRUSION('',#16074,#16078);
#16074 = B_SPLINE_CURVE_WITH_KNOTS('',2,(#16075,#16076,#16077),
  .UNSPECIFIED.,.F.,.F.,(3,3),(0.,1.),.PIECEWISE_BEZIER_KNOTS.);
#16075 = CARTESIAN_POINT('',(4.281796875,-1.3,8.9216796875));
#16076 = CARTESIAN_POINT('',(4.281796875,-1.3,8.8677734375));
#16077 = CARTESIAN_POINT('',(4.2585546875,-1.3,8.821484375));
#16078 = VECTOR('',#16079,1.);
#16079 = DIRECTION('',(-0.,1.,-0.));
#16080 = DEFINITIONAL_REPRESENTATION('',(#16081),#16085);
#16081 = LINE('',#16082,#16083);
#16082 = CARTESIAN_POINT('',(0.,0.));
#16083 = VECTOR('',#16084,1.);
#16084 = DIRECTION('',(0.,-1.));
#16085 = ( GEOMETRIC_REPRESENTATION_CONTEXT(2) 
PARAMETRIC_REPRESENTATION_CONTEXT() REPRESENTATION_CONTEXT('2D SPACE',''
  ) );
#16086 = ORIENTED_EDGE('',*,*,#16087,.F.);
#16087 = EDGE_CURVE('',#15980,#16058,#16088,.T.);
#16088 = SURFACE_CURVE('',#16089,(#16093,#16100),.PCURVE_S1.);
#16089 = B_SPLINE_CURVE_WITH_KNOTS('',2,(#16090,#16091,#16092),
  .UNSPECIFIED.,.F.,.F.,(3,3),(0.,1.),.PIECEWISE_BEZIER_KNOTS.);
#16090 = CARTESIAN_POINT('',(4.2323828125,-1.3,9.05546875));
#16091 = CARTESIAN_POINT('',(4.281796875,-1.3,9.0037109375));
#16092 = CARTESIAN_POINT('',(4.281796875,-1.3,8.9216796875));
#16093 = PCURVE('',#15995,#16094);
#16094 = DEFINITIONAL_REPRESENTATION('',(#16095),#16099);
#16095 = LINE('',#16096,#16097);
#16096 = CARTESIAN_POINT('',(0.,0.));
#16097 = VECTOR('',#16098,1.);
#16098 = DIRECTION('',(1.,0.));
#16099 = ( GEOMETRIC_REPRESENTATION_CONTEXT(2) 
PARAMETRIC_REPRESENTATION_CONTEXT() REPRESENTATION_CONTEXT('2D SPACE',''
  ) );
#16100 = PCURVE('',#15394,#16101);
#16101 = DEFINITIONAL_REPRESENTATION('',(#16102),#16106);
#16102 = B_SPLINE_CURVE_WITH_KNOTS('',2,(#16103,#16104,#16105),
  .UNSPECIFIED.,.F.,.F.,(3,3),(0.,1.),.PIECEWISE_BEZIER_KNOTS.);
#16103 = CARTESIAN_POINT('',(0.3587890625,0.3197265625));
#16104 = CARTESIAN_POINT('',(0.408203125,0.26796875));
#16105 = CARTESIAN_POINT('',(0.408203125,0.1859375));
#16106 = ( GEOMETRIC_REPRESENTATION_CONTEXT(2) 
PARAMETRIC_REPRESENTATION_CONTEXT() REPRESENTATION_CONTEXT('2D SPACE',''
  ) );
#16107 = ADVANCED_FACE('',(#16108),#16073,.T.);
#16108 = FACE_BOUND('',#16109,.T.);
#16109 = EDGE_LOOP('',(#16110,#16111,#16134,#16164));
#16110 = ORIENTED_EDGE('',*,*,#16057,.T.);
#16111 = ORIENTED_EDGE('',*,*,#16112,.T.);
#16112 = EDGE_CURVE('',#16035,#16113,#16115,.T.);
#16113 = VERTEX_POINT('',#16114);
#16114 = CARTESIAN_POINT('',(4.2585546875,-1.312,8.821484375));
#16115 = SURFACE_CURVE('',#16116,(#16120,#16127),.PCURVE_S1.);
#16116 = B_SPLINE_CURVE_WITH_KNOTS('',2,(#16117,#16118,#16119),
  .UNSPECIFIED.,.F.,.F.,(3,3),(0.,1.),.PIECEWISE_BEZIER_KNOTS.);
#16117 = CARTESIAN_POINT('',(4.281796875,-1.312,8.9216796875));
#16118 = CARTESIAN_POINT('',(4.281796875,-1.312,8.8677734375));
#16119 = CARTESIAN_POINT('',(4.2585546875,-1.312,8.821484375));
#16120 = PCURVE('',#16073,#16121);
#16121 = DEFINITIONAL_REPRESENTATION('',(#16122),#16126);
#16122 = LINE('',#16123,#16124);
#16123 = CARTESIAN_POINT('',(0.,-1.2E-02));
#16124 = VECTOR('',#16125,1.);
#16125 = DIRECTION('',(1.,0.));
#16126 = ( GEOMETRIC_REPRESENTATION_CONTEXT(2) 
PARAMETRIC_REPRESENTATION_CONTEXT() REPRESENTATION_CONTEXT('2D SPACE',''
  ) );
#16127 = PCURVE('',#15338,#16128);
#16128 = DEFINITIONAL_REPRESENTATION('',(#16129),#16133);
#16129 = B_SPLINE_CURVE_WITH_KNOTS('',2,(#16130,#16131,#16132),
  .UNSPECIFIED.,.F.,.F.,(3,3),(0.,1.),.PIECEWISE_BEZIER_KNOTS.);
#16130 = CARTESIAN_POINT('',(0.408203125,0.1859375));
#16131 = CARTESIAN_POINT('',(0.408203125,0.13203125));
#16132 = CARTESIAN_POINT('',(0.3849609375,8.57421875E-02));
#16133 = ( GEOMETRIC_REPRESENTATION_CONTEXT(2) 
PARAMETRIC_REPRESENTATION_CONTEXT() REPRESENTATION_CONTEXT('2D SPACE',''
  ) );
#16134 = ORIENTED_EDGE('',*,*,#16135,.F.);
#16135 = EDGE_CURVE('',#16136,#16113,#16138,.T.);
#16136 = VERTEX_POINT('',#16137);
#16137 = CARTESIAN_POINT('',(4.2585546875,-1.3,8.821484375));
#16138 = SURFACE_CURVE('',#16139,(#16143,#16150),.PCURVE_S1.);
#16139 = LINE('',#16140,#16141);
#16140 = CARTESIAN_POINT('',(4.2585546875,-1.3,8.821484375));
#16141 = VECTOR('',#16142,1.);
#16142 = DIRECTION('',(0.,-1.,0.));
#16143 = PCURVE('',#16073,#16144);
#16144 = DEFINITIONAL_REPRESENTATION('',(#16145),#16149);
#16145 = LINE('',#16146,#16147);
#16146 = CARTESIAN_POINT('',(1.,0.));
#16147 = VECTOR('',#16148,1.);
#16148 = DIRECTION('',(0.,-1.));
#16149 = ( GEOMETRIC_REPRESENTATION_CONTEXT(2) 
PARAMETRIC_REPRESENTATION_CONTEXT() REPRESENTATION_CONTEXT('2D SPACE',''
  ) );
#16150 = PCURVE('',#16151,#16158);
#16151 = SURFACE_OF_LINEAR_EXTRUSION('',#16152,#16156);
#16152 = B_SPLINE_CURVE_WITH_KNOTS('',2,(#16153,#16154,#16155),
  .UNSPECIFIED.,.F.,.F.,(3,3),(0.,1.),.PIECEWISE_BEZIER_KNOTS.);
#16153 = CARTESIAN_POINT('',(4.2585546875,-1.3,8.821484375));
#16154 = CARTESIAN_POINT('',(4.2353125,-1.3,8.7751953125));
#16155 = CARTESIAN_POINT('',(4.1946875,-1.3,8.7505859375));
#16156 = VECTOR('',#16157,1.);
#16157 = DIRECTION('',(-0.,1.,-0.));
#16158 = DEFINITIONAL_REPRESENTATION('',(#16159),#16163);
#16159 = LINE('',#16160,#16161);
#16160 = CARTESIAN_POINT('',(0.,0.));
#16161 = VECTOR('',#16162,1.);
#16162 = DIRECTION('',(0.,-1.));
#16163 = ( GEOMETRIC_REPRESENTATION_CONTEXT(2) 
PARAMETRIC_REPRESENTATION_CONTEXT() REPRESENTATION_CONTEXT('2D SPACE',''
  ) );
#16164 = ORIENTED_EDGE('',*,*,#16165,.F.);
#16165 = EDGE_CURVE('',#16058,#16136,#16166,.T.);
#16166 = SURFACE_CURVE('',#16167,(#16171,#16178),.PCURVE_S1.);
#16167 = B_SPLINE_CURVE_WITH_KNOTS('',2,(#16168,#16169,#16170),
  .UNSPECIFIED.,.F.,.F.,(3,3),(0.,1.),.PIECEWISE_BEZIER_KNOTS.);
#16168 = CARTESIAN_POINT('',(4.281796875,-1.3,8.9216796875));
#16169 = CARTESIAN_POINT('',(4.281796875,-1.3,8.8677734375));
#16170 = CARTESIAN_POINT('',(4.2585546875,-1.3,8.821484375));
#16171 = PCURVE('',#16073,#16172);
#16172 = DEFINITIONAL_REPRESENTATION('',(#16173),#16177);
#16173 = LINE('',#16174,#16175);
#16174 = CARTESIAN_POINT('',(0.,0.));
#16175 = VECTOR('',#16176,1.);
#16176 = DIRECTION('',(1.,0.));
#16177 = ( GEOMETRIC_REPRESENTATION_CONTEXT(2) 
PARAMETRIC_REPRESENTATION_CONTEXT() REPRESENTATION_CONTEXT('2D SPACE',''
  ) );
#16178 = PCURVE('',#15394,#16179);
#16179 = DEFINITIONAL_REPRESENTATION('',(#16180),#16184);
#16180 = B_SPLINE_CURVE_WITH_KNOTS('',2,(#16181,#16182,#16183),
  .UNSPECIFIED.,.F.,.F.,(3,3),(0.,1.),.PIECEWISE_BEZIER_KNOTS.);
#16181 = CARTESIAN_POINT('',(0.408203125,0.1859375));
#16182 = CARTESIAN_POINT('',(0.408203125,0.13203125));
#16183 = CARTESIAN_POINT('',(0.3849609375,8.57421875E-02));
#16184 = ( GEOMETRIC_REPRESENTATION_CONTEXT(2) 
PARAMETRIC_REPRESENTATION_CONTEXT() REPRESENTATION_CONTEXT('2D SPACE',''
  ) );
#16185 = ADVANCED_FACE('',(#16186),#16151,.T.);
#16186 = FACE_BOUND('',#16187,.T.);
#16187 = EDGE_LOOP('',(#16188,#16189,#16212,#16242));
#16188 = ORIENTED_EDGE('',*,*,#16135,.T.);
#16189 = ORIENTED_EDGE('',*,*,#16190,.T.);
#16190 = EDGE_CURVE('',#16113,#16191,#16193,.T.);
#16191 = VERTEX_POINT('',#16192);
#16192 = CARTESIAN_POINT('',(4.1946875,-1.312,8.7505859375));
#16193 = SURFACE_CURVE('',#16194,(#16198,#16205),.PCURVE_S1.);
#16194 = B_SPLINE_CURVE_WITH_KNOTS('',2,(#16195,#16196,#16197),
  .UNSPECIFIED.,.F.,.F.,(3,3),(0.,1.),.PIECEWISE_BEZIER_KNOTS.);
#16195 = CARTESIAN_POINT('',(4.2585546875,-1.312,8.821484375));
#16196 = CARTESIAN_POINT('',(4.2353125,-1.312,8.7751953125));
#16197 = CARTESIAN_POINT('',(4.1946875,-1.312,8.7505859375));
#16198 = PCURVE('',#16151,#16199);
#16199 = DEFINITIONAL_REPRESENTATION('',(#16200),#16204);
#16200 = LINE('',#16201,#16202);
#16201 = CARTESIAN_POINT('',(0.,-1.2E-02));
#16202 = VECTOR('',#16203,1.);
#16203 = DIRECTION('',(1.,0.));
#16204 = ( GEOMETRIC_REPRESENTATION_CONTEXT(2) 
PARAMETRIC_REPRESENTATION_CONTEXT() REPRESENTATION_CONTEXT('2D SPACE',''
  ) );
#16205 = PCURVE('',#15338,#16206);
#16206 = DEFINITIONAL_REPRESENTATION('',(#16207),#16211);
#16207 = B_SPLINE_CURVE_WITH_KNOTS('',2,(#16208,#16209,#16210),
  .UNSPECIFIED.,.F.,.F.,(3,3),(0.,1.),.PIECEWISE_BEZIER_KNOTS.);
#16208 = CARTESIAN_POINT('',(0.3849609375,8.57421875E-02));
#16209 = CARTESIAN_POINT('',(0.36171875,3.9453125E-02));
#16210 = CARTESIAN_POINT('',(0.32109375,1.484375E-02));
#16211 = ( GEOMETRIC_REPRESENTATION_CONTEXT(2) 
PARAMETRIC_REPRESENTATION_CONTEXT() REPRESENTATION_CONTEXT('2D SPACE',''
  ) );
#16212 = ORIENTED_EDGE('',*,*,#16213,.F.);
#16213 = EDGE_CURVE('',#16214,#16191,#16216,.T.);
#16214 = VERTEX_POINT('',#16215);
#16215 = CARTESIAN_POINT('',(4.1946875,-1.3,8.7505859375));
#16216 = SURFACE_CURVE('',#16217,(#16221,#16228),.PCURVE_S1.);
#16217 = LINE('',#16218,#16219);
#16218 = CARTESIAN_POINT('',(4.1946875,-1.3,8.7505859375));
#16219 = VECTOR('',#16220,1.);
#16220 = DIRECTION('',(0.,-1.,0.));
#16221 = PCURVE('',#16151,#16222);
#16222 = DEFINITIONAL_REPRESENTATION('',(#16223),#16227);
#16223 = LINE('',#16224,#16225);
#16224 = CARTESIAN_POINT('',(1.,0.));
#16225 = VECTOR('',#16226,1.);
#16226 = DIRECTION('',(0.,-1.));
#16227 = ( GEOMETRIC_REPRESENTATION_CONTEXT(2) 
PARAMETRIC_REPRESENTATION_CONTEXT() REPRESENTATION_CONTEXT('2D SPACE',''
  ) );
#16228 = PCURVE('',#16229,#16236);
#16229 = SURFACE_OF_LINEAR_EXTRUSION('',#16230,#16234);
#16230 = B_SPLINE_CURVE_WITH_KNOTS('',2,(#16231,#16232,#16233),
  .UNSPECIFIED.,.F.,.F.,(3,3),(0.,1.),.PIECEWISE_BEZIER_KNOTS.);
#16231 = CARTESIAN_POINT('',(4.1946875,-1.3,8.7505859375));
#16232 = CARTESIAN_POINT('',(4.1540625,-1.3,8.7259765625));
#16233 = CARTESIAN_POINT('',(4.1025,-1.3,8.7259765625));
#16234 = VECTOR('',#16235,1.);
#16235 = DIRECTION('',(-0.,1.,-0.));
#16236 = DEFINITIONAL_REPRESENTATION('',(#16237),#16241);
#16237 = LINE('',#16238,#16239);
#16238 = CARTESIAN_POINT('',(0.,0.));
#16239 = VECTOR('',#16240,1.);
#16240 = DIRECTION('',(0.,-1.));
#16241 = ( GEOMETRIC_REPRESENTATION_CONTEXT(2) 
PARAMETRIC_REPRESENTATION_CONTEXT() REPRESENTATION_CONTEXT('2D SPACE',''
  ) );
#16242 = ORIENTED_EDGE('',*,*,#16243,.F.);
#16243 = EDGE_CURVE('',#16136,#16214,#16244,.T.);
#16244 = SURFACE_CURVE('',#16245,(#16249,#16256),.PCURVE_S1.);
#16245 = B_SPLINE_CURVE_WITH_KNOTS('',2,(#16246,#16247,#16248),
  .UNSPECIFIED.,.F.,.F.,(3,3),(0.,1.),.PIECEWISE_BEZIER_KNOTS.);
#16246 = CARTESIAN_POINT('',(4.2585546875,-1.3,8.821484375));
#16247 = CARTESIAN_POINT('',(4.2353125,-1.3,8.7751953125));
#16248 = CARTESIAN_POINT('',(4.1946875,-1.3,8.7505859375));
#16249 = PCURVE('',#16151,#16250);
#16250 = DEFINITIONAL_REPRESENTATION('',(#16251),#16255);
#16251 = LINE('',#16252,#16253);
#16252 = CARTESIAN_POINT('',(0.,0.));
#16253 = VECTOR('',#16254,1.);
#16254 = DIRECTION('',(1.,0.));
#16255 = ( GEOMETRIC_REPRESENTATION_CONTEXT(2) 
PARAMETRIC_REPRESENTATION_CONTEXT() REPRESENTATION_CONTEXT('2D SPACE',''
  ) );
#16256 = PCURVE('',#15394,#16257);
#16257 = DEFINITIONAL_REPRESENTATION('',(#16258),#16262);
#16258 = B_SPLINE_CURVE_WITH_KNOTS('',2,(#16259,#16260,#16261),
  .UNSPECIFIED.,.F.,.F.,(3,3),(0.,1.),.PIECEWISE_BEZIER_KNOTS.);
#16259 = CARTESIAN_POINT('',(0.3849609375,8.57421875E-02));
#16260 = CARTESIAN_POINT('',(0.36171875,3.9453125E-02));
#16261 = CARTESIAN_POINT('',(0.32109375,1.484375E-02));
#16262 = ( GEOMETRIC_REPRESENTATION_CONTEXT(2) 
PARAMETRIC_REPRESENTATION_CONTEXT() REPRESENTATION_CONTEXT('2D SPACE',''
  ) );
#16263 = ADVANCED_FACE('',(#16264),#16229,.T.);
#16264 = FACE_BOUND('',#16265,.T.);
#16265 = EDGE_LOOP('',(#16266,#16267,#16290,#16320));
#16266 = ORIENTED_EDGE('',*,*,#16213,.T.);
#16267 = ORIENTED_EDGE('',*,*,#16268,.T.);
#16268 = EDGE_CURVE('',#16191,#16269,#16271,.T.);
#16269 = VERTEX_POINT('',#16270);
#16270 = CARTESIAN_POINT('',(4.1025,-1.312,8.7259765625));
#16271 = SURFACE_CURVE('',#16272,(#16276,#16283),.PCURVE_S1.);
#16272 = B_SPLINE_CURVE_WITH_KNOTS('',2,(#16273,#16274,#16275),
  .UNSPECIFIED.,.F.,.F.,(3,3),(0.,1.),.PIECEWISE_BEZIER_KNOTS.);
#16273 = CARTESIAN_POINT('',(4.1946875,-1.312,8.7505859375));
#16274 = CARTESIAN_POINT('',(4.1540625,-1.312,8.7259765625));
#16275 = CARTESIAN_POINT('',(4.1025,-1.312,8.7259765625));
#16276 = PCURVE('',#16229,#16277);
#16277 = DEFINITIONAL_REPRESENTATION('',(#16278),#16282);
#16278 = LINE('',#16279,#16280);
#16279 = CARTESIAN_POINT('',(0.,-1.2E-02));
#16280 = VECTOR('',#16281,1.);
#16281 = DIRECTION('',(1.,0.));
#16282 = ( GEOMETRIC_REPRESENTATION_CONTEXT(2) 
PARAMETRIC_REPRESENTATION_CONTEXT() REPRESENTATION_CONTEXT('2D SPACE',''
  ) );
#16283 = PCURVE('',#15338,#16284);
#16284 = DEFINITIONAL_REPRESENTATION('',(#16285),#16289);
#16285 = B_SPLINE_CURVE_WITH_KNOTS('',2,(#16286,#16287,#16288),
  .UNSPECIFIED.,.F.,.F.,(3,3),(0.,1.),.PIECEWISE_BEZIER_KNOTS.);
#16286 = CARTESIAN_POINT('',(0.32109375,1.484375E-02));
#16287 = CARTESIAN_POINT('',(0.28046875,-9.765625E-03));
#16288 = CARTESIAN_POINT('',(0.22890625,-9.765625E-03));
#16289 = ( GEOMETRIC_REPRESENTATION_CONTEXT(2) 
PARAMETRIC_REPRESENTATION_CONTEXT() REPRESENTATION_CONTEXT('2D SPACE',''
  ) );
#16290 = ORIENTED_EDGE('',*,*,#16291,.F.);
#16291 = EDGE_CURVE('',#16292,#16269,#16294,.T.);
#16292 = VERTEX_POINT('',#16293);
#16293 = CARTESIAN_POINT('',(4.1025,-1.3,8.7259765625));
#16294 = SURFACE_CURVE('',#16295,(#16299,#16306),.PCURVE_S1.);
#16295 = LINE('',#16296,#16297);
#16296 = CARTESIAN_POINT('',(4.1025,-1.3,8.7259765625));
#16297 = VECTOR('',#16298,1.);
#16298 = DIRECTION('',(0.,-1.,0.));
#16299 = PCURVE('',#16229,#16300);
#16300 = DEFINITIONAL_REPRESENTATION('',(#16301),#16305);
#16301 = LINE('',#16302,#16303);
#16302 = CARTESIAN_POINT('',(1.,0.));
#16303 = VECTOR('',#16304,1.);
#16304 = DIRECTION('',(0.,-1.));
#16305 = ( GEOMETRIC_REPRESENTATION_CONTEXT(2) 
PARAMETRIC_REPRESENTATION_CONTEXT() REPRESENTATION_CONTEXT('2D SPACE',''
  ) );
#16306 = PCURVE('',#16307,#16314);
#16307 = SURFACE_OF_LINEAR_EXTRUSION('',#16308,#16312);
#16308 = B_SPLINE_CURVE_WITH_KNOTS('',2,(#16309,#16310,#16311),
  .UNSPECIFIED.,.F.,.F.,(3,3),(0.,1.),.PIECEWISE_BEZIER_KNOTS.);
#16309 = CARTESIAN_POINT('',(4.1025,-1.3,8.7259765625));
#16310 = CARTESIAN_POINT('',(4.014609375,-1.3,8.7259765625));
#16311 = CARTESIAN_POINT('',(3.959140625,-1.3,8.790625));
#16312 = VECTOR('',#16313,1.);
#16313 = DIRECTION('',(-0.,1.,-0.));
#16314 = DEFINITIONAL_REPRESENTATION('',(#16315),#16319);
#16315 = LINE('',#16316,#16317);
#16316 = CARTESIAN_POINT('',(0.,0.));
#16317 = VECTOR('',#16318,1.);
#16318 = DIRECTION('',(0.,-1.));
#16319 = ( GEOMETRIC_REPRESENTATION_CONTEXT(2) 
PARAMETRIC_REPRESENTATION_CONTEXT() REPRESENTATION_CONTEXT('2D SPACE',''
  ) );
#16320 = ORIENTED_EDGE('',*,*,#16321,.F.);
#16321 = EDGE_CURVE('',#16214,#16292,#16322,.T.);
#16322 = SURFACE_CURVE('',#16323,(#16327,#16334),.PCURVE_S1.);
#16323 = B_SPLINE_CURVE_WITH_KNOTS('',2,(#16324,#16325,#16326),
  .UNSPECIFIED.,.F.,.F.,(3,3),(0.,1.),.PIECEWISE_BEZIER_KNOTS.);
#16324 = CARTESIAN_POINT('',(4.1946875,-1.3,8.7505859375));
#16325 = CARTESIAN_POINT('',(4.1540625,-1.3,8.7259765625));
#16326 = CARTESIAN_POINT('',(4.1025,-1.3,8.7259765625));
#16327 = PCURVE('',#16229,#16328);
#16328 = DEFINITIONAL_REPRESENTATION('',(#16329),#16333);
#16329 = LINE('',#16330,#16331);
#16330 = CARTESIAN_POINT('',(0.,0.));
#16331 = VECTOR('',#16332,1.);
#16332 = DIRECTION('',(1.,0.));
#16333 = ( GEOMETRIC_REPRESENTATION_CONTEXT(2) 
PARAMETRIC_REPRESENTATION_CONTEXT() REPRESENTATION_CONTEXT('2D SPACE',''
  ) );
#16334 = PCURVE('',#15394,#16335);
#16335 = DEFINITIONAL_REPRESENTATION('',(#16336),#16340);
#16336 = B_SPLINE_CURVE_WITH_KNOTS('',2,(#16337,#16338,#16339),
  .UNSPECIFIED.,.F.,.F.,(3,3),(0.,1.),.PIECEWISE_BEZIER_KNOTS.);
#16337 = CARTESIAN_POINT('',(0.32109375,1.484375E-02));
#16338 = CARTESIAN_POINT('',(0.28046875,-9.765625E-03));
#16339 = CARTESIAN_POINT('',(0.22890625,-9.765625E-03));
#16340 = ( GEOMETRIC_REPRESENTATION_CONTEXT(2) 
PARAMETRIC_REPRESENTATION_CONTEXT() REPRESENTATION_CONTEXT('2D SPACE',''
  ) );
#16341 = ADVANCED_FACE('',(#16342),#16307,.T.);
#16342 = FACE_BOUND('',#16343,.T.);
#16343 = EDGE_LOOP('',(#16344,#16345,#16368,#16398));
#16344 = ORIENTED_EDGE('',*,*,#16291,.T.);
#16345 = ORIENTED_EDGE('',*,*,#16346,.T.);
#16346 = EDGE_CURVE('',#16269,#16347,#16349,.T.);
#16347 = VERTEX_POINT('',#16348);
#16348 = CARTESIAN_POINT('',(3.959140625,-1.312,8.790625));
#16349 = SURFACE_CURVE('',#16350,(#16354,#16361),.PCURVE_S1.);
#16350 = B_SPLINE_CURVE_WITH_KNOTS('',2,(#16351,#16352,#16353),
  .UNSPECIFIED.,.F.,.F.,(3,3),(0.,1.),.PIECEWISE_BEZIER_KNOTS.);
#16351 = CARTESIAN_POINT('',(4.1025,-1.312,8.7259765625));
#16352 = CARTESIAN_POINT('',(4.014609375,-1.312,8.7259765625));
#16353 = CARTESIAN_POINT('',(3.959140625,-1.312,8.790625));
#16354 = PCURVE('',#16307,#16355);
#16355 = DEFINITIONAL_REPRESENTATION('',(#16356),#16360);
#16356 = LINE('',#16357,#16358);
#16357 = CARTESIAN_POINT('',(0.,-1.2E-02));
#16358 = VECTOR('',#16359,1.);
#16359 = DIRECTION('',(1.,0.));
#16360 = ( GEOMETRIC_REPRESENTATION_CONTEXT(2) 
PARAMETRIC_REPRESENTATION_CONTEXT() REPRESENTATION_CONTEXT('2D SPACE',''
  ) );
#16361 = PCURVE('',#15338,#16362);
#16362 = DEFINITIONAL_REPRESENTATION('',(#16363),#16367);
#16363 = B_SPLINE_CURVE_WITH_KNOTS('',2,(#16364,#16365,#16366),
  .UNSPECIFIED.,.F.,.F.,(3,3),(0.,1.),.PIECEWISE_BEZIER_KNOTS.);
#16364 = CARTESIAN_POINT('',(0.22890625,-9.765625E-03));
#16365 = CARTESIAN_POINT('',(0.141015625,-9.765625E-03));
#16366 = CARTESIAN_POINT('',(8.5546875E-02,5.48828125E-02));
#16367 = ( GEOMETRIC_REPRESENTATION_CONTEXT(2) 
PARAMETRIC_REPRESENTATION_CONTEXT() REPRESENTATION_CONTEXT('2D SPACE',''
  ) );
#16368 = ORIENTED_EDGE('',*,*,#16369,.F.);
#16369 = EDGE_CURVE('',#16370,#16347,#16372,.T.);
#16370 = VERTEX_POINT('',#16371);
#16371 = CARTESIAN_POINT('',(3.959140625,-1.3,8.790625));
#16372 = SURFACE_CURVE('',#16373,(#16377,#16384),.PCURVE_S1.);
#16373 = LINE('',#16374,#16375);
#16374 = CARTESIAN_POINT('',(3.959140625,-1.3,8.790625));
#16375 = VECTOR('',#16376,1.);
#16376 = DIRECTION('',(0.,-1.,0.));
#16377 = PCURVE('',#16307,#16378);
#16378 = DEFINITIONAL_REPRESENTATION('',(#16379),#16383);
#16379 = LINE('',#16380,#16381);
#16380 = CARTESIAN_POINT('',(1.,0.));
#16381 = VECTOR('',#16382,1.);
#16382 = DIRECTION('',(0.,-1.));
#16383 = ( GEOMETRIC_REPRESENTATION_CONTEXT(2) 
PARAMETRIC_REPRESENTATION_CONTEXT() REPRESENTATION_CONTEXT('2D SPACE',''
  ) );
#16384 = PCURVE('',#16385,#16392);
#16385 = SURFACE_OF_LINEAR_EXTRUSION('',#16386,#16390);
#16386 = B_SPLINE_CURVE_WITH_KNOTS('',2,(#16387,#16388,#16389),
  .UNSPECIFIED.,.F.,.F.,(3,3),(0.,1.),.PIECEWISE_BEZIER_KNOTS.);
#16387 = CARTESIAN_POINT('',(3.959140625,-1.3,8.790625));
#16388 = CARTESIAN_POINT('',(3.903671875,-1.3,8.8552734375));
#16389 = CARTESIAN_POINT('',(3.903671875,-1.3,9.0037109375));
#16390 = VECTOR('',#16391,1.);
#16391 = DIRECTION('',(-0.,1.,-0.));
#16392 = DEFINITIONAL_REPRESENTATION('',(#16393),#16397);
#16393 = LINE('',#16394,#16395);
#16394 = CARTESIAN_POINT('',(0.,0.));
#16395 = VECTOR('',#16396,1.);
#16396 = DIRECTION('',(0.,-1.));
#16397 = ( GEOMETRIC_REPRESENTATION_CONTEXT(2) 
PARAMETRIC_REPRESENTATION_CONTEXT() REPRESENTATION_CONTEXT('2D SPACE',''
  ) );
#16398 = ORIENTED_EDGE('',*,*,#16399,.F.);
#16399 = EDGE_CURVE('',#16292,#16370,#16400,.T.);
#16400 = SURFACE_CURVE('',#16401,(#16405,#16412),.PCURVE_S1.);
#16401 = B_SPLINE_CURVE_WITH_KNOTS('',2,(#16402,#16403,#16404),
  .UNSPECIFIED.,.F.,.F.,(3,3),(0.,1.),.PIECEWISE_BEZIER_KNOTS.);
#16402 = CARTESIAN_POINT('',(4.1025,-1.3,8.7259765625));
#16403 = CARTESIAN_POINT('',(4.014609375,-1.3,8.7259765625));
#16404 = CARTESIAN_POINT('',(3.959140625,-1.3,8.790625));
#16405 = PCURVE('',#16307,#16406);
#16406 = DEFINITIONAL_REPRESENTATION('',(#16407),#16411);
#16407 = LINE('',#16408,#16409);
#16408 = CARTESIAN_POINT('',(0.,0.));
#16409 = VECTOR('',#16410,1.);
#16410 = DIRECTION('',(1.,0.));
#16411 = ( GEOMETRIC_REPRESENTATION_CONTEXT(2) 
PARAMETRIC_REPRESENTATION_CONTEXT() REPRESENTATION_CONTEXT('2D SPACE',''
  ) );
#16412 = PCURVE('',#15394,#16413);
#16413 = DEFINITIONAL_REPRESENTATION('',(#16414),#16418);
#16414 = B_SPLINE_CURVE_WITH_KNOTS('',2,(#16415,#16416,#16417),
  .UNSPECIFIED.,.F.,.F.,(3,3),(0.,1.),.PIECEWISE_BEZIER_KNOTS.);
#16415 = CARTESIAN_POINT('',(0.22890625,-9.765625E-03));
#16416 = CARTESIAN_POINT('',(0.141015625,-9.765625E-03));
#16417 = CARTESIAN_POINT('',(8.5546875E-02,5.48828125E-02));
#16418 = ( GEOMETRIC_REPRESENTATION_CONTEXT(2) 
PARAMETRIC_REPRESENTATION_CONTEXT() REPRESENTATION_CONTEXT('2D SPACE',''
  ) );
#16419 = ADVANCED_FACE('',(#16420),#16385,.T.);
#16420 = FACE_BOUND('',#16421,.T.);
#16421 = EDGE_LOOP('',(#16422,#16423,#16446,#16476));
#16422 = ORIENTED_EDGE('',*,*,#16369,.T.);
#16423 = ORIENTED_EDGE('',*,*,#16424,.T.);
#16424 = EDGE_CURVE('',#16347,#16425,#16427,.T.);
#16425 = VERTEX_POINT('',#16426);
#16426 = CARTESIAN_POINT('',(3.903671875,-1.312,9.0037109375));
#16427 = SURFACE_CURVE('',#16428,(#16432,#16439),.PCURVE_S1.);
#16428 = B_SPLINE_CURVE_WITH_KNOTS('',2,(#16429,#16430,#16431),
  .UNSPECIFIED.,.F.,.F.,(3,3),(0.,1.),.PIECEWISE_BEZIER_KNOTS.);
#16429 = CARTESIAN_POINT('',(3.959140625,-1.312,8.790625));
#16430 = CARTESIAN_POINT('',(3.903671875,-1.312,8.8552734375));
#16431 = CARTESIAN_POINT('',(3.903671875,-1.312,9.0037109375));
#16432 = PCURVE('',#16385,#16433);
#16433 = DEFINITIONAL_REPRESENTATION('',(#16434),#16438);
#16434 = LINE('',#16435,#16436);
#16435 = CARTESIAN_POINT('',(0.,-1.2E-02));
#16436 = VECTOR('',#16437,1.);
#16437 = DIRECTION('',(1.,0.));
#16438 = ( GEOMETRIC_REPRESENTATION_CONTEXT(2) 
PARAMETRIC_REPRESENTATION_CONTEXT() REPRESENTATION_CONTEXT('2D SPACE',''
  ) );
#16439 = PCURVE('',#15338,#16440);
#16440 = DEFINITIONAL_REPRESENTATION('',(#16441),#16445);
#16441 = B_SPLINE_CURVE_WITH_KNOTS('',2,(#16442,#16443,#16444),
  .UNSPECIFIED.,.F.,.F.,(3,3),(0.,1.),.PIECEWISE_BEZIER_KNOTS.);
#16442 = CARTESIAN_POINT('',(8.5546875E-02,5.48828125E-02));
#16443 = CARTESIAN_POINT('',(3.0078125E-02,0.11953125));
#16444 = CARTESIAN_POINT('',(3.0078125E-02,0.26796875));
#16445 = ( GEOMETRIC_REPRESENTATION_CONTEXT(2) 
PARAMETRIC_REPRESENTATION_CONTEXT() REPRESENTATION_CONTEXT('2D SPACE',''
  ) );
#16446 = ORIENTED_EDGE('',*,*,#16447,.F.);
#16447 = EDGE_CURVE('',#16448,#16425,#16450,.T.);
#16448 = VERTEX_POINT('',#16449);
#16449 = CARTESIAN_POINT('',(3.903671875,-1.3,9.0037109375));
#16450 = SURFACE_CURVE('',#16451,(#16455,#16462),.PCURVE_S1.);
#16451 = LINE('',#16452,#16453);
#16452 = CARTESIAN_POINT('',(3.903671875,-1.3,9.0037109375));
#16453 = VECTOR('',#16454,1.);
#16454 = DIRECTION('',(0.,-1.,0.));
#16455 = PCURVE('',#16385,#16456);
#16456 = DEFINITIONAL_REPRESENTATION('',(#16457),#16461);
#16457 = LINE('',#16458,#16459);
#16458 = CARTESIAN_POINT('',(1.,0.));
#16459 = VECTOR('',#16460,1.);
#16460 = DIRECTION('',(0.,-1.));
#16461 = ( GEOMETRIC_REPRESENTATION_CONTEXT(2) 
PARAMETRIC_REPRESENTATION_CONTEXT() REPRESENTATION_CONTEXT('2D SPACE',''
  ) );
#16462 = PCURVE('',#16463,#16470);
#16463 = SURFACE_OF_LINEAR_EXTRUSION('',#16464,#16468);
#16464 = B_SPLINE_CURVE_WITH_KNOTS('',2,(#16465,#16466,#16467),
  .UNSPECIFIED.,.F.,.F.,(3,3),(0.,1.),.PIECEWISE_BEZIER_KNOTS.);
#16465 = CARTESIAN_POINT('',(3.903671875,-1.3,9.0037109375));
#16466 = CARTESIAN_POINT('',(3.903671875,-1.3,9.1697265625));
#16467 = CARTESIAN_POINT('',(3.965,-1.3,9.2451171875));
#16468 = VECTOR('',#16469,1.);
#16469 = DIRECTION('',(-0.,1.,-0.));
#16470 = DEFINITIONAL_REPRESENTATION('',(#16471),#16475);
#16471 = LINE('',#16472,#16473);
#16472 = CARTESIAN_POINT('',(0.,0.));
#16473 = VECTOR('',#16474,1.);
#16474 = DIRECTION('',(0.,-1.));
#16475 = ( GEOMETRIC_REPRESENTATION_CONTEXT(2) 
PARAMETRIC_REPRESENTATION_CONTEXT() REPRESENTATION_CONTEXT('2D SPACE',''
  ) );
#16476 = ORIENTED_EDGE('',*,*,#16477,.F.);
#16477 = EDGE_CURVE('',#16370,#16448,#16478,.T.);
#16478 = SURFACE_CURVE('',#16479,(#16483,#16490),.PCURVE_S1.);
#16479 = B_SPLINE_CURVE_WITH_KNOTS('',2,(#16480,#16481,#16482),
  .UNSPECIFIED.,.F.,.F.,(3,3),(0.,1.),.PIECEWISE_BEZIER_KNOTS.);
#16480 = CARTESIAN_POINT('',(3.959140625,-1.3,8.790625));
#16481 = CARTESIAN_POINT('',(3.903671875,-1.3,8.8552734375));
#16482 = CARTESIAN_POINT('',(3.903671875,-1.3,9.0037109375));
#16483 = PCURVE('',#16385,#16484);
#16484 = DEFINITIONAL_REPRESENTATION('',(#16485),#16489);
#16485 = LINE('',#16486,#16487);
#16486 = CARTESIAN_POINT('',(0.,0.));
#16487 = VECTOR('',#16488,1.);
#16488 = DIRECTION('',(1.,0.));
#16489 = ( GEOMETRIC_REPRESENTATION_CONTEXT(2) 
PARAMETRIC_REPRESENTATION_CONTEXT() REPRESENTATION_CONTEXT('2D SPACE',''
  ) );
#16490 = PCURVE('',#15394,#16491);
#16491 = DEFINITIONAL_REPRESENTATION('',(#16492),#16496);
#16492 = B_SPLINE_CURVE_WITH_KNOTS('',2,(#16493,#16494,#16495),
  .UNSPECIFIED.,.F.,.F.,(3,3),(0.,1.),.PIECEWISE_BEZIER_KNOTS.);
#16493 = CARTESIAN_POINT('',(8.5546875E-02,5.48828125E-02));
#16494 = CARTESIAN_POINT('',(3.0078125E-02,0.11953125));
#16495 = CARTESIAN_POINT('',(3.0078125E-02,0.26796875));
#16496 = ( GEOMETRIC_REPRESENTATION_CONTEXT(2) 
PARAMETRIC_REPRESENTATION_CONTEXT() REPRESENTATION_CONTEXT('2D SPACE',''
  ) );
#16497 = ADVANCED_FACE('',(#16498),#16463,.T.);
#16498 = FACE_BOUND('',#16499,.T.);
#16499 = EDGE_LOOP('',(#16500,#16501,#16524,#16554));
#16500 = ORIENTED_EDGE('',*,*,#16447,.T.);
#16501 = ORIENTED_EDGE('',*,*,#16502,.T.);
#16502 = EDGE_CURVE('',#16425,#16503,#16505,.T.);
#16503 = VERTEX_POINT('',#16504);
#16504 = CARTESIAN_POINT('',(3.965,-1.312,9.2451171875));
#16505 = SURFACE_CURVE('',#16506,(#16510,#16517),.PCURVE_S1.);
#16506 = B_SPLINE_CURVE_WITH_KNOTS('',2,(#16507,#16508,#16509),
  .UNSPECIFIED.,.F.,.F.,(3,3),(0.,1.),.PIECEWISE_BEZIER_KNOTS.);
#16507 = CARTESIAN_POINT('',(3.903671875,-1.312,9.0037109375));
#16508 = CARTESIAN_POINT('',(3.903671875,-1.312,9.1697265625));
#16509 = CARTESIAN_POINT('',(3.965,-1.312,9.2451171875));
#16510 = PCURVE('',#16463,#16511);
#16511 = DEFINITIONAL_REPRESENTATION('',(#16512),#16516);
#16512 = LINE('',#16513,#16514);
#16513 = CARTESIAN_POINT('',(0.,-1.2E-02));
#16514 = VECTOR('',#16515,1.);
#16515 = DIRECTION('',(1.,0.));
#16516 = ( GEOMETRIC_REPRESENTATION_CONTEXT(2) 
PARAMETRIC_REPRESENTATION_CONTEXT() REPRESENTATION_CONTEXT('2D SPACE',''
  ) );
#16517 = PCURVE('',#15338,#16518);
#16518 = DEFINITIONAL_REPRESENTATION('',(#16519),#16523);
#16519 = B_SPLINE_CURVE_WITH_KNOTS('',2,(#16520,#16521,#16522),
  .UNSPECIFIED.,.F.,.F.,(3,3),(0.,1.),.PIECEWISE_BEZIER_KNOTS.);
#16520 = CARTESIAN_POINT('',(3.0078125E-02,0.26796875));
#16521 = CARTESIAN_POINT('',(3.0078125E-02,0.433984375));
#16522 = CARTESIAN_POINT('',(9.140625E-02,0.509375));
#16523 = ( GEOMETRIC_REPRESENTATION_CONTEXT(2) 
PARAMETRIC_REPRESENTATION_CONTEXT() REPRESENTATION_CONTEXT('2D SPACE',''
  ) );
#16524 = ORIENTED_EDGE('',*,*,#16525,.F.);
#16525 = EDGE_CURVE('',#16526,#16503,#16528,.T.);
#16526 = VERTEX_POINT('',#16527);
#16527 = CARTESIAN_POINT('',(3.965,-1.3,9.2451171875));
#16528 = SURFACE_CURVE('',#16529,(#16533,#16540),.PCURVE_S1.);
#16529 = LINE('',#16530,#16531);
#16530 = CARTESIAN_POINT('',(3.965,-1.3,9.2451171875));
#16531 = VECTOR('',#16532,1.);
#16532 = DIRECTION('',(0.,-1.,0.));
#16533 = PCURVE('',#16463,#16534);
#16534 = DEFINITIONAL_REPRESENTATION('',(#16535),#16539);
#16535 = LINE('',#16536,#16537);
#16536 = CARTESIAN_POINT('',(1.,0.));
#16537 = VECTOR('',#16538,1.);
#16538 = DIRECTION('',(0.,-1.));
#16539 = ( GEOMETRIC_REPRESENTATION_CONTEXT(2) 
PARAMETRIC_REPRESENTATION_CONTEXT() REPRESENTATION_CONTEXT('2D SPACE',''
  ) );
#16540 = PCURVE('',#16541,#16548);
#16541 = SURFACE_OF_LINEAR_EXTRUSION('',#16542,#16546);
#16542 = B_SPLINE_CURVE_WITH_KNOTS('',2,(#16543,#16544,#16545),
  .UNSPECIFIED.,.F.,.F.,(3,3),(0.,1.),.PIECEWISE_BEZIER_KNOTS.);
#16543 = CARTESIAN_POINT('',(3.965,-1.3,9.2451171875));
#16544 = CARTESIAN_POINT('',(4.018515625,-1.3,9.3107421875));
#16545 = CARTESIAN_POINT('',(4.109140625,-1.3,9.3107421875));
#16546 = VECTOR('',#16547,1.);
#16547 = DIRECTION('',(-0.,1.,-0.));
#16548 = DEFINITIONAL_REPRESENTATION('',(#16549),#16553);
#16549 = LINE('',#16550,#16551);
#16550 = CARTESIAN_POINT('',(0.,0.));
#16551 = VECTOR('',#16552,1.);
#16552 = DIRECTION('',(0.,-1.));
#16553 = ( GEOMETRIC_REPRESENTATION_CONTEXT(2) 
PARAMETRIC_REPRESENTATION_CONTEXT() REPRESENTATION_CONTEXT('2D SPACE',''
  ) );
#16554 = ORIENTED_EDGE('',*,*,#16555,.F.);
#16555 = EDGE_CURVE('',#16448,#16526,#16556,.T.);
#16556 = SURFACE_CURVE('',#16557,(#16561,#16568),.PCURVE_S1.);
#16557 = B_SPLINE_CURVE_WITH_KNOTS('',2,(#16558,#16559,#16560),
  .UNSPECIFIED.,.F.,.F.,(3,3),(0.,1.),.PIECEWISE_BEZIER_KNOTS.);
#16558 = CARTESIAN_POINT('',(3.903671875,-1.3,9.0037109375));
#16559 = CARTESIAN_POINT('',(3.903671875,-1.3,9.1697265625));
#16560 = CARTESIAN_POINT('',(3.965,-1.3,9.2451171875));
#16561 = PCURVE('',#16463,#16562);
#16562 = DEFINITIONAL_REPRESENTATION('',(#16563),#16567);
#16563 = LINE('',#16564,#16565);
#16564 = CARTESIAN_POINT('',(0.,0.));
#16565 = VECTOR('',#16566,1.);
#16566 = DIRECTION('',(1.,0.));
#16567 = ( GEOMETRIC_REPRESENTATION_CONTEXT(2) 
PARAMETRIC_REPRESENTATION_CONTEXT() REPRESENTATION_CONTEXT('2D SPACE',''
  ) );
#16568 = PCURVE('',#15394,#16569);
#16569 = DEFINITIONAL_REPRESENTATION('',(#16570),#16574);
#16570 = B_SPLINE_CURVE_WITH_KNOTS('',2,(#16571,#16572,#16573),
  .UNSPECIFIED.,.F.,.F.,(3,3),(0.,1.),.PIECEWISE_BEZIER_KNOTS.);
#16571 = CARTESIAN_POINT('',(3.0078125E-02,0.26796875));
#16572 = CARTESIAN_POINT('',(3.0078125E-02,0.433984375));
#16573 = CARTESIAN_POINT('',(9.140625E-02,0.509375));
#16574 = ( GEOMETRIC_REPRESENTATION_CONTEXT(2) 
PARAMETRIC_REPRESENTATION_CONTEXT() REPRESENTATION_CONTEXT('2D SPACE',''
  ) );
#16575 = ADVANCED_FACE('',(#16576),#16541,.T.);
#16576 = FACE_BOUND('',#16577,.T.);
#16577 = EDGE_LOOP('',(#16578,#16579,#16602,#16632));
#16578 = ORIENTED_EDGE('',*,*,#16525,.T.);
#16579 = ORIENTED_EDGE('',*,*,#16580,.T.);
#16580 = EDGE_CURVE('',#16503,#16581,#16583,.T.);
#16581 = VERTEX_POINT('',#16582);
#16582 = CARTESIAN_POINT('',(4.109140625,-1.312,9.3107421875));
#16583 = SURFACE_CURVE('',#16584,(#16588,#16595),.PCURVE_S1.);
#16584 = B_SPLINE_CURVE_WITH_KNOTS('',2,(#16585,#16586,#16587),
  .UNSPECIFIED.,.F.,.F.,(3,3),(0.,1.),.PIECEWISE_BEZIER_KNOTS.);
#16585 = CARTESIAN_POINT('',(3.965,-1.312,9.2451171875));
#16586 = CARTESIAN_POINT('',(4.018515625,-1.312,9.3107421875));
#16587 = CARTESIAN_POINT('',(4.109140625,-1.312,9.3107421875));
#16588 = PCURVE('',#16541,#16589);
#16589 = DEFINITIONAL_REPRESENTATION('',(#16590),#16594);
#16590 = LINE('',#16591,#16592);
#16591 = CARTESIAN_POINT('',(0.,-1.2E-02));
#16592 = VECTOR('',#16593,1.);
#16593 = DIRECTION('',(1.,0.));
#16594 = ( GEOMETRIC_REPRESENTATION_CONTEXT(2) 
PARAMETRIC_REPRESENTATION_CONTEXT() REPRESENTATION_CONTEXT('2D SPACE',''
  ) );
#16595 = PCURVE('',#15338,#16596);
#16596 = DEFINITIONAL_REPRESENTATION('',(#16597),#16601);
#16597 = B_SPLINE_CURVE_WITH_KNOTS('',2,(#16598,#16599,#16600),
  .UNSPECIFIED.,.F.,.F.,(3,3),(0.,1.),.PIECEWISE_BEZIER_KNOTS.);
#16598 = CARTESIAN_POINT('',(9.140625E-02,0.509375));
#16599 = CARTESIAN_POINT('',(0.144921875,0.575));
#16600 = CARTESIAN_POINT('',(0.235546875,0.575));
#16601 = ( GEOMETRIC_REPRESENTATION_CONTEXT(2) 
PARAMETRIC_REPRESENTATION_CONTEXT() REPRESENTATION_CONTEXT('2D SPACE',''
  ) );
#16602 = ORIENTED_EDGE('',*,*,#16603,.F.);
#16603 = EDGE_CURVE('',#16604,#16581,#16606,.T.);
#16604 = VERTEX_POINT('',#16605);
#16605 = CARTESIAN_POINT('',(4.109140625,-1.3,9.3107421875));
#16606 = SURFACE_CURVE('',#16607,(#16611,#16618),.PCURVE_S1.);
#16607 = LINE('',#16608,#16609);
#16608 = CARTESIAN_POINT('',(4.109140625,-1.3,9.3107421875));
#16609 = VECTOR('',#16610,1.);
#16610 = DIRECTION('',(0.,-1.,0.));
#16611 = PCURVE('',#16541,#16612);
#16612 = DEFINITIONAL_REPRESENTATION('',(#16613),#16617);
#16613 = LINE('',#16614,#16615);
#16614 = CARTESIAN_POINT('',(1.,0.));
#16615 = VECTOR('',#16616,1.);
#16616 = DIRECTION('',(0.,-1.));
#16617 = ( GEOMETRIC_REPRESENTATION_CONTEXT(2) 
PARAMETRIC_REPRESENTATION_CONTEXT() REPRESENTATION_CONTEXT('2D SPACE',''
  ) );
#16618 = PCURVE('',#16619,#16626);
#16619 = SURFACE_OF_LINEAR_EXTRUSION('',#16620,#16624);
#16620 = B_SPLINE_CURVE_WITH_KNOTS('',2,(#16621,#16622,#16623),
  .UNSPECIFIED.,.F.,.F.,(3,3),(0.,1.),.PIECEWISE_BEZIER_KNOTS.);
#16621 = CARTESIAN_POINT('',(4.109140625,-1.3,9.3107421875));
#16622 = CARTESIAN_POINT('',(4.17671875,-1.3,9.3107421875));
#16623 = CARTESIAN_POINT('',(4.2198828125,-1.3,9.2728515625));
#16624 = VECTOR('',#16625,1.);
#16625 = DIRECTION('',(-0.,1.,-0.));
#16626 = DEFINITIONAL_REPRESENTATION('',(#16627),#16631);
#16627 = LINE('',#16628,#16629);
#16628 = CARTESIAN_POINT('',(0.,0.));
#16629 = VECTOR('',#16630,1.);
#16630 = DIRECTION('',(0.,-1.));
#16631 = ( GEOMETRIC_REPRESENTATION_CONTEXT(2) 
PARAMETRIC_REPRESENTATION_CONTEXT() REPRESENTATION_CONTEXT('2D SPACE',''
  ) );
#16632 = ORIENTED_EDGE('',*,*,#16633,.F.);
#16633 = EDGE_CURVE('',#16526,#16604,#16634,.T.);
#16634 = SURFACE_CURVE('',#16635,(#16639,#16646),.PCURVE_S1.);
#16635 = B_SPLINE_CURVE_WITH_KNOTS('',2,(#16636,#16637,#16638),
  .UNSPECIFIED.,.F.,.F.,(3,3),(0.,1.),.PIECEWISE_BEZIER_KNOTS.);
#16636 = CARTESIAN_POINT('',(3.965,-1.3,9.2451171875));
#16637 = CARTESIAN_POINT('',(4.018515625,-1.3,9.3107421875));
#16638 = CARTESIAN_POINT('',(4.109140625,-1.3,9.3107421875));
#16639 = PCURVE('',#16541,#16640);
#16640 = DEFINITIONAL_REPRESENTATION('',(#16641),#16645);
#16641 = LINE('',#16642,#16643);
#16642 = CARTESIAN_POINT('',(0.,0.));
#16643 = VECTOR('',#16644,1.);
#16644 = DIRECTION('',(1.,0.));
#16645 = ( GEOMETRIC_REPRESENTATION_CONTEXT(2) 
PARAMETRIC_REPRESENTATION_CONTEXT() REPRESENTATION_CONTEXT('2D SPACE',''
  ) );
#16646 = PCURVE('',#15394,#16647);
#16647 = DEFINITIONAL_REPRESENTATION('',(#16648),#16652);
#16648 = B_SPLINE_CURVE_WITH_KNOTS('',2,(#16649,#16650,#16651),
  .UNSPECIFIED.,.F.,.F.,(3,3),(0.,1.),.PIECEWISE_BEZIER_KNOTS.);
#16649 = CARTESIAN_POINT('',(9.140625E-02,0.509375));
#16650 = CARTESIAN_POINT('',(0.144921875,0.575));
#16651 = CARTESIAN_POINT('',(0.235546875,0.575));
#16652 = ( GEOMETRIC_REPRESENTATION_CONTEXT(2) 
PARAMETRIC_REPRESENTATION_CONTEXT() REPRESENTATION_CONTEXT('2D SPACE',''
  ) );
#16653 = ADVANCED_FACE('',(#16654),#16619,.T.);
#16654 = FACE_BOUND('',#16655,.T.);
#16655 = EDGE_LOOP('',(#16656,#16657,#16680,#16703));
#16656 = ORIENTED_EDGE('',*,*,#16603,.T.);
#16657 = ORIENTED_EDGE('',*,*,#16658,.T.);
#16658 = EDGE_CURVE('',#16581,#16659,#16661,.T.);
#16659 = VERTEX_POINT('',#16660);
#16660 = CARTESIAN_POINT('',(4.2198828125,-1.312,9.2728515625));
#16661 = SURFACE_CURVE('',#16662,(#16666,#16673),.PCURVE_S1.);
#16662 = B_SPLINE_CURVE_WITH_KNOTS('',2,(#16663,#16664,#16665),
  .UNSPECIFIED.,.F.,.F.,(3,3),(0.,1.),.PIECEWISE_BEZIER_KNOTS.);
#16663 = CARTESIAN_POINT('',(4.109140625,-1.312,9.3107421875));
#16664 = CARTESIAN_POINT('',(4.17671875,-1.312,9.3107421875));
#16665 = CARTESIAN_POINT('',(4.2198828125,-1.312,9.2728515625));
#16666 = PCURVE('',#16619,#16667);
#16667 = DEFINITIONAL_REPRESENTATION('',(#16668),#16672);
#16668 = LINE('',#16669,#16670);
#16669 = CARTESIAN_POINT('',(0.,-1.2E-02));
#16670 = VECTOR('',#16671,1.);
#16671 = DIRECTION('',(1.,0.));
#16672 = ( GEOMETRIC_REPRESENTATION_CONTEXT(2) 
PARAMETRIC_REPRESENTATION_CONTEXT() REPRESENTATION_CONTEXT('2D SPACE',''
  ) );
#16673 = PCURVE('',#15338,#16674);
#16674 = DEFINITIONAL_REPRESENTATION('',(#16675),#16679);
#16675 = B_SPLINE_CURVE_WITH_KNOTS('',2,(#16676,#16677,#16678),
  .UNSPECIFIED.,.F.,.F.,(3,3),(0.,1.),.PIECEWISE_BEZIER_KNOTS.);
#16676 = CARTESIAN_POINT('',(0.235546875,0.575));
#16677 = CARTESIAN_POINT('',(0.303125,0.575));
#16678 = CARTESIAN_POINT('',(0.3462890625,0.537109375));
#16679 = ( GEOMETRIC_REPRESENTATION_CONTEXT(2) 
PARAMETRIC_REPRESENTATION_CONTEXT() REPRESENTATION_CONTEXT('2D SPACE',''
  ) );
#16680 = ORIENTED_EDGE('',*,*,#16681,.F.);
#16681 = EDGE_CURVE('',#16682,#16659,#16684,.T.);
#16682 = VERTEX_POINT('',#16683);
#16683 = CARTESIAN_POINT('',(4.2198828125,-1.3,9.2728515625));
#16684 = SURFACE_CURVE('',#16685,(#16689,#16696),.PCURVE_S1.);
#16685 = LINE('',#16686,#16687);
#16686 = CARTESIAN_POINT('',(4.2198828125,-1.3,9.2728515625));
#16687 = VECTOR('',#16688,1.);
#16688 = DIRECTION('',(0.,-1.,0.));
#16689 = PCURVE('',#16619,#16690);
#16690 = DEFINITIONAL_REPRESENTATION('',(#16691),#16695);
#16691 = LINE('',#16692,#16693);
#16692 = CARTESIAN_POINT('',(1.,0.));
#16693 = VECTOR('',#16694,1.);
#16694 = DIRECTION('',(0.,-1.));
#16695 = ( GEOMETRIC_REPRESENTATION_CONTEXT(2) 
PARAMETRIC_REPRESENTATION_CONTEXT() REPRESENTATION_CONTEXT('2D SPACE',''
  ) );
#16696 = PCURVE('',#15308,#16697);
#16697 = DEFINITIONAL_REPRESENTATION('',(#16698),#16702);
#16698 = LINE('',#16699,#16700);
#16699 = CARTESIAN_POINT('',(0.,0.));
#16700 = VECTOR('',#16701,1.);
#16701 = DIRECTION('',(0.,-1.));
#16702 = ( GEOMETRIC_REPRESENTATION_CONTEXT(2) 
PARAMETRIC_REPRESENTATION_CONTEXT() REPRESENTATION_CONTEXT('2D SPACE',''
  ) );
#16703 = ORIENTED_EDGE('',*,*,#16704,.F.);
#16704 = EDGE_CURVE('',#16604,#16682,#16705,.T.);
#16705 = SURFACE_CURVE('',#16706,(#16710,#16717),.PCURVE_S1.);
#16706 = B_SPLINE_CURVE_WITH_KNOTS('',2,(#16707,#16708,#16709),
  .UNSPECIFIED.,.F.,.F.,(3,3),(0.,1.),.PIECEWISE_BEZIER_KNOTS.);
#16707 = CARTESIAN_POINT('',(4.109140625,-1.3,9.3107421875));
#16708 = CARTESIAN_POINT('',(4.17671875,-1.3,9.3107421875));
#16709 = CARTESIAN_POINT('',(4.2198828125,-1.3,9.2728515625));
#16710 = PCURVE('',#16619,#16711);
#16711 = DEFINITIONAL_REPRESENTATION('',(#16712),#16716);
#16712 = LINE('',#16713,#16714);
#16713 = CARTESIAN_POINT('',(0.,0.));
#16714 = VECTOR('',#16715,1.);
#16715 = DIRECTION('',(1.,0.));
#16716 = ( GEOMETRIC_REPRESENTATION_CONTEXT(2) 
PARAMETRIC_REPRESENTATION_CONTEXT() REPRESENTATION_CONTEXT('2D SPACE',''
  ) );
#16717 = PCURVE('',#15394,#16718);
#16718 = DEFINITIONAL_REPRESENTATION('',(#16719),#16723);
#16719 = B_SPLINE_CURVE_WITH_KNOTS('',2,(#16720,#16721,#16722),
  .UNSPECIFIED.,.F.,.F.,(3,3),(0.,1.),.PIECEWISE_BEZIER_KNOTS.);
#16720 = CARTESIAN_POINT('',(0.235546875,0.575));
#16721 = CARTESIAN_POINT('',(0.303125,0.575));
#16722 = CARTESIAN_POINT('',(0.3462890625,0.537109375));
#16723 = ( GEOMETRIC_REPRESENTATION_CONTEXT(2) 
PARAMETRIC_REPRESENTATION_CONTEXT() REPRESENTATION_CONTEXT('2D SPACE',''
  ) );
#16724 = ADVANCED_FACE('',(#16725),#15308,.T.);
#16725 = FACE_BOUND('',#16726,.T.);
#16726 = EDGE_LOOP('',(#16727,#16728,#16749,#16750));
#16727 = ORIENTED_EDGE('',*,*,#16681,.T.);
#16728 = ORIENTED_EDGE('',*,*,#16729,.T.);
#16729 = EDGE_CURVE('',#16659,#15288,#16730,.T.);
#16730 = SURFACE_CURVE('',#16731,(#16735,#16742),.PCURVE_S1.);
#16731 = B_SPLINE_CURVE_WITH_KNOTS('',2,(#16732,#16733,#16734),
  .UNSPECIFIED.,.F.,.F.,(3,3),(0.,1.),.PIECEWISE_BEZIER_KNOTS.);
#16732 = CARTESIAN_POINT('',(4.2198828125,-1.312,9.2728515625));
#16733 = CARTESIAN_POINT('',(4.263046875,-1.312,9.2349609375));
#16734 = CARTESIAN_POINT('',(4.271640625,-1.312,9.1681640625));
#16735 = PCURVE('',#15308,#16736);
#16736 = DEFINITIONAL_REPRESENTATION('',(#16737),#16741);
#16737 = LINE('',#16738,#16739);
#16738 = CARTESIAN_POINT('',(0.,-1.2E-02));
#16739 = VECTOR('',#16740,1.);
#16740 = DIRECTION('',(1.,0.));
#16741 = ( GEOMETRIC_REPRESENTATION_CONTEXT(2) 
PARAMETRIC_REPRESENTATION_CONTEXT() REPRESENTATION_CONTEXT('2D SPACE',''
  ) );
#16742 = PCURVE('',#15338,#16743);
#16743 = DEFINITIONAL_REPRESENTATION('',(#16744),#16748);
#16744 = B_SPLINE_CURVE_WITH_KNOTS('',2,(#16745,#16746,#16747),
  .UNSPECIFIED.,.F.,.F.,(3,3),(0.,1.),.PIECEWISE_BEZIER_KNOTS.);
#16745 = CARTESIAN_POINT('',(0.3462890625,0.537109375));
#16746 = CARTESIAN_POINT('',(0.389453125,0.49921875));
#16747 = CARTESIAN_POINT('',(0.398046875,0.432421875));
#16748 = ( GEOMETRIC_REPRESENTATION_CONTEXT(2) 
PARAMETRIC_REPRESENTATION_CONTEXT() REPRESENTATION_CONTEXT('2D SPACE',''
  ) );
#16749 = ORIENTED_EDGE('',*,*,#15285,.F.);
#16750 = ORIENTED_EDGE('',*,*,#16751,.F.);
#16751 = EDGE_CURVE('',#16682,#15286,#16752,.T.);
#16752 = SURFACE_CURVE('',#16753,(#16757,#16764),.PCURVE_S1.);
#16753 = B_SPLINE_CURVE_WITH_KNOTS('',2,(#16754,#16755,#16756),
  .UNSPECIFIED.,.F.,.F.,(3,3),(0.,1.),.PIECEWISE_BEZIER_KNOTS.);
#16754 = CARTESIAN_POINT('',(4.2198828125,-1.3,9.2728515625));
#16755 = CARTESIAN_POINT('',(4.263046875,-1.3,9.2349609375));
#16756 = CARTESIAN_POINT('',(4.271640625,-1.3,9.1681640625));
#16757 = PCURVE('',#15308,#16758);
#16758 = DEFINITIONAL_REPRESENTATION('',(#16759),#16763);
#16759 = LINE('',#16760,#16761);
#16760 = CARTESIAN_POINT('',(0.,0.));
#16761 = VECTOR('',#16762,1.);
#16762 = DIRECTION('',(1.,0.));
#16763 = ( GEOMETRIC_REPRESENTATION_CONTEXT(2) 
PARAMETRIC_REPRESENTATION_CONTEXT() REPRESENTATION_CONTEXT('2D SPACE',''
  ) );
#16764 = PCURVE('',#15394,#16765);
#16765 = DEFINITIONAL_REPRESENTATION('',(#16766),#16770);
#16766 = B_SPLINE_CURVE_WITH_KNOTS('',2,(#16767,#16768,#16769),
  .UNSPECIFIED.,.F.,.F.,(3,3),(0.,1.),.PIECEWISE_BEZIER_KNOTS.);
#16767 = CARTESIAN_POINT('',(0.3462890625,0.537109375));
#16768 = CARTESIAN_POINT('',(0.389453125,0.49921875));
#16769 = CARTESIAN_POINT('',(0.398046875,0.432421875));
#16770 = ( GEOMETRIC_REPRESENTATION_CONTEXT(2) 
PARAMETRIC_REPRESENTATION_CONTEXT() REPRESENTATION_CONTEXT('2D SPACE',''
  ) );
#16771 = ADVANCED_FACE('',(#16772),#16786,.T.);
#16772 = FACE_BOUND('',#16773,.T.);
#16773 = EDGE_LOOP('',(#16774,#16813,#16836,#16866));
#16774 = ORIENTED_EDGE('',*,*,#16775,.T.);
#16775 = EDGE_CURVE('',#16776,#16778,#16780,.T.);
#16776 = VERTEX_POINT('',#16777);
#16777 = CARTESIAN_POINT('',(3.98453125,-1.3,8.9212890625));
#16778 = VERTEX_POINT('',#16779);
#16779 = CARTESIAN_POINT('',(3.98453125,-1.312,8.9212890625));
#16780 = SURFACE_CURVE('',#16781,(#16785,#16799),.PCURVE_S1.);
#16781 = LINE('',#16782,#16783);
#16782 = CARTESIAN_POINT('',(3.98453125,-1.3,8.9212890625));
#16783 = VECTOR('',#16784,1.);
#16784 = DIRECTION('',(0.,-1.,0.));
#16785 = PCURVE('',#16786,#16793);
#16786 = SURFACE_OF_LINEAR_EXTRUSION('',#16787,#16791);
#16787 = B_SPLINE_CURVE_WITH_KNOTS('',2,(#16788,#16789,#16790),
  .UNSPECIFIED.,.F.,.F.,(3,3),(0.,1.),.PIECEWISE_BEZIER_KNOTS.);
#16788 = CARTESIAN_POINT('',(3.98453125,-1.3,8.9212890625));
#16789 = CARTESIAN_POINT('',(3.98453125,-1.3,8.8849609375));
#16790 = CARTESIAN_POINT('',(3.9999609375,-1.3,8.8517578125));
#16791 = VECTOR('',#16792,1.);
#16792 = DIRECTION('',(-0.,1.,-0.));
#16793 = DEFINITIONAL_REPRESENTATION('',(#16794),#16798);
#16794 = LINE('',#16795,#16796);
#16795 = CARTESIAN_POINT('',(0.,0.));
#16796 = VECTOR('',#16797,1.);
#16797 = DIRECTION('',(0.,-1.));
#16798 = ( GEOMETRIC_REPRESENTATION_CONTEXT(2) 
PARAMETRIC_REPRESENTATION_CONTEXT() REPRESENTATION_CONTEXT('2D SPACE',''
  ) );
#16799 = PCURVE('',#16800,#16807);
#16800 = SURFACE_OF_LINEAR_EXTRUSION('',#16801,#16805);
#16801 = B_SPLINE_CURVE_WITH_KNOTS('',2,(#16802,#16803,#16804),
  .UNSPECIFIED.,.F.,.F.,(3,3),(0.,1.),.PIECEWISE_BEZIER_KNOTS.);
#16802 = CARTESIAN_POINT('',(4.017734375,-1.3,9.0109375));
#16803 = CARTESIAN_POINT('',(3.98453125,-1.3,8.9767578125));
#16804 = CARTESIAN_POINT('',(3.98453125,-1.3,8.9212890625));
#16805 = VECTOR('',#16806,1.);
#16806 = DIRECTION('',(-0.,1.,-0.));
#16807 = DEFINITIONAL_REPRESENTATION('',(#16808),#16812);
#16808 = LINE('',#16809,#16810);
#16809 = CARTESIAN_POINT('',(1.,0.));
#16810 = VECTOR('',#16811,1.);
#16811 = DIRECTION('',(0.,-1.));
#16812 = ( GEOMETRIC_REPRESENTATION_CONTEXT(2) 
PARAMETRIC_REPRESENTATION_CONTEXT() REPRESENTATION_CONTEXT('2D SPACE',''
  ) );
#16813 = ORIENTED_EDGE('',*,*,#16814,.T.);
#16814 = EDGE_CURVE('',#16778,#16815,#16817,.T.);
#16815 = VERTEX_POINT('',#16816);
#16816 = CARTESIAN_POINT('',(3.9999609375,-1.312,8.8517578125));
#16817 = SURFACE_CURVE('',#16818,(#16822,#16829),.PCURVE_S1.);
#16818 = B_SPLINE_CURVE_WITH_KNOTS('',2,(#16819,#16820,#16821),
  .UNSPECIFIED.,.F.,.F.,(3,3),(0.,1.),.PIECEWISE_BEZIER_KNOTS.);
#16819 = CARTESIAN_POINT('',(3.98453125,-1.312,8.9212890625));
#16820 = CARTESIAN_POINT('',(3.98453125,-1.312,8.8849609375));
#16821 = CARTESIAN_POINT('',(3.9999609375,-1.312,8.8517578125));
#16822 = PCURVE('',#16786,#16823);
#16823 = DEFINITIONAL_REPRESENTATION('',(#16824),#16828);
#16824 = LINE('',#16825,#16826);
#16825 = CARTESIAN_POINT('',(0.,-1.2E-02));
#16826 = VECTOR('',#16827,1.);
#16827 = DIRECTION('',(1.,0.));
#16828 = ( GEOMETRIC_REPRESENTATION_CONTEXT(2) 
PARAMETRIC_REPRESENTATION_CONTEXT() REPRESENTATION_CONTEXT('2D SPACE',''
  ) );
#16829 = PCURVE('',#15338,#16830);
#16830 = DEFINITIONAL_REPRESENTATION('',(#16831),#16835);
#16831 = B_SPLINE_CURVE_WITH_KNOTS('',2,(#16832,#16833,#16834),
  .UNSPECIFIED.,.F.,.F.,(3,3),(0.,1.),.PIECEWISE_BEZIER_KNOTS.);
#16832 = CARTESIAN_POINT('',(0.1109375,0.185546875));
#16833 = CARTESIAN_POINT('',(0.1109375,0.14921875));
#16834 = CARTESIAN_POINT('',(0.1263671875,0.116015625));
#16835 = ( GEOMETRIC_REPRESENTATION_CONTEXT(2) 
PARAMETRIC_REPRESENTATION_CONTEXT() REPRESENTATION_CONTEXT('2D SPACE',''
  ) );
#16836 = ORIENTED_EDGE('',*,*,#16837,.F.);
#16837 = EDGE_CURVE('',#16838,#16815,#16840,.T.);
#16838 = VERTEX_POINT('',#16839);
#16839 = CARTESIAN_POINT('',(3.9999609375,-1.3,8.8517578125));
#16840 = SURFACE_CURVE('',#16841,(#16845,#16852),.PCURVE_S1.);
#16841 = LINE('',#16842,#16843);
#16842 = CARTESIAN_POINT('',(3.9999609375,-1.3,8.8517578125));
#16843 = VECTOR('',#16844,1.);
#16844 = DIRECTION('',(0.,-1.,0.));
#16845 = PCURVE('',#16786,#16846);
#16846 = DEFINITIONAL_REPRESENTATION('',(#16847),#16851);
#16847 = LINE('',#16848,#16849);
#16848 = CARTESIAN_POINT('',(1.,0.));
#16849 = VECTOR('',#16850,1.);
#16850 = DIRECTION('',(0.,-1.));
#16851 = ( GEOMETRIC_REPRESENTATION_CONTEXT(2) 
PARAMETRIC_REPRESENTATION_CONTEXT() REPRESENTATION_CONTEXT('2D SPACE',''
  ) );
#16852 = PCURVE('',#16853,#16860);
#16853 = SURFACE_OF_LINEAR_EXTRUSION('',#16854,#16858);
#16854 = B_SPLINE_CURVE_WITH_KNOTS('',2,(#16855,#16856,#16857),
  .UNSPECIFIED.,.F.,.F.,(3,3),(0.,1.),.PIECEWISE_BEZIER_KNOTS.);
#16855 = CARTESIAN_POINT('',(3.9999609375,-1.3,8.8517578125));
#16856 = CARTESIAN_POINT('',(4.015390625,-1.3,8.8185546875));
#16857 = CARTESIAN_POINT('',(4.043125,-1.3,8.801171875));
#16858 = VECTOR('',#16859,1.);
#16859 = DIRECTION('',(-0.,1.,-0.));
#16860 = DEFINITIONAL_REPRESENTATION('',(#16861),#16865);
#16861 = LINE('',#16862,#16863);
#16862 = CARTESIAN_POINT('',(0.,0.));
#16863 = VECTOR('',#16864,1.);
#16864 = DIRECTION('',(0.,-1.));
#16865 = ( GEOMETRIC_REPRESENTATION_CONTEXT(2) 
PARAMETRIC_REPRESENTATION_CONTEXT() REPRESENTATION_CONTEXT('2D SPACE',''
  ) );
#16866 = ORIENTED_EDGE('',*,*,#16867,.F.);
#16867 = EDGE_CURVE('',#16776,#16838,#16868,.T.);
#16868 = SURFACE_CURVE('',#16869,(#16873,#16880),.PCURVE_S1.);
#16869 = B_SPLINE_CURVE_WITH_KNOTS('',2,(#16870,#16871,#16872),
  .UNSPECIFIED.,.F.,.F.,(3,3),(0.,1.),.PIECEWISE_BEZIER_KNOTS.);
#16870 = CARTESIAN_POINT('',(3.98453125,-1.3,8.9212890625));
#16871 = CARTESIAN_POINT('',(3.98453125,-1.3,8.8849609375));
#16872 = CARTESIAN_POINT('',(3.9999609375,-1.3,8.8517578125));
#16873 = PCURVE('',#16786,#16874);
#16874 = DEFINITIONAL_REPRESENTATION('',(#16875),#16879);
#16875 = LINE('',#16876,#16877);
#16876 = CARTESIAN_POINT('',(0.,0.));
#16877 = VECTOR('',#16878,1.);
#16878 = DIRECTION('',(1.,0.));
#16879 = ( GEOMETRIC_REPRESENTATION_CONTEXT(2) 
PARAMETRIC_REPRESENTATION_CONTEXT() REPRESENTATION_CONTEXT('2D SPACE',''
  ) );
#16880 = PCURVE('',#15394,#16881);
#16881 = DEFINITIONAL_REPRESENTATION('',(#16882),#16886);
#16882 = B_SPLINE_CURVE_WITH_KNOTS('',2,(#16883,#16884,#16885),
  .UNSPECIFIED.,.F.,.F.,(3,3),(0.,1.),.PIECEWISE_BEZIER_KNOTS.);
#16883 = CARTESIAN_POINT('',(0.1109375,0.185546875));
#16884 = CARTESIAN_POINT('',(0.1109375,0.14921875));
#16885 = CARTESIAN_POINT('',(0.1263671875,0.116015625));
#16886 = ( GEOMETRIC_REPRESENTATION_CONTEXT(2) 
PARAMETRIC_REPRESENTATION_CONTEXT() REPRESENTATION_CONTEXT('2D SPACE',''
  ) );
#16887 = ADVANCED_FACE('',(#16888),#16853,.T.);
#16888 = FACE_BOUND('',#16889,.T.);
#16889 = EDGE_LOOP('',(#16890,#16891,#16914,#16944));
#16890 = ORIENTED_EDGE('',*,*,#16837,.T.);
#16891 = ORIENTED_EDGE('',*,*,#16892,.T.);
#16892 = EDGE_CURVE('',#16815,#16893,#16895,.T.);
#16893 = VERTEX_POINT('',#16894);
#16894 = CARTESIAN_POINT('',(4.043125,-1.312,8.801171875));
#16895 = SURFACE_CURVE('',#16896,(#16900,#16907),.PCURVE_S1.);
#16896 = B_SPLINE_CURVE_WITH_KNOTS('',2,(#16897,#16898,#16899),
  .UNSPECIFIED.,.F.,.F.,(3,3),(0.,1.),.PIECEWISE_BEZIER_KNOTS.);
#16897 = CARTESIAN_POINT('',(3.9999609375,-1.312,8.8517578125));
#16898 = CARTESIAN_POINT('',(4.015390625,-1.312,8.8185546875));
#16899 = CARTESIAN_POINT('',(4.043125,-1.312,8.801171875));
#16900 = PCURVE('',#16853,#16901);
#16901 = DEFINITIONAL_REPRESENTATION('',(#16902),#16906);
#16902 = LINE('',#16903,#16904);
#16903 = CARTESIAN_POINT('',(0.,-1.2E-02));
#16904 = VECTOR('',#16905,1.);
#16905 = DIRECTION('',(1.,0.));
#16906 = ( GEOMETRIC_REPRESENTATION_CONTEXT(2) 
PARAMETRIC_REPRESENTATION_CONTEXT() REPRESENTATION_CONTEXT('2D SPACE',''
  ) );
#16907 = PCURVE('',#15338,#16908);
#16908 = DEFINITIONAL_REPRESENTATION('',(#16909),#16913);
#16909 = B_SPLINE_CURVE_WITH_KNOTS('',2,(#16910,#16911,#16912),
  .UNSPECIFIED.,.F.,.F.,(3,3),(0.,1.),.PIECEWISE_BEZIER_KNOTS.);
#16910 = CARTESIAN_POINT('',(0.1263671875,0.116015625));
#16911 = CARTESIAN_POINT('',(0.141796875,8.28125E-02));
#16912 = CARTESIAN_POINT('',(0.16953125,6.54296875E-02));
#16913 = ( GEOMETRIC_REPRESENTATION_CONTEXT(2) 
PARAMETRIC_REPRESENTATION_CONTEXT() REPRESENTATION_CONTEXT('2D SPACE',''
  ) );
#16914 = ORIENTED_EDGE('',*,*,#16915,.F.);
#16915 = EDGE_CURVE('',#16916,#16893,#16918,.T.);
#16916 = VERTEX_POINT('',#16917);
#16917 = CARTESIAN_POINT('',(4.043125,-1.3,8.801171875));
#16918 = SURFACE_CURVE('',#16919,(#16923,#16930),.PCURVE_S1.);
#16919 = LINE('',#16920,#16921);
#16920 = CARTESIAN_POINT('',(4.043125,-1.3,8.801171875));
#16921 = VECTOR('',#16922,1.);
#16922 = DIRECTION('',(0.,-1.,0.));
#16923 = PCURVE('',#16853,#16924);
#16924 = DEFINITIONAL_REPRESENTATION('',(#16925),#16929);
#16925 = LINE('',#16926,#16927);
#16926 = CARTESIAN_POINT('',(1.,0.));
#16927 = VECTOR('',#16928,1.);
#16928 = DIRECTION('',(0.,-1.));
#16929 = ( GEOMETRIC_REPRESENTATION_CONTEXT(2) 
PARAMETRIC_REPRESENTATION_CONTEXT() REPRESENTATION_CONTEXT('2D SPACE',''
  ) );
#16930 = PCURVE('',#16931,#16938);
#16931 = SURFACE_OF_LINEAR_EXTRUSION('',#16932,#16936);
#16932 = B_SPLINE_CURVE_WITH_KNOTS('',2,(#16933,#16934,#16935),
  .UNSPECIFIED.,.F.,.F.,(3,3),(0.,1.),.PIECEWISE_BEZIER_KNOTS.);
#16933 = CARTESIAN_POINT('',(4.043125,-1.3,8.801171875));
#16934 = CARTESIAN_POINT('',(4.070859375,-1.3,8.7837890625));
#16935 = CARTESIAN_POINT('',(4.101328125,-1.3,8.7837890625));
#16936 = VECTOR('',#16937,1.);
#16937 = DIRECTION('',(-0.,1.,-0.));
#16938 = DEFINITIONAL_REPRESENTATION('',(#16939),#16943);
#16939 = LINE('',#16940,#16941);
#16940 = CARTESIAN_POINT('',(0.,0.));
#16941 = VECTOR('',#16942,1.);
#16942 = DIRECTION('',(0.,-1.));
#16943 = ( GEOMETRIC_REPRESENTATION_CONTEXT(2) 
PARAMETRIC_REPRESENTATION_CONTEXT() REPRESENTATION_CONTEXT('2D SPACE',''
  ) );
#16944 = ORIENTED_EDGE('',*,*,#16945,.F.);
#16945 = EDGE_CURVE('',#16838,#16916,#16946,.T.);
#16946 = SURFACE_CURVE('',#16947,(#16951,#16958),.PCURVE_S1.);
#16947 = B_SPLINE_CURVE_WITH_KNOTS('',2,(#16948,#16949,#16950),
  .UNSPECIFIED.,.F.,.F.,(3,3),(0.,1.),.PIECEWISE_BEZIER_KNOTS.);
#16948 = CARTESIAN_POINT('',(3.9999609375,-1.3,8.8517578125));
#16949 = CARTESIAN_POINT('',(4.015390625,-1.3,8.8185546875));
#16950 = CARTESIAN_POINT('',(4.043125,-1.3,8.801171875));
#16951 = PCURVE('',#16853,#16952);
#16952 = DEFINITIONAL_REPRESENTATION('',(#16953),#16957);
#16953 = LINE('',#16954,#16955);
#16954 = CARTESIAN_POINT('',(0.,0.));
#16955 = VECTOR('',#16956,1.);
#16956 = DIRECTION('',(1.,0.));
#16957 = ( GEOMETRIC_REPRESENTATION_CONTEXT(2) 
PARAMETRIC_REPRESENTATION_CONTEXT() REPRESENTATION_CONTEXT('2D SPACE',''
  ) );
#16958 = PCURVE('',#15394,#16959);
#16959 = DEFINITIONAL_REPRESENTATION('',(#16960),#16964);
#16960 = B_SPLINE_CURVE_WITH_KNOTS('',2,(#16961,#16962,#16963),
  .UNSPECIFIED.,.F.,.F.,(3,3),(0.,1.),.PIECEWISE_BEZIER_KNOTS.);
#16961 = CARTESIAN_POINT('',(0.1263671875,0.116015625));
#16962 = CARTESIAN_POINT('',(0.141796875,8.28125E-02));
#16963 = CARTESIAN_POINT('',(0.16953125,6.54296875E-02));
#16964 = ( GEOMETRIC_REPRESENTATION_CONTEXT(2) 
PARAMETRIC_REPRESENTATION_CONTEXT() REPRESENTATION_CONTEXT('2D SPACE',''
  ) );
#16965 = ADVANCED_FACE('',(#16966),#16931,.T.);
#16966 = FACE_BOUND('',#16967,.T.);
#16967 = EDGE_LOOP('',(#16968,#16969,#16992,#17022));
#16968 = ORIENTED_EDGE('',*,*,#16915,.T.);
#16969 = ORIENTED_EDGE('',*,*,#16970,.T.);
#16970 = EDGE_CURVE('',#16893,#16971,#16973,.T.);
#16971 = VERTEX_POINT('',#16972);
#16972 = CARTESIAN_POINT('',(4.101328125,-1.312,8.7837890625));
#16973 = SURFACE_CURVE('',#16974,(#16978,#16985),.PCURVE_S1.);
#16974 = B_SPLINE_CURVE_WITH_KNOTS('',2,(#16975,#16976,#16977),
  .UNSPECIFIED.,.F.,.F.,(3,3),(0.,1.),.PIECEWISE_BEZIER_KNOTS.);
#16975 = CARTESIAN_POINT('',(4.043125,-1.312,8.801171875));
#16976 = CARTESIAN_POINT('',(4.070859375,-1.312,8.7837890625));
#16977 = CARTESIAN_POINT('',(4.101328125,-1.312,8.7837890625));
#16978 = PCURVE('',#16931,#16979);
#16979 = DEFINITIONAL_REPRESENTATION('',(#16980),#16984);
#16980 = LINE('',#16981,#16982);
#16981 = CARTESIAN_POINT('',(0.,-1.2E-02));
#16982 = VECTOR('',#16983,1.);
#16983 = DIRECTION('',(1.,0.));
#16984 = ( GEOMETRIC_REPRESENTATION_CONTEXT(2) 
PARAMETRIC_REPRESENTATION_CONTEXT() REPRESENTATION_CONTEXT('2D SPACE',''
  ) );
#16985 = PCURVE('',#15338,#16986);
#16986 = DEFINITIONAL_REPRESENTATION('',(#16987),#16991);
#16987 = B_SPLINE_CURVE_WITH_KNOTS('',2,(#16988,#16989,#16990),
  .UNSPECIFIED.,.F.,.F.,(3,3),(0.,1.),.PIECEWISE_BEZIER_KNOTS.);
#16988 = CARTESIAN_POINT('',(0.16953125,6.54296875E-02));
#16989 = CARTESIAN_POINT('',(0.197265625,4.8046875E-02));
#16990 = CARTESIAN_POINT('',(0.227734375,4.8046875E-02));
#16991 = ( GEOMETRIC_REPRESENTATION_CONTEXT(2) 
PARAMETRIC_REPRESENTATION_CONTEXT() REPRESENTATION_CONTEXT('2D SPACE',''
  ) );
#16992 = ORIENTED_EDGE('',*,*,#16993,.F.);
#16993 = EDGE_CURVE('',#16994,#16971,#16996,.T.);
#16994 = VERTEX_POINT('',#16995);
#16995 = CARTESIAN_POINT('',(4.101328125,-1.3,8.7837890625));
#16996 = SURFACE_CURVE('',#16997,(#17001,#17008),.PCURVE_S1.);
#16997 = LINE('',#16998,#16999);
#16998 = CARTESIAN_POINT('',(4.101328125,-1.3,8.7837890625));
#16999 = VECTOR('',#17000,1.);
#17000 = DIRECTION('',(0.,-1.,0.));
#17001 = PCURVE('',#16931,#17002);
#17002 = DEFINITIONAL_REPRESENTATION('',(#17003),#17007);
#17003 = LINE('',#17004,#17005);
#17004 = CARTESIAN_POINT('',(1.,0.));
#17005 = VECTOR('',#17006,1.);
#17006 = DIRECTION('',(0.,-1.));
#17007 = ( GEOMETRIC_REPRESENTATION_CONTEXT(2) 
PARAMETRIC_REPRESENTATION_CONTEXT() REPRESENTATION_CONTEXT('2D SPACE',''
  ) );
#17008 = PCURVE('',#17009,#17016);
#17009 = SURFACE_OF_LINEAR_EXTRUSION('',#17010,#17014);
#17010 = B_SPLINE_CURVE_WITH_KNOTS('',2,(#17011,#17012,#17013),
  .UNSPECIFIED.,.F.,.F.,(3,3),(0.,1.),.PIECEWISE_BEZIER_KNOTS.);
#17011 = CARTESIAN_POINT('',(4.101328125,-1.3,8.7837890625));
#17012 = CARTESIAN_POINT('',(4.145859375,-1.3,8.7837890625));
#17013 = CARTESIAN_POINT('',(4.177890625,-1.3,8.8197265625));
#17014 = VECTOR('',#17015,1.);
#17015 = DIRECTION('',(-0.,1.,-0.));
#17016 = DEFINITIONAL_REPRESENTATION('',(#17017),#17021);
#17017 = LINE('',#17018,#17019);
#17018 = CARTESIAN_POINT('',(0.,0.));
#17019 = VECTOR('',#17020,1.);
#17020 = DIRECTION('',(0.,-1.));
#17021 = ( GEOMETRIC_REPRESENTATION_CONTEXT(2) 
PARAMETRIC_REPRESENTATION_CONTEXT() REPRESENTATION_CONTEXT('2D SPACE',''
  ) );
#17022 = ORIENTED_EDGE('',*,*,#17023,.F.);
#17023 = EDGE_CURVE('',#16916,#16994,#17024,.T.);
#17024 = SURFACE_CURVE('',#17025,(#17029,#17036),.PCURVE_S1.);
#17025 = B_SPLINE_CURVE_WITH_KNOTS('',2,(#17026,#17027,#17028),
  .UNSPECIFIED.,.F.,.F.,(3,3),(0.,1.),.PIECEWISE_BEZIER_KNOTS.);
#17026 = CARTESIAN_POINT('',(4.043125,-1.3,8.801171875));
#17027 = CARTESIAN_POINT('',(4.070859375,-1.3,8.7837890625));
#17028 = CARTESIAN_POINT('',(4.101328125,-1.3,8.7837890625));
#17029 = PCURVE('',#16931,#17030);
#17030 = DEFINITIONAL_REPRESENTATION('',(#17031),#17035);
#17031 = LINE('',#17032,#17033);
#17032 = CARTESIAN_POINT('',(0.,0.));
#17033 = VECTOR('',#17034,1.);
#17034 = DIRECTION('',(1.,0.));
#17035 = ( GEOMETRIC_REPRESENTATION_CONTEXT(2) 
PARAMETRIC_REPRESENTATION_CONTEXT() REPRESENTATION_CONTEXT('2D SPACE',''
  ) );
#17036 = PCURVE('',#15394,#17037);
#17037 = DEFINITIONAL_REPRESENTATION('',(#17038),#17042);
#17038 = B_SPLINE_CURVE_WITH_KNOTS('',2,(#17039,#17040,#17041),
  .UNSPECIFIED.,.F.,.F.,(3,3),(0.,1.),.PIECEWISE_BEZIER_KNOTS.);
#17039 = CARTESIAN_POINT('',(0.16953125,6.54296875E-02));
#17040 = CARTESIAN_POINT('',(0.197265625,4.8046875E-02));
#17041 = CARTESIAN_POINT('',(0.227734375,4.8046875E-02));
#17042 = ( GEOMETRIC_REPRESENTATION_CONTEXT(2) 
PARAMETRIC_REPRESENTATION_CONTEXT() REPRESENTATION_CONTEXT('2D SPACE',''
  ) );
#17043 = ADVANCED_FACE('',(#17044),#17009,.T.);
#17044 = FACE_BOUND('',#17045,.T.);
#17045 = EDGE_LOOP('',(#17046,#17047,#17070,#17100));
#17046 = ORIENTED_EDGE('',*,*,#16993,.T.);
#17047 = ORIENTED_EDGE('',*,*,#17048,.T.);
#17048 = EDGE_CURVE('',#16971,#17049,#17051,.T.);
#17049 = VERTEX_POINT('',#17050);
#17050 = CARTESIAN_POINT('',(4.177890625,-1.312,8.8197265625));
#17051 = SURFACE_CURVE('',#17052,(#17056,#17063),.PCURVE_S1.);
#17052 = B_SPLINE_CURVE_WITH_KNOTS('',2,(#17053,#17054,#17055),
  .UNSPECIFIED.,.F.,.F.,(3,3),(0.,1.),.PIECEWISE_BEZIER_KNOTS.);
#17053 = CARTESIAN_POINT('',(4.101328125,-1.312,8.7837890625));
#17054 = CARTESIAN_POINT('',(4.145859375,-1.312,8.7837890625));
#17055 = CARTESIAN_POINT('',(4.177890625,-1.312,8.8197265625));
#17056 = PCURVE('',#17009,#17057);
#17057 = DEFINITIONAL_REPRESENTATION('',(#17058),#17062);
#17058 = LINE('',#17059,#17060);
#17059 = CARTESIAN_POINT('',(0.,-1.2E-02));
#17060 = VECTOR('',#17061,1.);
#17061 = DIRECTION('',(1.,0.));
#17062 = ( GEOMETRIC_REPRESENTATION_CONTEXT(2) 
PARAMETRIC_REPRESENTATION_CONTEXT() REPRESENTATION_CONTEXT('2D SPACE',''
  ) );
#17063 = PCURVE('',#15338,#17064);
#17064 = DEFINITIONAL_REPRESENTATION('',(#17065),#17069);
#17065 = B_SPLINE_CURVE_WITH_KNOTS('',2,(#17066,#17067,#17068),
  .UNSPECIFIED.,.F.,.F.,(3,3),(0.,1.),.PIECEWISE_BEZIER_KNOTS.);
#17066 = CARTESIAN_POINT('',(0.227734375,4.8046875E-02));
#17067 = CARTESIAN_POINT('',(0.272265625,4.8046875E-02));
#17068 = CARTESIAN_POINT('',(0.304296875,8.3984375E-02));
#17069 = ( GEOMETRIC_REPRESENTATION_CONTEXT(2) 
PARAMETRIC_REPRESENTATION_CONTEXT() REPRESENTATION_CONTEXT('2D SPACE',''
  ) );
#17070 = ORIENTED_EDGE('',*,*,#17071,.F.);
#17071 = EDGE_CURVE('',#17072,#17049,#17074,.T.);
#17072 = VERTEX_POINT('',#17073);
#17073 = CARTESIAN_POINT('',(4.177890625,-1.3,8.8197265625));
#17074 = SURFACE_CURVE('',#17075,(#17079,#17086),.PCURVE_S1.);
#17075 = LINE('',#17076,#17077);
#17076 = CARTESIAN_POINT('',(4.177890625,-1.3,8.8197265625));
#17077 = VECTOR('',#17078,1.);
#17078 = DIRECTION('',(0.,-1.,0.));
#17079 = PCURVE('',#17009,#17080);
#17080 = DEFINITIONAL_REPRESENTATION('',(#17081),#17085);
#17081 = LINE('',#17082,#17083);
#17082 = CARTESIAN_POINT('',(1.,0.));
#17083 = VECTOR('',#17084,1.);
#17084 = DIRECTION('',(0.,-1.));
#17085 = ( GEOMETRIC_REPRESENTATION_CONTEXT(2) 
PARAMETRIC_REPRESENTATION_CONTEXT() REPRESENTATION_CONTEXT('2D SPACE',''
  ) );
#17086 = PCURVE('',#17087,#17094);
#17087 = SURFACE_OF_LINEAR_EXTRUSION('',#17088,#17092);
#17088 = B_SPLINE_CURVE_WITH_KNOTS('',2,(#17089,#17090,#17091),
  .UNSPECIFIED.,.F.,.F.,(3,3),(0.,1.),.PIECEWISE_BEZIER_KNOTS.);
#17089 = CARTESIAN_POINT('',(4.177890625,-1.3,8.8197265625));
#17090 = CARTESIAN_POINT('',(4.209921875,-1.3,8.8556640625));
#17091 = CARTESIAN_POINT('',(4.209921875,-1.3,8.9173828125));
#17092 = VECTOR('',#17093,1.);
#17093 = DIRECTION('',(-0.,1.,-0.));
#17094 = DEFINITIONAL_REPRESENTATION('',(#17095),#17099);
#17095 = LINE('',#17096,#17097);
#17096 = CARTESIAN_POINT('',(0.,0.));
#17097 = VECTOR('',#17098,1.);
#17098 = DIRECTION('',(0.,-1.));
#17099 = ( GEOMETRIC_REPRESENTATION_CONTEXT(2) 
PARAMETRIC_REPRESENTATION_CONTEXT() REPRESENTATION_CONTEXT('2D SPACE',''
  ) );
#17100 = ORIENTED_EDGE('',*,*,#17101,.F.);
#17101 = EDGE_CURVE('',#16994,#17072,#17102,.T.);
#17102 = SURFACE_CURVE('',#17103,(#17107,#17114),.PCURVE_S1.);
#17103 = B_SPLINE_CURVE_WITH_KNOTS('',2,(#17104,#17105,#17106),
  .UNSPECIFIED.,.F.,.F.,(3,3),(0.,1.),.PIECEWISE_BEZIER_KNOTS.);
#17104 = CARTESIAN_POINT('',(4.101328125,-1.3,8.7837890625));
#17105 = CARTESIAN_POINT('',(4.145859375,-1.3,8.7837890625));
#17106 = CARTESIAN_POINT('',(4.177890625,-1.3,8.8197265625));
#17107 = PCURVE('',#17009,#17108);
#17108 = DEFINITIONAL_REPRESENTATION('',(#17109),#17113);
#17109 = LINE('',#17110,#17111);
#17110 = CARTESIAN_POINT('',(0.,0.));
#17111 = VECTOR('',#17112,1.);
#17112 = DIRECTION('',(1.,0.));
#17113 = ( GEOMETRIC_REPRESENTATION_CONTEXT(2) 
PARAMETRIC_REPRESENTATION_CONTEXT() REPRESENTATION_CONTEXT('2D SPACE',''
  ) );
#17114 = PCURVE('',#15394,#17115);
#17115 = DEFINITIONAL_REPRESENTATION('',(#17116),#17120);
#17116 = B_SPLINE_CURVE_WITH_KNOTS('',2,(#17117,#17118,#17119),
  .UNSPECIFIED.,.F.,.F.,(3,3),(0.,1.),.PIECEWISE_BEZIER_KNOTS.);
#17117 = CARTESIAN_POINT('',(0.227734375,4.8046875E-02));
#17118 = CARTESIAN_POINT('',(0.272265625,4.8046875E-02));
#17119 = CARTESIAN_POINT('',(0.304296875,8.3984375E-02));
#17120 = ( GEOMETRIC_REPRESENTATION_CONTEXT(2) 
PARAMETRIC_REPRESENTATION_CONTEXT() REPRESENTATION_CONTEXT('2D SPACE',''
  ) );
#17121 = ADVANCED_FACE('',(#17122),#17087,.T.);
#17122 = FACE_BOUND('',#17123,.T.);
#17123 = EDGE_LOOP('',(#17124,#17125,#17148,#17178));
#17124 = ORIENTED_EDGE('',*,*,#17071,.T.);
#17125 = ORIENTED_EDGE('',*,*,#17126,.T.);
#17126 = EDGE_CURVE('',#17049,#17127,#17129,.T.);
#17127 = VERTEX_POINT('',#17128);
#17128 = CARTESIAN_POINT('',(4.209921875,-1.312,8.9173828125));
#17129 = SURFACE_CURVE('',#17130,(#17134,#17141),.PCURVE_S1.);
#17130 = B_SPLINE_CURVE_WITH_KNOTS('',2,(#17131,#17132,#17133),
  .UNSPECIFIED.,.F.,.F.,(3,3),(0.,1.),.PIECEWISE_BEZIER_KNOTS.);
#17131 = CARTESIAN_POINT('',(4.177890625,-1.312,8.8197265625));
#17132 = CARTESIAN_POINT('',(4.209921875,-1.312,8.8556640625));
#17133 = CARTESIAN_POINT('',(4.209921875,-1.312,8.9173828125));
#17134 = PCURVE('',#17087,#17135);
#17135 = DEFINITIONAL_REPRESENTATION('',(#17136),#17140);
#17136 = LINE('',#17137,#17138);
#17137 = CARTESIAN_POINT('',(0.,-1.2E-02));
#17138 = VECTOR('',#17139,1.);
#17139 = DIRECTION('',(1.,0.));
#17140 = ( GEOMETRIC_REPRESENTATION_CONTEXT(2) 
PARAMETRIC_REPRESENTATION_CONTEXT() REPRESENTATION_CONTEXT('2D SPACE',''
  ) );
#17141 = PCURVE('',#15338,#17142);
#17142 = DEFINITIONAL_REPRESENTATION('',(#17143),#17147);
#17143 = B_SPLINE_CURVE_WITH_KNOTS('',2,(#17144,#17145,#17146),
  .UNSPECIFIED.,.F.,.F.,(3,3),(0.,1.),.PIECEWISE_BEZIER_KNOTS.);
#17144 = CARTESIAN_POINT('',(0.304296875,8.3984375E-02));
#17145 = CARTESIAN_POINT('',(0.336328125,0.119921875));
#17146 = CARTESIAN_POINT('',(0.336328125,0.181640625));
#17147 = ( GEOMETRIC_REPRESENTATION_CONTEXT(2) 
PARAMETRIC_REPRESENTATION_CONTEXT() REPRESENTATION_CONTEXT('2D SPACE',''
  ) );
#17148 = ORIENTED_EDGE('',*,*,#17149,.F.);
#17149 = EDGE_CURVE('',#17150,#17127,#17152,.T.);
#17150 = VERTEX_POINT('',#17151);
#17151 = CARTESIAN_POINT('',(4.209921875,-1.3,8.9173828125));
#17152 = SURFACE_CURVE('',#17153,(#17157,#17164),.PCURVE_S1.);
#17153 = LINE('',#17154,#17155);
#17154 = CARTESIAN_POINT('',(4.209921875,-1.3,8.9173828125));
#17155 = VECTOR('',#17156,1.);
#17156 = DIRECTION('',(0.,-1.,0.));
#17157 = PCURVE('',#17087,#17158);
#17158 = DEFINITIONAL_REPRESENTATION('',(#17159),#17163);
#17159 = LINE('',#17160,#17161);
#17160 = CARTESIAN_POINT('',(1.,0.));
#17161 = VECTOR('',#17162,1.);
#17162 = DIRECTION('',(0.,-1.));
#17163 = ( GEOMETRIC_REPRESENTATION_CONTEXT(2) 
PARAMETRIC_REPRESENTATION_CONTEXT() REPRESENTATION_CONTEXT('2D SPACE',''
  ) );
#17164 = PCURVE('',#17165,#17172);
#17165 = SURFACE_OF_LINEAR_EXTRUSION('',#17166,#17170);
#17166 = B_SPLINE_CURVE_WITH_KNOTS('',2,(#17167,#17168,#17169),
  .UNSPECIFIED.,.F.,.F.,(3,3),(0.,1.),.PIECEWISE_BEZIER_KNOTS.);
#17167 = CARTESIAN_POINT('',(4.209921875,-1.3,8.9173828125));
#17168 = CARTESIAN_POINT('',(4.209921875,-1.3,8.9767578125));
#17169 = CARTESIAN_POINT('',(4.17828125,-1.3,9.0109375));
#17170 = VECTOR('',#17171,1.);
#17171 = DIRECTION('',(-0.,1.,-0.));
#17172 = DEFINITIONAL_REPRESENTATION('',(#17173),#17177);
#17173 = LINE('',#17174,#17175);
#17174 = CARTESIAN_POINT('',(0.,0.));
#17175 = VECTOR('',#17176,1.);
#17176 = DIRECTION('',(0.,-1.));
#17177 = ( GEOMETRIC_REPRESENTATION_CONTEXT(2) 
PARAMETRIC_REPRESENTATION_CONTEXT() REPRESENTATION_CONTEXT('2D SPACE',''
  ) );
#17178 = ORIENTED_EDGE('',*,*,#17179,.F.);
#17179 = EDGE_CURVE('',#17072,#17150,#17180,.T.);
#17180 = SURFACE_CURVE('',#17181,(#17185,#17192),.PCURVE_S1.);
#17181 = B_SPLINE_CURVE_WITH_KNOTS('',2,(#17182,#17183,#17184),
  .UNSPECIFIED.,.F.,.F.,(3,3),(0.,1.),.PIECEWISE_BEZIER_KNOTS.);
#17182 = CARTESIAN_POINT('',(4.177890625,-1.3,8.8197265625));
#17183 = CARTESIAN_POINT('',(4.209921875,-1.3,8.8556640625));
#17184 = CARTESIAN_POINT('',(4.209921875,-1.3,8.9173828125));
#17185 = PCURVE('',#17087,#17186);
#17186 = DEFINITIONAL_REPRESENTATION('',(#17187),#17191);
#17187 = LINE('',#17188,#17189);
#17188 = CARTESIAN_POINT('',(0.,0.));
#17189 = VECTOR('',#17190,1.);
#17190 = DIRECTION('',(1.,0.));
#17191 = ( GEOMETRIC_REPRESENTATION_CONTEXT(2) 
PARAMETRIC_REPRESENTATION_CONTEXT() REPRESENTATION_CONTEXT('2D SPACE',''
  ) );
#17192 = PCURVE('',#15394,#17193);
#17193 = DEFINITIONAL_REPRESENTATION('',(#17194),#17198);
#17194 = B_SPLINE_CURVE_WITH_KNOTS('',2,(#17195,#17196,#17197),
  .UNSPECIFIED.,.F.,.F.,(3,3),(0.,1.),.PIECEWISE_BEZIER_KNOTS.);
#17195 = CARTESIAN_POINT('',(0.304296875,8.3984375E-02));
#17196 = CARTESIAN_POINT('',(0.336328125,0.119921875));
#17197 = CARTESIAN_POINT('',(0.336328125,0.181640625));
#17198 = ( GEOMETRIC_REPRESENTATION_CONTEXT(2) 
PARAMETRIC_REPRESENTATION_CONTEXT() REPRESENTATION_CONTEXT('2D SPACE',''
  ) );
#17199 = ADVANCED_FACE('',(#17200),#17165,.T.);
#17200 = FACE_BOUND('',#17201,.T.);
#17201 = EDGE_LOOP('',(#17202,#17203,#17226,#17256));
#17202 = ORIENTED_EDGE('',*,*,#17149,.T.);
#17203 = ORIENTED_EDGE('',*,*,#17204,.T.);
#17204 = EDGE_CURVE('',#17127,#17205,#17207,.T.);
#17205 = VERTEX_POINT('',#17206);
#17206 = CARTESIAN_POINT('',(4.17828125,-1.312,9.0109375));
#17207 = SURFACE_CURVE('',#17208,(#17212,#17219),.PCURVE_S1.);
#17208 = B_SPLINE_CURVE_WITH_KNOTS('',2,(#17209,#17210,#17211),
  .UNSPECIFIED.,.F.,.F.,(3,3),(0.,1.),.PIECEWISE_BEZIER_KNOTS.);
#17209 = CARTESIAN_POINT('',(4.209921875,-1.312,8.9173828125));
#17210 = CARTESIAN_POINT('',(4.209921875,-1.312,8.9767578125));
#17211 = CARTESIAN_POINT('',(4.17828125,-1.312,9.0109375));
#17212 = PCURVE('',#17165,#17213);
#17213 = DEFINITIONAL_REPRESENTATION('',(#17214),#17218);
#17214 = LINE('',#17215,#17216);
#17215 = CARTESIAN_POINT('',(0.,-1.2E-02));
#17216 = VECTOR('',#17217,1.);
#17217 = DIRECTION('',(1.,0.));
#17218 = ( GEOMETRIC_REPRESENTATION_CONTEXT(2) 
PARAMETRIC_REPRESENTATION_CONTEXT() REPRESENTATION_CONTEXT('2D SPACE',''
  ) );
#17219 = PCURVE('',#15338,#17220);
#17220 = DEFINITIONAL_REPRESENTATION('',(#17221),#17225);
#17221 = B_SPLINE_CURVE_WITH_KNOTS('',2,(#17222,#17223,#17224),
  .UNSPECIFIED.,.F.,.F.,(3,3),(0.,1.),.PIECEWISE_BEZIER_KNOTS.);
#17222 = CARTESIAN_POINT('',(0.336328125,0.181640625));
#17223 = CARTESIAN_POINT('',(0.336328125,0.241015625));
#17224 = CARTESIAN_POINT('',(0.3046875,0.2751953125));
#17225 = ( GEOMETRIC_REPRESENTATION_CONTEXT(2) 
PARAMETRIC_REPRESENTATION_CONTEXT() REPRESENTATION_CONTEXT('2D SPACE',''
  ) );
#17226 = ORIENTED_EDGE('',*,*,#17227,.F.);
#17227 = EDGE_CURVE('',#17228,#17205,#17230,.T.);
#17228 = VERTEX_POINT('',#17229);
#17229 = CARTESIAN_POINT('',(4.17828125,-1.3,9.0109375));
#17230 = SURFACE_CURVE('',#17231,(#17235,#17242),.PCURVE_S1.);
#17231 = LINE('',#17232,#17233);
#17232 = CARTESIAN_POINT('',(4.17828125,-1.3,9.0109375));
#17233 = VECTOR('',#17234,1.);
#17234 = DIRECTION('',(0.,-1.,0.));
#17235 = PCURVE('',#17165,#17236);
#17236 = DEFINITIONAL_REPRESENTATION('',(#17237),#17241);
#17237 = LINE('',#17238,#17239);
#17238 = CARTESIAN_POINT('',(1.,0.));
#17239 = VECTOR('',#17240,1.);
#17240 = DIRECTION('',(0.,-1.));
#17241 = ( GEOMETRIC_REPRESENTATION_CONTEXT(2) 
PARAMETRIC_REPRESENTATION_CONTEXT() REPRESENTATION_CONTEXT('2D SPACE',''
  ) );
#17242 = PCURVE('',#17243,#17250);
#17243 = SURFACE_OF_LINEAR_EXTRUSION('',#17244,#17248);
#17244 = B_SPLINE_CURVE_WITH_KNOTS('',2,(#17245,#17246,#17247),
  .UNSPECIFIED.,.F.,.F.,(3,3),(0.,1.),.PIECEWISE_BEZIER_KNOTS.);
#17245 = CARTESIAN_POINT('',(4.17828125,-1.3,9.0109375));
#17246 = CARTESIAN_POINT('',(4.146640625,-1.3,9.0451171875));
#17247 = CARTESIAN_POINT('',(4.09859375,-1.3,9.0451171875));
#17248 = VECTOR('',#17249,1.);
#17249 = DIRECTION('',(-0.,1.,-0.));
#17250 = DEFINITIONAL_REPRESENTATION('',(#17251),#17255);
#17251 = LINE('',#17252,#17253);
#17252 = CARTESIAN_POINT('',(0.,0.));
#17253 = VECTOR('',#17254,1.);
#17254 = DIRECTION('',(0.,-1.));
#17255 = ( GEOMETRIC_REPRESENTATION_CONTEXT(2) 
PARAMETRIC_REPRESENTATION_CONTEXT() REPRESENTATION_CONTEXT('2D SPACE',''
  ) );
#17256 = ORIENTED_EDGE('',*,*,#17257,.F.);
#17257 = EDGE_CURVE('',#17150,#17228,#17258,.T.);
#17258 = SURFACE_CURVE('',#17259,(#17263,#17270),.PCURVE_S1.);
#17259 = B_SPLINE_CURVE_WITH_KNOTS('',2,(#17260,#17261,#17262),
  .UNSPECIFIED.,.F.,.F.,(3,3),(0.,1.),.PIECEWISE_BEZIER_KNOTS.);
#17260 = CARTESIAN_POINT('',(4.209921875,-1.3,8.9173828125));
#17261 = CARTESIAN_POINT('',(4.209921875,-1.3,8.9767578125));
#17262 = CARTESIAN_POINT('',(4.17828125,-1.3,9.0109375));
#17263 = PCURVE('',#17165,#17264);
#17264 = DEFINITIONAL_REPRESENTATION('',(#17265),#17269);
#17265 = LINE('',#17266,#17267);
#17266 = CARTESIAN_POINT('',(0.,0.));
#17267 = VECTOR('',#17268,1.);
#17268 = DIRECTION('',(1.,0.));
#17269 = ( GEOMETRIC_REPRESENTATION_CONTEXT(2) 
PARAMETRIC_REPRESENTATION_CONTEXT() REPRESENTATION_CONTEXT('2D SPACE',''
  ) );
#17270 = PCURVE('',#15394,#17271);
#17271 = DEFINITIONAL_REPRESENTATION('',(#17272),#17276);
#17272 = B_SPLINE_CURVE_WITH_KNOTS('',2,(#17273,#17274,#17275),
  .UNSPECIFIED.,.F.,.F.,(3,3),(0.,1.),.PIECEWISE_BEZIER_KNOTS.);
#17273 = CARTESIAN_POINT('',(0.336328125,0.181640625));
#17274 = CARTESIAN_POINT('',(0.336328125,0.241015625));
#17275 = CARTESIAN_POINT('',(0.3046875,0.2751953125));
#17276 = ( GEOMETRIC_REPRESENTATION_CONTEXT(2) 
PARAMETRIC_REPRESENTATION_CONTEXT() REPRESENTATION_CONTEXT('2D SPACE',''
  ) );
#17277 = ADVANCED_FACE('',(#17278),#17243,.T.);
#17278 = FACE_BOUND('',#17279,.T.);
#17279 = EDGE_LOOP('',(#17280,#17281,#17304,#17334));
#17280 = ORIENTED_EDGE('',*,*,#17227,.T.);
#17281 = ORIENTED_EDGE('',*,*,#17282,.T.);
#17282 = EDGE_CURVE('',#17205,#17283,#17285,.T.);
#17283 = VERTEX_POINT('',#17284);
#17284 = CARTESIAN_POINT('',(4.09859375,-1.312,9.0451171875));
#17285 = SURFACE_CURVE('',#17286,(#17290,#17297),.PCURVE_S1.);
#17286 = B_SPLINE_CURVE_WITH_KNOTS('',2,(#17287,#17288,#17289),
  .UNSPECIFIED.,.F.,.F.,(3,3),(0.,1.),.PIECEWISE_BEZIER_KNOTS.);
#17287 = CARTESIAN_POINT('',(4.17828125,-1.312,9.0109375));
#17288 = CARTESIAN_POINT('',(4.146640625,-1.312,9.0451171875));
#17289 = CARTESIAN_POINT('',(4.09859375,-1.312,9.0451171875));
#17290 = PCURVE('',#17243,#17291);
#17291 = DEFINITIONAL_REPRESENTATION('',(#17292),#17296);
#17292 = LINE('',#17293,#17294);
#17293 = CARTESIAN_POINT('',(0.,-1.2E-02));
#17294 = VECTOR('',#17295,1.);
#17295 = DIRECTION('',(1.,0.));
#17296 = ( GEOMETRIC_REPRESENTATION_CONTEXT(2) 
PARAMETRIC_REPRESENTATION_CONTEXT() REPRESENTATION_CONTEXT('2D SPACE',''
  ) );
#17297 = PCURVE('',#15338,#17298);
#17298 = DEFINITIONAL_REPRESENTATION('',(#17299),#17303);
#17299 = B_SPLINE_CURVE_WITH_KNOTS('',2,(#17300,#17301,#17302),
  .UNSPECIFIED.,.F.,.F.,(3,3),(0.,1.),.PIECEWISE_BEZIER_KNOTS.);
#17300 = CARTESIAN_POINT('',(0.3046875,0.2751953125));
#17301 = CARTESIAN_POINT('',(0.273046875,0.309375));
#17302 = CARTESIAN_POINT('',(0.225,0.309375));
#17303 = ( GEOMETRIC_REPRESENTATION_CONTEXT(2) 
PARAMETRIC_REPRESENTATION_CONTEXT() REPRESENTATION_CONTEXT('2D SPACE',''
  ) );
#17304 = ORIENTED_EDGE('',*,*,#17305,.F.);
#17305 = EDGE_CURVE('',#17306,#17283,#17308,.T.);
#17306 = VERTEX_POINT('',#17307);
#17307 = CARTESIAN_POINT('',(4.09859375,-1.3,9.0451171875));
#17308 = SURFACE_CURVE('',#17309,(#17313,#17320),.PCURVE_S1.);
#17309 = LINE('',#17310,#17311);
#17310 = CARTESIAN_POINT('',(4.09859375,-1.3,9.0451171875));
#17311 = VECTOR('',#17312,1.);
#17312 = DIRECTION('',(0.,-1.,0.));
#17313 = PCURVE('',#17243,#17314);
#17314 = DEFINITIONAL_REPRESENTATION('',(#17315),#17319);
#17315 = LINE('',#17316,#17317);
#17316 = CARTESIAN_POINT('',(1.,0.));
#17317 = VECTOR('',#17318,1.);
#17318 = DIRECTION('',(0.,-1.));
#17319 = ( GEOMETRIC_REPRESENTATION_CONTEXT(2) 
PARAMETRIC_REPRESENTATION_CONTEXT() REPRESENTATION_CONTEXT('2D SPACE',''
  ) );
#17320 = PCURVE('',#17321,#17328);
#17321 = SURFACE_OF_LINEAR_EXTRUSION('',#17322,#17326);
#17322 = B_SPLINE_CURVE_WITH_KNOTS('',2,(#17323,#17324,#17325),
  .UNSPECIFIED.,.F.,.F.,(3,3),(0.,1.),.PIECEWISE_BEZIER_KNOTS.);
#17323 = CARTESIAN_POINT('',(4.09859375,-1.3,9.0451171875));
#17324 = CARTESIAN_POINT('',(4.0509375,-1.3,9.0451171875));
#17325 = CARTESIAN_POINT('',(4.017734375,-1.3,9.0109375));
#17326 = VECTOR('',#17327,1.);
#17327 = DIRECTION('',(-0.,1.,-0.));
#17328 = DEFINITIONAL_REPRESENTATION('',(#17329),#17333);
#17329 = LINE('',#17330,#17331);
#17330 = CARTESIAN_POINT('',(0.,0.));
#17331 = VECTOR('',#17332,1.);
#17332 = DIRECTION('',(0.,-1.));
#17333 = ( GEOMETRIC_REPRESENTATION_CONTEXT(2) 
PARAMETRIC_REPRESENTATION_CONTEXT() REPRESENTATION_CONTEXT('2D SPACE',''
  ) );
#17334 = ORIENTED_EDGE('',*,*,#17335,.F.);
#17335 = EDGE_CURVE('',#17228,#17306,#17336,.T.);
#17336 = SURFACE_CURVE('',#17337,(#17341,#17348),.PCURVE_S1.);
#17337 = B_SPLINE_CURVE_WITH_KNOTS('',2,(#17338,#17339,#17340),
  .UNSPECIFIED.,.F.,.F.,(3,3),(0.,1.),.PIECEWISE_BEZIER_KNOTS.);
#17338 = CARTESIAN_POINT('',(4.17828125,-1.3,9.0109375));
#17339 = CARTESIAN_POINT('',(4.146640625,-1.3,9.0451171875));
#17340 = CARTESIAN_POINT('',(4.09859375,-1.3,9.0451171875));
#17341 = PCURVE('',#17243,#17342);
#17342 = DEFINITIONAL_REPRESENTATION('',(#17343),#17347);
#17343 = LINE('',#17344,#17345);
#17344 = CARTESIAN_POINT('',(0.,0.));
#17345 = VECTOR('',#17346,1.);
#17346 = DIRECTION('',(1.,0.));
#17347 = ( GEOMETRIC_REPRESENTATION_CONTEXT(2) 
PARAMETRIC_REPRESENTATION_CONTEXT() REPRESENTATION_CONTEXT('2D SPACE',''
  ) );
#17348 = PCURVE('',#15394,#17349);
#17349 = DEFINITIONAL_REPRESENTATION('',(#17350),#17354);
#17350 = B_SPLINE_CURVE_WITH_KNOTS('',2,(#17351,#17352,#17353),
  .UNSPECIFIED.,.F.,.F.,(3,3),(0.,1.),.PIECEWISE_BEZIER_KNOTS.);
#17351 = CARTESIAN_POINT('',(0.3046875,0.2751953125));
#17352 = CARTESIAN_POINT('',(0.273046875,0.309375));
#17353 = CARTESIAN_POINT('',(0.225,0.309375));
#17354 = ( GEOMETRIC_REPRESENTATION_CONTEXT(2) 
PARAMETRIC_REPRESENTATION_CONTEXT() REPRESENTATION_CONTEXT('2D SPACE',''
  ) );
#17355 = ADVANCED_FACE('',(#17356),#17321,.T.);
#17356 = FACE_BOUND('',#17357,.T.);
#17357 = EDGE_LOOP('',(#17358,#17359,#17382,#17405));
#17358 = ORIENTED_EDGE('',*,*,#17305,.T.);
#17359 = ORIENTED_EDGE('',*,*,#17360,.T.);
#17360 = EDGE_CURVE('',#17283,#17361,#17363,.T.);
#17361 = VERTEX_POINT('',#17362);
#17362 = CARTESIAN_POINT('',(4.017734375,-1.312,9.0109375));
#17363 = SURFACE_CURVE('',#17364,(#17368,#17375),.PCURVE_S1.);
#17364 = B_SPLINE_CURVE_WITH_KNOTS('',2,(#17365,#17366,#17367),
  .UNSPECIFIED.,.F.,.F.,(3,3),(0.,1.),.PIECEWISE_BEZIER_KNOTS.);
#17365 = CARTESIAN_POINT('',(4.09859375,-1.312,9.0451171875));
#17366 = CARTESIAN_POINT('',(4.0509375,-1.312,9.0451171875));
#17367 = CARTESIAN_POINT('',(4.017734375,-1.312,9.0109375));
#17368 = PCURVE('',#17321,#17369);
#17369 = DEFINITIONAL_REPRESENTATION('',(#17370),#17374);
#17370 = LINE('',#17371,#17372);
#17371 = CARTESIAN_POINT('',(0.,-1.2E-02));
#17372 = VECTOR('',#17373,1.);
#17373 = DIRECTION('',(1.,0.));
#17374 = ( GEOMETRIC_REPRESENTATION_CONTEXT(2) 
PARAMETRIC_REPRESENTATION_CONTEXT() REPRESENTATION_CONTEXT('2D SPACE',''
  ) );
#17375 = PCURVE('',#15338,#17376);
#17376 = DEFINITIONAL_REPRESENTATION('',(#17377),#17381);
#17377 = B_SPLINE_CURVE_WITH_KNOTS('',2,(#17378,#17379,#17380),
  .UNSPECIFIED.,.F.,.F.,(3,3),(0.,1.),.PIECEWISE_BEZIER_KNOTS.);
#17378 = CARTESIAN_POINT('',(0.225,0.309375));
#17379 = CARTESIAN_POINT('',(0.17734375,0.309375));
#17380 = CARTESIAN_POINT('',(0.144140625,0.2751953125));
#17381 = ( GEOMETRIC_REPRESENTATION_CONTEXT(2) 
PARAMETRIC_REPRESENTATION_CONTEXT() REPRESENTATION_CONTEXT('2D SPACE',''
  ) );
#17382 = ORIENTED_EDGE('',*,*,#17383,.F.);
#17383 = EDGE_CURVE('',#17384,#17361,#17386,.T.);
#17384 = VERTEX_POINT('',#17385);
#17385 = CARTESIAN_POINT('',(4.017734375,-1.3,9.0109375));
#17386 = SURFACE_CURVE('',#17387,(#17391,#17398),.PCURVE_S1.);
#17387 = LINE('',#17388,#17389);
#17388 = CARTESIAN_POINT('',(4.017734375,-1.3,9.0109375));
#17389 = VECTOR('',#17390,1.);
#17390 = DIRECTION('',(0.,-1.,0.));
#17391 = PCURVE('',#17321,#17392);
#17392 = DEFINITIONAL_REPRESENTATION('',(#17393),#17397);
#17393 = LINE('',#17394,#17395);
#17394 = CARTESIAN_POINT('',(1.,0.));
#17395 = VECTOR('',#17396,1.);
#17396 = DIRECTION('',(0.,-1.));
#17397 = ( GEOMETRIC_REPRESENTATION_CONTEXT(2) 
PARAMETRIC_REPRESENTATION_CONTEXT() REPRESENTATION_CONTEXT('2D SPACE',''
  ) );
#17398 = PCURVE('',#16800,#17399);
#17399 = DEFINITIONAL_REPRESENTATION('',(#17400),#17404);
#17400 = LINE('',#17401,#17402);
#17401 = CARTESIAN_POINT('',(0.,0.));
#17402 = VECTOR('',#17403,1.);
#17403 = DIRECTION('',(0.,-1.));
#17404 = ( GEOMETRIC_REPRESENTATION_CONTEXT(2) 
PARAMETRIC_REPRESENTATION_CONTEXT() REPRESENTATION_CONTEXT('2D SPACE',''
  ) );
#17405 = ORIENTED_EDGE('',*,*,#17406,.F.);
#17406 = EDGE_CURVE('',#17306,#17384,#17407,.T.);
#17407 = SURFACE_CURVE('',#17408,(#17412,#17419),.PCURVE_S1.);
#17408 = B_SPLINE_CURVE_WITH_KNOTS('',2,(#17409,#17410,#17411),
  .UNSPECIFIED.,.F.,.F.,(3,3),(0.,1.),.PIECEWISE_BEZIER_KNOTS.);
#17409 = CARTESIAN_POINT('',(4.09859375,-1.3,9.0451171875));
#17410 = CARTESIAN_POINT('',(4.0509375,-1.3,9.0451171875));
#17411 = CARTESIAN_POINT('',(4.017734375,-1.3,9.0109375));
#17412 = PCURVE('',#17321,#17413);
#17413 = DEFINITIONAL_REPRESENTATION('',(#17414),#17418);
#17414 = LINE('',#17415,#17416);
#17415 = CARTESIAN_POINT('',(0.,0.));
#17416 = VECTOR('',#17417,1.);
#17417 = DIRECTION('',(1.,0.));
#17418 = ( GEOMETRIC_REPRESENTATION_CONTEXT(2) 
PARAMETRIC_REPRESENTATION_CONTEXT() REPRESENTATION_CONTEXT('2D SPACE',''
  ) );
#17419 = PCURVE('',#15394,#17420);
#17420 = DEFINITIONAL_REPRESENTATION('',(#17421),#17425);
#17421 = B_SPLINE_CURVE_WITH_KNOTS('',2,(#17422,#17423,#17424),
  .UNSPECIFIED.,.F.,.F.,(3,3),(0.,1.),.PIECEWISE_BEZIER_KNOTS.);
#17422 = CARTESIAN_POINT('',(0.225,0.309375));
#17423 = CARTESIAN_POINT('',(0.17734375,0.309375));
#17424 = CARTESIAN_POINT('',(0.144140625,0.2751953125));
#17425 = ( GEOMETRIC_REPRESENTATION_CONTEXT(2) 
PARAMETRIC_REPRESENTATION_CONTEXT() REPRESENTATION_CONTEXT('2D SPACE',''
  ) );
#17426 = ADVANCED_FACE('',(#17427),#16800,.T.);
#17427 = FACE_BOUND('',#17428,.T.);
#17428 = EDGE_LOOP('',(#17429,#17430,#17451,#17452));
#17429 = ORIENTED_EDGE('',*,*,#17383,.T.);
#17430 = ORIENTED_EDGE('',*,*,#17431,.T.);
#17431 = EDGE_CURVE('',#17361,#16778,#17432,.T.);
#17432 = SURFACE_CURVE('',#17433,(#17437,#17444),.PCURVE_S1.);
#17433 = B_SPLINE_CURVE_WITH_KNOTS('',2,(#17434,#17435,#17436),
  .UNSPECIFIED.,.F.,.F.,(3,3),(0.,1.),.PIECEWISE_BEZIER_KNOTS.);
#17434 = CARTESIAN_POINT('',(4.017734375,-1.312,9.0109375));
#17435 = CARTESIAN_POINT('',(3.98453125,-1.312,8.9767578125));
#17436 = CARTESIAN_POINT('',(3.98453125,-1.312,8.9212890625));
#17437 = PCURVE('',#16800,#17438);
#17438 = DEFINITIONAL_REPRESENTATION('',(#17439),#17443);
#17439 = LINE('',#17440,#17441);
#17440 = CARTESIAN_POINT('',(0.,-1.2E-02));
#17441 = VECTOR('',#17442,1.);
#17442 = DIRECTION('',(1.,0.));
#17443 = ( GEOMETRIC_REPRESENTATION_CONTEXT(2) 
PARAMETRIC_REPRESENTATION_CONTEXT() REPRESENTATION_CONTEXT('2D SPACE',''
  ) );
#17444 = PCURVE('',#15338,#17445);
#17445 = DEFINITIONAL_REPRESENTATION('',(#17446),#17450);
#17446 = B_SPLINE_CURVE_WITH_KNOTS('',2,(#17447,#17448,#17449),
  .UNSPECIFIED.,.F.,.F.,(3,3),(0.,1.),.PIECEWISE_BEZIER_KNOTS.);
#17447 = CARTESIAN_POINT('',(0.144140625,0.2751953125));
#17448 = CARTESIAN_POINT('',(0.1109375,0.241015625));
#17449 = CARTESIAN_POINT('',(0.1109375,0.185546875));
#17450 = ( GEOMETRIC_REPRESENTATION_CONTEXT(2) 
PARAMETRIC_REPRESENTATION_CONTEXT() REPRESENTATION_CONTEXT('2D SPACE',''
  ) );
#17451 = ORIENTED_EDGE('',*,*,#16775,.F.);
#17452 = ORIENTED_EDGE('',*,*,#17453,.F.);
#17453 = EDGE_CURVE('',#17384,#16776,#17454,.T.);
#17454 = SURFACE_CURVE('',#17455,(#17459,#17466),.PCURVE_S1.);
#17455 = B_SPLINE_CURVE_WITH_KNOTS('',2,(#17456,#17457,#17458),
  .UNSPECIFIED.,.F.,.F.,(3,3),(0.,1.),.PIECEWISE_BEZIER_KNOTS.);
#17456 = CARTESIAN_POINT('',(4.017734375,-1.3,9.0109375));
#17457 = CARTESIAN_POINT('',(3.98453125,-1.3,8.9767578125));
#17458 = CARTESIAN_POINT('',(3.98453125,-1.3,8.9212890625));
#17459 = PCURVE('',#16800,#17460);
#17460 = DEFINITIONAL_REPRESENTATION('',(#17461),#17465);
#17461 = LINE('',#17462,#17463);
#17462 = CARTESIAN_POINT('',(0.,0.));
#17463 = VECTOR('',#17464,1.);
#17464 = DIRECTION('',(1.,0.));
#17465 = ( GEOMETRIC_REPRESENTATION_CONTEXT(2) 
PARAMETRIC_REPRESENTATION_CONTEXT() REPRESENTATION_CONTEXT('2D SPACE',''
  ) );
#17466 = PCURVE('',#15394,#17467);
#17467 = DEFINITIONAL_REPRESENTATION('',(#17468),#17472);
#17468 = B_SPLINE_CURVE_WITH_KNOTS('',2,(#17469,#17470,#17471),
  .UNSPECIFIED.,.F.,.F.,(3,3),(0.,1.),.PIECEWISE_BEZIER_KNOTS.);
#17469 = CARTESIAN_POINT('',(0.144140625,0.2751953125));
#17470 = CARTESIAN_POINT('',(0.1109375,0.241015625));
#17471 = CARTESIAN_POINT('',(0.1109375,0.185546875));
#17472 = ( GEOMETRIC_REPRESENTATION_CONTEXT(2) 
PARAMETRIC_REPRESENTATION_CONTEXT() REPRESENTATION_CONTEXT('2D SPACE',''
  ) );
#17473 = ADVANCED_FACE('',(#17474,#17495),#15394,.F.);
#17474 = FACE_BOUND('',#17475,.T.);
#17475 = EDGE_LOOP('',(#17476,#17477,#17478,#17479,#17480,#17481,#17482,
    #17483,#17484,#17485,#17486,#17487,#17488,#17489,#17490,#17491,
    #17492,#17493,#17494));
#17476 = ORIENTED_EDGE('',*,*,#15380,.T.);
#17477 = ORIENTED_EDGE('',*,*,#15463,.T.);
#17478 = ORIENTED_EDGE('',*,*,#15541,.T.);
#17479 = ORIENTED_EDGE('',*,*,#15619,.T.);
#17480 = ORIENTED_EDGE('',*,*,#15697,.T.);
#17481 = ORIENTED_EDGE('',*,*,#15775,.T.);
#17482 = ORIENTED_EDGE('',*,*,#15853,.T.);
#17483 = ORIENTED_EDGE('',*,*,#15931,.T.);
#17484 = ORIENTED_EDGE('',*,*,#16009,.T.);
#17485 = ORIENTED_EDGE('',*,*,#16087,.T.);
#17486 = ORIENTED_EDGE('',*,*,#16165,.T.);
#17487 = ORIENTED_EDGE('',*,*,#16243,.T.);
#17488 = ORIENTED_EDGE('',*,*,#16321,.T.);
#17489 = ORIENTED_EDGE('',*,*,#16399,.T.);
#17490 = ORIENTED_EDGE('',*,*,#16477,.T.);
#17491 = ORIENTED_EDGE('',*,*,#16555,.T.);
#17492 = ORIENTED_EDGE('',*,*,#16633,.T.);
#17493 = ORIENTED_EDGE('',*,*,#16704,.T.);
#17494 = ORIENTED_EDGE('',*,*,#16751,.T.);
#17495 = FACE_BOUND('',#17496,.T.);
#17496 = EDGE_LOOP('',(#17497,#17498,#17499,#17500,#17501,#17502,#17503,
    #17504,#17505));
#17497 = ORIENTED_EDGE('',*,*,#16867,.T.);
#17498 = ORIENTED_EDGE('',*,*,#16945,.T.);
#17499 = ORIENTED_EDGE('',*,*,#17023,.T.);
#17500 = ORIENTED_EDGE('',*,*,#17101,.T.);
#17501 = ORIENTED_EDGE('',*,*,#17179,.T.);
#17502 = ORIENTED_EDGE('',*,*,#17257,.T.);
#17503 = ORIENTED_EDGE('',*,*,#17335,.T.);
#17504 = ORIENTED_EDGE('',*,*,#17406,.T.);
#17505 = ORIENTED_EDGE('',*,*,#17453,.T.);
#17506 = ADVANCED_FACE('',(#17507,#17528),#15338,.T.);
#17507 = FACE_BOUND('',#17508,.F.);
#17508 = EDGE_LOOP('',(#17509,#17510,#17511,#17512,#17513,#17514,#17515,
    #17516,#17517,#17518,#17519,#17520,#17521,#17522,#17523,#17524,
    #17525,#17526,#17527));
#17509 = ORIENTED_EDGE('',*,*,#15322,.T.);
#17510 = ORIENTED_EDGE('',*,*,#15410,.T.);
#17511 = ORIENTED_EDGE('',*,*,#15488,.T.);
#17512 = ORIENTED_EDGE('',*,*,#15566,.T.);
#17513 = ORIENTED_EDGE('',*,*,#15644,.T.);
#17514 = ORIENTED_EDGE('',*,*,#15722,.T.);
#17515 = ORIENTED_EDGE('',*,*,#15800,.T.);
#17516 = ORIENTED_EDGE('',*,*,#15878,.T.);
#17517 = ORIENTED_EDGE('',*,*,#15956,.T.);
#17518 = ORIENTED_EDGE('',*,*,#16034,.T.);
#17519 = ORIENTED_EDGE('',*,*,#16112,.T.);
#17520 = ORIENTED_EDGE('',*,*,#16190,.T.);
#17521 = ORIENTED_EDGE('',*,*,#16268,.T.);
#17522 = ORIENTED_EDGE('',*,*,#16346,.T.);
#17523 = ORIENTED_EDGE('',*,*,#16424,.T.);
#17524 = ORIENTED_EDGE('',*,*,#16502,.T.);
#17525 = ORIENTED_EDGE('',*,*,#16580,.T.);
#17526 = ORIENTED_EDGE('',*,*,#16658,.T.);
#17527 = ORIENTED_EDGE('',*,*,#16729,.T.);
#17528 = FACE_BOUND('',#17529,.F.);
#17529 = EDGE_LOOP('',(#17530,#17531,#17532,#17533,#17534,#17535,#17536,
    #17537,#17538));
#17530 = ORIENTED_EDGE('',*,*,#16814,.T.);
#17531 = ORIENTED_EDGE('',*,*,#16892,.T.);
#17532 = ORIENTED_EDGE('',*,*,#16970,.T.);
#17533 = ORIENTED_EDGE('',*,*,#17048,.T.);
#17534 = ORIENTED_EDGE('',*,*,#17126,.T.);
#17535 = ORIENTED_EDGE('',*,*,#17204,.T.);
#17536 = ORIENTED_EDGE('',*,*,#17282,.T.);
#17537 = ORIENTED_EDGE('',*,*,#17360,.T.);
#17538 = ORIENTED_EDGE('',*,*,#17431,.T.);
#17539 = MANIFOLD_SOLID_BREP('',#17540);
#17540 = CLOSED_SHELL('',(#17541,#17661,#17737,#17813,#17889,#17960,
    #18007,#18016));
#17541 = ADVANCED_FACE('',(#17542),#17556,.T.);
#17542 = FACE_BOUND('',#17543,.T.);
#17543 = EDGE_LOOP('',(#17544,#17579,#17607,#17635));
#17544 = ORIENTED_EDGE('',*,*,#17545,.T.);
#17545 = EDGE_CURVE('',#17546,#17548,#17550,.T.);
#17546 = VERTEX_POINT('',#17547);
#17547 = CARTESIAN_POINT('',(4.734921875,-1.3,8.7357421875));
#17548 = VERTEX_POINT('',#17549);
#17549 = CARTESIAN_POINT('',(4.734921875,-1.312,8.7357421875));
#17550 = SURFACE_CURVE('',#17551,(#17555,#17567),.PCURVE_S1.);
#17551 = LINE('',#17552,#17553);
#17552 = CARTESIAN_POINT('',(4.734921875,-1.3,8.7357421875));
#17553 = VECTOR('',#17554,1.);
#17554 = DIRECTION('',(0.,-1.,0.));
#17555 = PCURVE('',#17556,#17561);
#17556 = PLANE('',#17557);
#17557 = AXIS2_PLACEMENT_3D('',#17558,#17559,#17560);
#17558 = CARTESIAN_POINT('',(4.734921875,-1.3,8.7357421875));
#17559 = DIRECTION('',(0.,0.,-1.));
#17560 = DIRECTION('',(-1.,0.,0.));
#17561 = DEFINITIONAL_REPRESENTATION('',(#17562),#17566);
#17562 = LINE('',#17563,#17564);
#17563 = CARTESIAN_POINT('',(0.,-0.));
#17564 = VECTOR('',#17565,1.);
#17565 = DIRECTION('',(0.,-1.));
#17566 = ( GEOMETRIC_REPRESENTATION_CONTEXT(2) 
PARAMETRIC_REPRESENTATION_CONTEXT() REPRESENTATION_CONTEXT('2D SPACE',''
  ) );
#17567 = PCURVE('',#17568,#17573);
#17568 = PLANE('',#17569);
#17569 = AXIS2_PLACEMENT_3D('',#17570,#17571,#17572);
#17570 = CARTESIAN_POINT('',(4.734921875,-1.3,8.8033203125));
#17571 = DIRECTION('',(1.,0.,0.));
#17572 = DIRECTION('',(0.,0.,-1.));
#17573 = DEFINITIONAL_REPRESENTATION('',(#17574),#17578);
#17574 = LINE('',#17575,#17576);
#17575 = CARTESIAN_POINT('',(6.7578125E-02,0.));
#17576 = VECTOR('',#17577,1.);
#17577 = DIRECTION('',(0.,-1.));
#17578 = ( GEOMETRIC_REPRESENTATION_CONTEXT(2) 
PARAMETRIC_REPRESENTATION_CONTEXT() REPRESENTATION_CONTEXT('2D SPACE',''
  ) );
#17579 = ORIENTED_EDGE('',*,*,#17580,.T.);
#17580 = EDGE_CURVE('',#17548,#17581,#17583,.T.);
#17581 = VERTEX_POINT('',#17582);
#17582 = CARTESIAN_POINT('',(4.377109375,-1.312,8.7357421875));
#17583 = SURFACE_CURVE('',#17584,(#17588,#17595),.PCURVE_S1.);
#17584 = LINE('',#17585,#17586);
#17585 = CARTESIAN_POINT('',(4.734921875,-1.312,8.7357421875));
#17586 = VECTOR('',#17587,1.);
#17587 = DIRECTION('',(-1.,0.,0.));
#17588 = PCURVE('',#17556,#17589);
#17589 = DEFINITIONAL_REPRESENTATION('',(#17590),#17594);
#17590 = LINE('',#17591,#17592);
#17591 = CARTESIAN_POINT('',(0.,-1.2E-02));
#17592 = VECTOR('',#17593,1.);
#17593 = DIRECTION('',(1.,0.));
#17594 = ( GEOMETRIC_REPRESENTATION_CONTEXT(2) 
PARAMETRIC_REPRESENTATION_CONTEXT() REPRESENTATION_CONTEXT('2D SPACE',''
  ) );
#17595 = PCURVE('',#17596,#17601);
#17596 = PLANE('',#17597);
#17597 = AXIS2_PLACEMENT_3D('',#17598,#17599,#17600);
#17598 = CARTESIAN_POINT('',(4.318515625,-1.312,8.7357421875));
#17599 = DIRECTION('',(0.,-1.,0.));
#17600 = DIRECTION('',(1.,0.,0.));
#17601 = DEFINITIONAL_REPRESENTATION('',(#17602),#17606);
#17602 = LINE('',#17603,#17604);
#17603 = CARTESIAN_POINT('',(0.41640625,0.));
#17604 = VECTOR('',#17605,1.);
#17605 = DIRECTION('',(-1.,0.));
#17606 = ( GEOMETRIC_REPRESENTATION_CONTEXT(2) 
PARAMETRIC_REPRESENTATION_CONTEXT() REPRESENTATION_CONTEXT('2D SPACE',''
  ) );
#17607 = ORIENTED_EDGE('',*,*,#17608,.F.);
#17608 = EDGE_CURVE('',#17609,#17581,#17611,.T.);
#17609 = VERTEX_POINT('',#17610);
#17610 = CARTESIAN_POINT('',(4.377109375,-1.3,8.7357421875));
#17611 = SURFACE_CURVE('',#17612,(#17616,#17623),.PCURVE_S1.);
#17612 = LINE('',#17613,#17614);
#17613 = CARTESIAN_POINT('',(4.377109375,-1.3,8.7357421875));
#17614 = VECTOR('',#17615,1.);
#17615 = DIRECTION('',(0.,-1.,0.));
#17616 = PCURVE('',#17556,#17617);
#17617 = DEFINITIONAL_REPRESENTATION('',(#17618),#17622);
#17618 = LINE('',#17619,#17620);
#17619 = CARTESIAN_POINT('',(0.3578125,0.));
#17620 = VECTOR('',#17621,1.);
#17621 = DIRECTION('',(0.,-1.));
#17622 = ( GEOMETRIC_REPRESENTATION_CONTEXT(2) 
PARAMETRIC_REPRESENTATION_CONTEXT() REPRESENTATION_CONTEXT('2D SPACE',''
  ) );
#17623 = PCURVE('',#17624,#17629);
#17624 = PLANE('',#17625);
#17625 = AXIS2_PLACEMENT_3D('',#17626,#17627,#17628);
#17626 = CARTESIAN_POINT('',(4.377109375,-1.3,8.7357421875));
#17627 = DIRECTION('',(-1.,0.,0.));
#17628 = DIRECTION('',(0.,0.,1.));
#17629 = DEFINITIONAL_REPRESENTATION('',(#17630),#17634);
#17630 = LINE('',#17631,#17632);
#17631 = CARTESIAN_POINT('',(0.,0.));
#17632 = VECTOR('',#17633,1.);
#17633 = DIRECTION('',(0.,-1.));
#17634 = ( GEOMETRIC_REPRESENTATION_CONTEXT(2) 
PARAMETRIC_REPRESENTATION_CONTEXT() REPRESENTATION_CONTEXT('2D SPACE',''
  ) );
#17635 = ORIENTED_EDGE('',*,*,#17636,.F.);
#17636 = EDGE_CURVE('',#17546,#17609,#17637,.T.);
#17637 = SURFACE_CURVE('',#17638,(#17642,#17649),.PCURVE_S1.);
#17638 = LINE('',#17639,#17640);
#17639 = CARTESIAN_POINT('',(4.734921875,-1.3,8.7357421875));
#17640 = VECTOR('',#17641,1.);
#17641 = DIRECTION('',(-1.,0.,0.));
#17642 = PCURVE('',#17556,#17643);
#17643 = DEFINITIONAL_REPRESENTATION('',(#17644),#17648);
#17644 = LINE('',#17645,#17646);
#17645 = CARTESIAN_POINT('',(0.,-0.));
#17646 = VECTOR('',#17647,1.);
#17647 = DIRECTION('',(1.,0.));
#17648 = ( GEOMETRIC_REPRESENTATION_CONTEXT(2) 
PARAMETRIC_REPRESENTATION_CONTEXT() REPRESENTATION_CONTEXT('2D SPACE',''
  ) );
#17649 = PCURVE('',#17650,#17655);
#17650 = PLANE('',#17651);
#17651 = AXIS2_PLACEMENT_3D('',#17652,#17653,#17654);
#17652 = CARTESIAN_POINT('',(4.318515625,-1.3,8.7357421875));
#17653 = DIRECTION('',(0.,-1.,0.));
#17654 = DIRECTION('',(1.,0.,0.));
#17655 = DEFINITIONAL_REPRESENTATION('',(#17656),#17660);
#17656 = LINE('',#17657,#17658);
#17657 = CARTESIAN_POINT('',(0.41640625,0.));
#17658 = VECTOR('',#17659,1.);
#17659 = DIRECTION('',(-1.,0.));
#17660 = ( GEOMETRIC_REPRESENTATION_CONTEXT(2) 
PARAMETRIC_REPRESENTATION_CONTEXT() REPRESENTATION_CONTEXT('2D SPACE',''
  ) );
#17661 = ADVANCED_FACE('',(#17662),#17624,.T.);
#17662 = FACE_BOUND('',#17663,.T.);
#17663 = EDGE_LOOP('',(#17664,#17665,#17688,#17716));
#17664 = ORIENTED_EDGE('',*,*,#17608,.T.);
#17665 = ORIENTED_EDGE('',*,*,#17666,.T.);
#17666 = EDGE_CURVE('',#17581,#17667,#17669,.T.);
#17667 = VERTEX_POINT('',#17668);
#17668 = CARTESIAN_POINT('',(4.377109375,-1.312,9.3083984375));
#17669 = SURFACE_CURVE('',#17670,(#17674,#17681),.PCURVE_S1.);
#17670 = LINE('',#17671,#17672);
#17671 = CARTESIAN_POINT('',(4.377109375,-1.312,8.7357421875));
#17672 = VECTOR('',#17673,1.);
#17673 = DIRECTION('',(0.,0.,1.));
#17674 = PCURVE('',#17624,#17675);
#17675 = DEFINITIONAL_REPRESENTATION('',(#17676),#17680);
#17676 = LINE('',#17677,#17678);
#17677 = CARTESIAN_POINT('',(0.,-1.2E-02));
#17678 = VECTOR('',#17679,1.);
#17679 = DIRECTION('',(1.,0.));
#17680 = ( GEOMETRIC_REPRESENTATION_CONTEXT(2) 
PARAMETRIC_REPRESENTATION_CONTEXT() REPRESENTATION_CONTEXT('2D SPACE',''
  ) );
#17681 = PCURVE('',#17596,#17682);
#17682 = DEFINITIONAL_REPRESENTATION('',(#17683),#17687);
#17683 = LINE('',#17684,#17685);
#17684 = CARTESIAN_POINT('',(5.859375E-02,0.));
#17685 = VECTOR('',#17686,1.);
#17686 = DIRECTION('',(0.,1.));
#17687 = ( GEOMETRIC_REPRESENTATION_CONTEXT(2) 
PARAMETRIC_REPRESENTATION_CONTEXT() REPRESENTATION_CONTEXT('2D SPACE',''
  ) );
#17688 = ORIENTED_EDGE('',*,*,#17689,.F.);
#17689 = EDGE_CURVE('',#17690,#17667,#17692,.T.);
#17690 = VERTEX_POINT('',#17691);
#17691 = CARTESIAN_POINT('',(4.377109375,-1.3,9.3083984375));
#17692 = SURFACE_CURVE('',#17693,(#17697,#17704),.PCURVE_S1.);
#17693 = LINE('',#17694,#17695);
#17694 = CARTESIAN_POINT('',(4.377109375,-1.3,9.3083984375));
#17695 = VECTOR('',#17696,1.);
#17696 = DIRECTION('',(0.,-1.,0.));
#17697 = PCURVE('',#17624,#17698);
#17698 = DEFINITIONAL_REPRESENTATION('',(#17699),#17703);
#17699 = LINE('',#17700,#17701);
#17700 = CARTESIAN_POINT('',(0.57265625,0.));
#17701 = VECTOR('',#17702,1.);
#17702 = DIRECTION('',(0.,-1.));
#17703 = ( GEOMETRIC_REPRESENTATION_CONTEXT(2) 
PARAMETRIC_REPRESENTATION_CONTEXT() REPRESENTATION_CONTEXT('2D SPACE',''
  ) );
#17704 = PCURVE('',#17705,#17710);
#17705 = PLANE('',#17706);
#17706 = AXIS2_PLACEMENT_3D('',#17707,#17708,#17709);
#17707 = CARTESIAN_POINT('',(4.377109375,-1.3,9.3083984375));
#17708 = DIRECTION('',(0.,0.,1.));
#17709 = DIRECTION('',(1.,0.,0.));
#17710 = DEFINITIONAL_REPRESENTATION('',(#17711),#17715);
#17711 = LINE('',#17712,#17713);
#17712 = CARTESIAN_POINT('',(0.,0.));
#17713 = VECTOR('',#17714,1.);
#17714 = DIRECTION('',(0.,-1.));
#17715 = ( GEOMETRIC_REPRESENTATION_CONTEXT(2) 
PARAMETRIC_REPRESENTATION_CONTEXT() REPRESENTATION_CONTEXT('2D SPACE',''
  ) );
#17716 = ORIENTED_EDGE('',*,*,#17717,.F.);
#17717 = EDGE_CURVE('',#17609,#17690,#17718,.T.);
#17718 = SURFACE_CURVE('',#17719,(#17723,#17730),.PCURVE_S1.);
#17719 = LINE('',#17720,#17721);
#17720 = CARTESIAN_POINT('',(4.377109375,-1.3,8.7357421875));
#17721 = VECTOR('',#17722,1.);
#17722 = DIRECTION('',(0.,0.,1.));
#17723 = PCURVE('',#17624,#17724);
#17724 = DEFINITIONAL_REPRESENTATION('',(#17725),#17729);
#17725 = LINE('',#17726,#17727);
#17726 = CARTESIAN_POINT('',(0.,0.));
#17727 = VECTOR('',#17728,1.);
#17728 = DIRECTION('',(1.,0.));
#17729 = ( GEOMETRIC_REPRESENTATION_CONTEXT(2) 
PARAMETRIC_REPRESENTATION_CONTEXT() REPRESENTATION_CONTEXT('2D SPACE',''
  ) );
#17730 = PCURVE('',#17650,#17731);
#17731 = DEFINITIONAL_REPRESENTATION('',(#17732),#17736);
#17732 = LINE('',#17733,#17734);
#17733 = CARTESIAN_POINT('',(5.859375E-02,0.));
#17734 = VECTOR('',#17735,1.);
#17735 = DIRECTION('',(0.,1.));
#17736 = ( GEOMETRIC_REPRESENTATION_CONTEXT(2) 
PARAMETRIC_REPRESENTATION_CONTEXT() REPRESENTATION_CONTEXT('2D SPACE',''
  ) );
#17737 = ADVANCED_FACE('',(#17738),#17705,.T.);
#17738 = FACE_BOUND('',#17739,.T.);
#17739 = EDGE_LOOP('',(#17740,#17741,#17764,#17792));
#17740 = ORIENTED_EDGE('',*,*,#17689,.T.);
#17741 = ORIENTED_EDGE('',*,*,#17742,.T.);
#17742 = EDGE_CURVE('',#17667,#17743,#17745,.T.);
#17743 = VERTEX_POINT('',#17744);
#17744 = CARTESIAN_POINT('',(4.452890625,-1.312,9.3083984375));
#17745 = SURFACE_CURVE('',#17746,(#17750,#17757),.PCURVE_S1.);
#17746 = LINE('',#17747,#17748);
#17747 = CARTESIAN_POINT('',(4.377109375,-1.312,9.3083984375));
#17748 = VECTOR('',#17749,1.);
#17749 = DIRECTION('',(1.,0.,0.));
#17750 = PCURVE('',#17705,#17751);
#17751 = DEFINITIONAL_REPRESENTATION('',(#17752),#17756);
#17752 = LINE('',#17753,#17754);
#17753 = CARTESIAN_POINT('',(0.,-1.2E-02));
#17754 = VECTOR('',#17755,1.);
#17755 = DIRECTION('',(1.,0.));
#17756 = ( GEOMETRIC_REPRESENTATION_CONTEXT(2) 
PARAMETRIC_REPRESENTATION_CONTEXT() REPRESENTATION_CONTEXT('2D SPACE',''
  ) );
#17757 = PCURVE('',#17596,#17758);
#17758 = DEFINITIONAL_REPRESENTATION('',(#17759),#17763);
#17759 = LINE('',#17760,#17761);
#17760 = CARTESIAN_POINT('',(5.859375E-02,0.57265625));
#17761 = VECTOR('',#17762,1.);
#17762 = DIRECTION('',(1.,0.));
#17763 = ( GEOMETRIC_REPRESENTATION_CONTEXT(2) 
PARAMETRIC_REPRESENTATION_CONTEXT() REPRESENTATION_CONTEXT('2D SPACE',''
  ) );
#17764 = ORIENTED_EDGE('',*,*,#17765,.F.);
#17765 = EDGE_CURVE('',#17766,#17743,#17768,.T.);
#17766 = VERTEX_POINT('',#17767);
#17767 = CARTESIAN_POINT('',(4.452890625,-1.3,9.3083984375));
#17768 = SURFACE_CURVE('',#17769,(#17773,#17780),.PCURVE_S1.);
#17769 = LINE('',#17770,#17771);
#17770 = CARTESIAN_POINT('',(4.452890625,-1.3,9.3083984375));
#17771 = VECTOR('',#17772,1.);
#17772 = DIRECTION('',(0.,-1.,0.));
#17773 = PCURVE('',#17705,#17774);
#17774 = DEFINITIONAL_REPRESENTATION('',(#17775),#17779);
#17775 = LINE('',#17776,#17777);
#17776 = CARTESIAN_POINT('',(7.578125E-02,0.));
#17777 = VECTOR('',#17778,1.);
#17778 = DIRECTION('',(0.,-1.));
#17779 = ( GEOMETRIC_REPRESENTATION_CONTEXT(2) 
PARAMETRIC_REPRESENTATION_CONTEXT() REPRESENTATION_CONTEXT('2D SPACE',''
  ) );
#17780 = PCURVE('',#17781,#17786);
#17781 = PLANE('',#17782);
#17782 = AXIS2_PLACEMENT_3D('',#17783,#17784,#17785);
#17783 = CARTESIAN_POINT('',(4.452890625,-1.3,9.3083984375));
#17784 = DIRECTION('',(1.,0.,0.));
#17785 = DIRECTION('',(0.,0.,-1.));
#17786 = DEFINITIONAL_REPRESENTATION('',(#17787),#17791);
#17787 = LINE('',#17788,#17789);
#17788 = CARTESIAN_POINT('',(0.,0.));
#17789 = VECTOR('',#17790,1.);
#17790 = DIRECTION('',(0.,-1.));
#17791 = ( GEOMETRIC_REPRESENTATION_CONTEXT(2) 
PARAMETRIC_REPRESENTATION_CONTEXT() REPRESENTATION_CONTEXT('2D SPACE',''
  ) );
#17792 = ORIENTED_EDGE('',*,*,#17793,.F.);
#17793 = EDGE_CURVE('',#17690,#17766,#17794,.T.);
#17794 = SURFACE_CURVE('',#17795,(#17799,#17806),.PCURVE_S1.);
#17795 = LINE('',#17796,#17797);
#17796 = CARTESIAN_POINT('',(4.377109375,-1.3,9.3083984375));
#17797 = VECTOR('',#17798,1.);
#17798 = DIRECTION('',(1.,0.,0.));
#17799 = PCURVE('',#17705,#17800);
#17800 = DEFINITIONAL_REPRESENTATION('',(#17801),#17805);
#17801 = LINE('',#17802,#17803);
#17802 = CARTESIAN_POINT('',(0.,0.));
#17803 = VECTOR('',#17804,1.);
#17804 = DIRECTION('',(1.,0.));
#17805 = ( GEOMETRIC_REPRESENTATION_CONTEXT(2) 
PARAMETRIC_REPRESENTATION_CONTEXT() REPRESENTATION_CONTEXT('2D SPACE',''
  ) );
#17806 = PCURVE('',#17650,#17807);
#17807 = DEFINITIONAL_REPRESENTATION('',(#17808),#17812);
#17808 = LINE('',#17809,#17810);
#17809 = CARTESIAN_POINT('',(5.859375E-02,0.57265625));
#17810 = VECTOR('',#17811,1.);
#17811 = DIRECTION('',(1.,0.));
#17812 = ( GEOMETRIC_REPRESENTATION_CONTEXT(2) 
PARAMETRIC_REPRESENTATION_CONTEXT() REPRESENTATION_CONTEXT('2D SPACE',''
  ) );
#17813 = ADVANCED_FACE('',(#17814),#17781,.T.);
#17814 = FACE_BOUND('',#17815,.T.);
#17815 = EDGE_LOOP('',(#17816,#17817,#17840,#17868));
#17816 = ORIENTED_EDGE('',*,*,#17765,.T.);
#17817 = ORIENTED_EDGE('',*,*,#17818,.T.);
#17818 = EDGE_CURVE('',#17743,#17819,#17821,.T.);
#17819 = VERTEX_POINT('',#17820);
#17820 = CARTESIAN_POINT('',(4.452890625,-1.312,8.8033203125));
#17821 = SURFACE_CURVE('',#17822,(#17826,#17833),.PCURVE_S1.);
#17822 = LINE('',#17823,#17824);
#17823 = CARTESIAN_POINT('',(4.452890625,-1.312,9.3083984375));
#17824 = VECTOR('',#17825,1.);
#17825 = DIRECTION('',(0.,0.,-1.));
#17826 = PCURVE('',#17781,#17827);
#17827 = DEFINITIONAL_REPRESENTATION('',(#17828),#17832);
#17828 = LINE('',#17829,#17830);
#17829 = CARTESIAN_POINT('',(0.,-1.2E-02));
#17830 = VECTOR('',#17831,1.);
#17831 = DIRECTION('',(1.,0.));
#17832 = ( GEOMETRIC_REPRESENTATION_CONTEXT(2) 
PARAMETRIC_REPRESENTATION_CONTEXT() REPRESENTATION_CONTEXT('2D SPACE',''
  ) );
#17833 = PCURVE('',#17596,#17834);
#17834 = DEFINITIONAL_REPRESENTATION('',(#17835),#17839);
#17835 = LINE('',#17836,#17837);
#17836 = CARTESIAN_POINT('',(0.134375,0.57265625));
#17837 = VECTOR('',#17838,1.);
#17838 = DIRECTION('',(0.,-1.));
#17839 = ( GEOMETRIC_REPRESENTATION_CONTEXT(2) 
PARAMETRIC_REPRESENTATION_CONTEXT() REPRESENTATION_CONTEXT('2D SPACE',''
  ) );
#17840 = ORIENTED_EDGE('',*,*,#17841,.F.);
#17841 = EDGE_CURVE('',#17842,#17819,#17844,.T.);
#17842 = VERTEX_POINT('',#17843);
#17843 = CARTESIAN_POINT('',(4.452890625,-1.3,8.8033203125));
#17844 = SURFACE_CURVE('',#17845,(#17849,#17856),.PCURVE_S1.);
#17845 = LINE('',#17846,#17847);
#17846 = CARTESIAN_POINT('',(4.452890625,-1.3,8.8033203125));
#17847 = VECTOR('',#17848,1.);
#17848 = DIRECTION('',(0.,-1.,0.));
#17849 = PCURVE('',#17781,#17850);
#17850 = DEFINITIONAL_REPRESENTATION('',(#17851),#17855);
#17851 = LINE('',#17852,#17853);
#17852 = CARTESIAN_POINT('',(0.505078125,0.));
#17853 = VECTOR('',#17854,1.);
#17854 = DIRECTION('',(0.,-1.));
#17855 = ( GEOMETRIC_REPRESENTATION_CONTEXT(2) 
PARAMETRIC_REPRESENTATION_CONTEXT() REPRESENTATION_CONTEXT('2D SPACE',''
  ) );
#17856 = PCURVE('',#17857,#17862);
#17857 = PLANE('',#17858);
#17858 = AXIS2_PLACEMENT_3D('',#17859,#17860,#17861);
#17859 = CARTESIAN_POINT('',(4.452890625,-1.3,8.8033203125));
#17860 = DIRECTION('',(0.,0.,1.));
#17861 = DIRECTION('',(1.,0.,0.));
#17862 = DEFINITIONAL_REPRESENTATION('',(#17863),#17867);
#17863 = LINE('',#17864,#17865);
#17864 = CARTESIAN_POINT('',(0.,0.));
#17865 = VECTOR('',#17866,1.);
#17866 = DIRECTION('',(0.,-1.));
#17867 = ( GEOMETRIC_REPRESENTATION_CONTEXT(2) 
PARAMETRIC_REPRESENTATION_CONTEXT() REPRESENTATION_CONTEXT('2D SPACE',''
  ) );
#17868 = ORIENTED_EDGE('',*,*,#17869,.F.);
#17869 = EDGE_CURVE('',#17766,#17842,#17870,.T.);
#17870 = SURFACE_CURVE('',#17871,(#17875,#17882),.PCURVE_S1.);
#17871 = LINE('',#17872,#17873);
#17872 = CARTESIAN_POINT('',(4.452890625,-1.3,9.3083984375));
#17873 = VECTOR('',#17874,1.);
#17874 = DIRECTION('',(0.,0.,-1.));
#17875 = PCURVE('',#17781,#17876);
#17876 = DEFINITIONAL_REPRESENTATION('',(#17877),#17881);
#17877 = LINE('',#17878,#17879);
#17878 = CARTESIAN_POINT('',(0.,0.));
#17879 = VECTOR('',#17880,1.);
#17880 = DIRECTION('',(1.,0.));
#17881 = ( GEOMETRIC_REPRESENTATION_CONTEXT(2) 
PARAMETRIC_REPRESENTATION_CONTEXT() REPRESENTATION_CONTEXT('2D SPACE',''
  ) );
#17882 = PCURVE('',#17650,#17883);
#17883 = DEFINITIONAL_REPRESENTATION('',(#17884),#17888);
#17884 = LINE('',#17885,#17886);
#17885 = CARTESIAN_POINT('',(0.134375,0.57265625));
#17886 = VECTOR('',#17887,1.);
#17887 = DIRECTION('',(0.,-1.));
#17888 = ( GEOMETRIC_REPRESENTATION_CONTEXT(2) 
PARAMETRIC_REPRESENTATION_CONTEXT() REPRESENTATION_CONTEXT('2D SPACE',''
  ) );
#17889 = ADVANCED_FACE('',(#17890),#17857,.T.);
#17890 = FACE_BOUND('',#17891,.T.);
#17891 = EDGE_LOOP('',(#17892,#17893,#17916,#17939));
#17892 = ORIENTED_EDGE('',*,*,#17841,.T.);
#17893 = ORIENTED_EDGE('',*,*,#17894,.T.);
#17894 = EDGE_CURVE('',#17819,#17895,#17897,.T.);
#17895 = VERTEX_POINT('',#17896);
#17896 = CARTESIAN_POINT('',(4.734921875,-1.312,8.8033203125));
#17897 = SURFACE_CURVE('',#17898,(#17902,#17909),.PCURVE_S1.);
#17898 = LINE('',#17899,#17900);
#17899 = CARTESIAN_POINT('',(4.452890625,-1.312,8.8033203125));
#17900 = VECTOR('',#17901,1.);
#17901 = DIRECTION('',(1.,0.,0.));
#17902 = PCURVE('',#17857,#17903);
#17903 = DEFINITIONAL_REPRESENTATION('',(#17904),#17908);
#17904 = LINE('',#17905,#17906);
#17905 = CARTESIAN_POINT('',(0.,-1.2E-02));
#17906 = VECTOR('',#17907,1.);
#17907 = DIRECTION('',(1.,0.));
#17908 = ( GEOMETRIC_REPRESENTATION_CONTEXT(2) 
PARAMETRIC_REPRESENTATION_CONTEXT() REPRESENTATION_CONTEXT('2D SPACE',''
  ) );
#17909 = PCURVE('',#17596,#17910);
#17910 = DEFINITIONAL_REPRESENTATION('',(#17911),#17915);
#17911 = LINE('',#17912,#17913);
#17912 = CARTESIAN_POINT('',(0.134375,6.7578125E-02));
#17913 = VECTOR('',#17914,1.);
#17914 = DIRECTION('',(1.,0.));
#17915 = ( GEOMETRIC_REPRESENTATION_CONTEXT(2) 
PARAMETRIC_REPRESENTATION_CONTEXT() REPRESENTATION_CONTEXT('2D SPACE',''
  ) );
#17916 = ORIENTED_EDGE('',*,*,#17917,.F.);
#17917 = EDGE_CURVE('',#17918,#17895,#17920,.T.);
#17918 = VERTEX_POINT('',#17919);
#17919 = CARTESIAN_POINT('',(4.734921875,-1.3,8.8033203125));
#17920 = SURFACE_CURVE('',#17921,(#17925,#17932),.PCURVE_S1.);
#17921 = LINE('',#17922,#17923);
#17922 = CARTESIAN_POINT('',(4.734921875,-1.3,8.8033203125));
#17923 = VECTOR('',#17924,1.);
#17924 = DIRECTION('',(0.,-1.,0.));
#17925 = PCURVE('',#17857,#17926);
#17926 = DEFINITIONAL_REPRESENTATION('',(#17927),#17931);
#17927 = LINE('',#17928,#17929);
#17928 = CARTESIAN_POINT('',(0.28203125,0.));
#17929 = VECTOR('',#17930,1.);
#17930 = DIRECTION('',(0.,-1.));
#17931 = ( GEOMETRIC_REPRESENTATION_CONTEXT(2) 
PARAMETRIC_REPRESENTATION_CONTEXT() REPRESENTATION_CONTEXT('2D SPACE',''
  ) );
#17932 = PCURVE('',#17568,#17933);
#17933 = DEFINITIONAL_REPRESENTATION('',(#17934),#17938);
#17934 = LINE('',#17935,#17936);
#17935 = CARTESIAN_POINT('',(0.,0.));
#17936 = VECTOR('',#17937,1.);
#17937 = DIRECTION('',(0.,-1.));
#17938 = ( GEOMETRIC_REPRESENTATION_CONTEXT(2) 
PARAMETRIC_REPRESENTATION_CONTEXT() REPRESENTATION_CONTEXT('2D SPACE',''
  ) );
#17939 = ORIENTED_EDGE('',*,*,#17940,.F.);
#17940 = EDGE_CURVE('',#17842,#17918,#17941,.T.);
#17941 = SURFACE_CURVE('',#17942,(#17946,#17953),.PCURVE_S1.);
#17942 = LINE('',#17943,#17944);
#17943 = CARTESIAN_POINT('',(4.452890625,-1.3,8.8033203125));
#17944 = VECTOR('',#17945,1.);
#17945 = DIRECTION('',(1.,0.,0.));
#17946 = PCURVE('',#17857,#17947);
#17947 = DEFINITIONAL_REPRESENTATION('',(#17948),#17952);
#17948 = LINE('',#17949,#17950);
#17949 = CARTESIAN_POINT('',(0.,0.));
#17950 = VECTOR('',#17951,1.);
#17951 = DIRECTION('',(1.,0.));
#17952 = ( GEOMETRIC_REPRESENTATION_CONTEXT(2) 
PARAMETRIC_REPRESENTATION_CONTEXT() REPRESENTATION_CONTEXT('2D SPACE',''
  ) );
#17953 = PCURVE('',#17650,#17954);
#17954 = DEFINITIONAL_REPRESENTATION('',(#17955),#17959);
#17955 = LINE('',#17956,#17957);
#17956 = CARTESIAN_POINT('',(0.134375,6.7578125E-02));
#17957 = VECTOR('',#17958,1.);
#17958 = DIRECTION('',(1.,0.));
#17959 = ( GEOMETRIC_REPRESENTATION_CONTEXT(2) 
PARAMETRIC_REPRESENTATION_CONTEXT() REPRESENTATION_CONTEXT('2D SPACE',''
  ) );
#17960 = ADVANCED_FACE('',(#17961),#17568,.T.);
#17961 = FACE_BOUND('',#17962,.T.);
#17962 = EDGE_LOOP('',(#17963,#17964,#17985,#17986));
#17963 = ORIENTED_EDGE('',*,*,#17917,.T.);
#17964 = ORIENTED_EDGE('',*,*,#17965,.T.);
#17965 = EDGE_CURVE('',#17895,#17548,#17966,.T.);
#17966 = SURFACE_CURVE('',#17967,(#17971,#17978),.PCURVE_S1.);
#17967 = LINE('',#17968,#17969);
#17968 = CARTESIAN_POINT('',(4.734921875,-1.312,8.8033203125));
#17969 = VECTOR('',#17970,1.);
#17970 = DIRECTION('',(0.,0.,-1.));
#17971 = PCURVE('',#17568,#17972);
#17972 = DEFINITIONAL_REPRESENTATION('',(#17973),#17977);
#17973 = LINE('',#17974,#17975);
#17974 = CARTESIAN_POINT('',(0.,-1.2E-02));
#17975 = VECTOR('',#17976,1.);
#17976 = DIRECTION('',(1.,0.));
#17977 = ( GEOMETRIC_REPRESENTATION_CONTEXT(2) 
PARAMETRIC_REPRESENTATION_CONTEXT() REPRESENTATION_CONTEXT('2D SPACE',''
  ) );
#17978 = PCURVE('',#17596,#17979);
#17979 = DEFINITIONAL_REPRESENTATION('',(#17980),#17984);
#17980 = LINE('',#17981,#17982);
#17981 = CARTESIAN_POINT('',(0.41640625,6.7578125E-02));
#17982 = VECTOR('',#17983,1.);
#17983 = DIRECTION('',(0.,-1.));
#17984 = ( GEOMETRIC_REPRESENTATION_CONTEXT(2) 
PARAMETRIC_REPRESENTATION_CONTEXT() REPRESENTATION_CONTEXT('2D SPACE',''
  ) );
#17985 = ORIENTED_EDGE('',*,*,#17545,.F.);
#17986 = ORIENTED_EDGE('',*,*,#17987,.F.);
#17987 = EDGE_CURVE('',#17918,#17546,#17988,.T.);
#17988 = SURFACE_CURVE('',#17989,(#17993,#18000),.PCURVE_S1.);
#17989 = LINE('',#17990,#17991);
#17990 = CARTESIAN_POINT('',(4.734921875,-1.3,8.8033203125));
#17991 = VECTOR('',#17992,1.);
#17992 = DIRECTION('',(0.,0.,-1.));
#17993 = PCURVE('',#17568,#17994);
#17994 = DEFINITIONAL_REPRESENTATION('',(#17995),#17999);
#17995 = LINE('',#17996,#17997);
#17996 = CARTESIAN_POINT('',(0.,0.));
#17997 = VECTOR('',#17998,1.);
#17998 = DIRECTION('',(1.,0.));
#17999 = ( GEOMETRIC_REPRESENTATION_CONTEXT(2) 
PARAMETRIC_REPRESENTATION_CONTEXT() REPRESENTATION_CONTEXT('2D SPACE',''
  ) );
#18000 = PCURVE('',#17650,#18001);
#18001 = DEFINITIONAL_REPRESENTATION('',(#18002),#18006);
#18002 = LINE('',#18003,#18004);
#18003 = CARTESIAN_POINT('',(0.41640625,6.7578125E-02));
#18004 = VECTOR('',#18005,1.);
#18005 = DIRECTION('',(0.,-1.));
#18006 = ( GEOMETRIC_REPRESENTATION_CONTEXT(2) 
PARAMETRIC_REPRESENTATION_CONTEXT() REPRESENTATION_CONTEXT('2D SPACE',''
  ) );
#18007 = ADVANCED_FACE('',(#18008),#17650,.F.);
#18008 = FACE_BOUND('',#18009,.T.);
#18009 = EDGE_LOOP('',(#18010,#18011,#18012,#18013,#18014,#18015));
#18010 = ORIENTED_EDGE('',*,*,#17636,.T.);
#18011 = ORIENTED_EDGE('',*,*,#17717,.T.);
#18012 = ORIENTED_EDGE('',*,*,#17793,.T.);
#18013 = ORIENTED_EDGE('',*,*,#17869,.T.);
#18014 = ORIENTED_EDGE('',*,*,#17940,.T.);
#18015 = ORIENTED_EDGE('',*,*,#17987,.T.);
#18016 = ADVANCED_FACE('',(#18017),#17596,.T.);
#18017 = FACE_BOUND('',#18018,.F.);
#18018 = EDGE_LOOP('',(#18019,#18020,#18021,#18022,#18023,#18024));
#18019 = ORIENTED_EDGE('',*,*,#17580,.T.);
#18020 = ORIENTED_EDGE('',*,*,#17666,.T.);
#18021 = ORIENTED_EDGE('',*,*,#17742,.T.);
#18022 = ORIENTED_EDGE('',*,*,#17818,.T.);
#18023 = ORIENTED_EDGE('',*,*,#17894,.T.);
#18024 = ORIENTED_EDGE('',*,*,#17965,.T.);
#18025 = ( GEOMETRIC_REPRESENTATION_CONTEXT(3) 
GLOBAL_UNCERTAINTY_ASSIGNED_CONTEXT((#18029)) 
GLOBAL_UNIT_ASSIGNED_CONTEXT((#18026,#18027,#18028)) 
REPRESENTATION_CONTEXT('Context #1',
  '3D Context with UNIT and UNCERTAINTY') );
#18026 = ( LENGTH_UNIT() NAMED_UNIT(*) SI_UNIT(.MILLI.,.METRE.) );
#18027 = ( NAMED_UNIT(*) PLANE_ANGLE_UNIT() SI_UNIT($,.RADIAN.) );
#18028 = ( NAMED_UNIT(*) SI_UNIT($,.STERADIAN.) SOLID_ANGLE_UNIT() );
#18029 = UNCERTAINTY_MEASURE_WITH_UNIT(LENGTH_MEASURE(1.E-07),#18026,
  'distance_accuracy_value','confusion accuracy');
#18030 = CONTEXT_DEPENDENT_SHAPE_REPRESENTATION(#18031,#18033);
#18031 = ( REPRESENTATION_RELATIONSHIP('','',#4322,#10) 
REPRESENTATION_RELATIONSHIP_WITH_TRANSFORMATION(#18032) 
SHAPE_REPRESENTATION_RELATIONSHIP() );
#18032 = ITEM_DEFINED_TRANSFORMATION('','',#11,#35);
#18033 = PRODUCT_DEFINITION_SHAPE('Placement','Placement of an item',
  #18034);
#18034 = NEXT_ASSEMBLY_USAGE_OCCURRENCE('6','marking','',#5,#4317,$);
#18035 = PRODUCT_RELATED_PRODUCT_CATEGORY('part',$,(#4319));
#18036 = MECHANICAL_DESIGN_GEOMETRIC_PRESENTATION_REPRESENTATION('',(
    #18037),#2817);
#18037 = STYLED_ITEM('color',(#18038),#957);
#18038 = PRESENTATION_STYLE_ASSIGNMENT((#18039));
#18039 = SURFACE_STYLE_USAGE(.BOTH.,#18040);
#18040 = SURFACE_SIDE_STYLE('',(#18041));
#18041 = SURFACE_STYLE_FILL_AREA(#18042);
#18042 = FILL_AREA_STYLE('',(#18043));
#18043 = FILL_AREA_STYLE_COLOUR('',#18044);
#18044 = COLOUR_RGB('',5.500000063064E-02,6.000000074816E-02,
  6.500000082754E-02);
#18045 = MECHANICAL_DESIGN_GEOMETRIC_PRESENTATION_REPRESENTATION('',(
    #18046),#3386);
#18046 = STYLED_ITEM('color',(#18047),#2836);
#18047 = PRESENTATION_STYLE_ASSIGNMENT((#18048));
#18048 = SURFACE_STYLE_USAGE(.BOTH.,#18049);
#18049 = SURFACE_SIDE_STYLE('',(#18050));
#18050 = SURFACE_STYLE_FILL_AREA(#18051);
#18051 = FILL_AREA_STYLE('',(#18052));
#18052 = FILL_AREA_STYLE_COLOUR('',#18053);
#18053 = COLOUR_RGB('',0.700000005816,0.720000003324,0.740000011925);
#18054 = MECHANICAL_DESIGN_GEOMETRIC_PRESENTATION_REPRESENTATION('',(
    #18055),#938);
#18055 = STYLED_ITEM('color',(#18056),#53);
#18056 = PRESENTATION_STYLE_ASSIGNMENT((#18057));
#18057 = SURFACE_STYLE_USAGE(.BOTH.,#18058);
#18058 = SURFACE_SIDE_STYLE('',(#18059));
#18059 = SURFACE_STYLE_FILL_AREA(#18060);
#18060 = FILL_AREA_STYLE('',(#18061));
#18061 = FILL_AREA_STYLE_COLOUR('',#18053);
#18062 = MECHANICAL_DESIGN_GEOMETRIC_PRESENTATION_REPRESENTATION('',(
    #18063),#4304);
#18063 = STYLED_ITEM('color',(#18064),#3754);
#18064 = PRESENTATION_STYLE_ASSIGNMENT((#18065));
#18065 = SURFACE_STYLE_USAGE(.BOTH.,#18066);
#18066 = SURFACE_SIDE_STYLE('',(#18067));
#18067 = SURFACE_STYLE_FILL_AREA(#18068);
#18068 = FILL_AREA_STYLE('',(#18069));
#18069 = FILL_AREA_STYLE_COLOUR('',#18053);
#18070 = MECHANICAL_DESIGN_GEOMETRIC_PRESENTATION_REPRESENTATION('',(
    #18071,#18079,#18086,#18093,#18100,#18107,#18114,#18121,#18128),
  #18025);
#18071 = STYLED_ITEM('color',(#18072),#4323);
#18072 = PRESENTATION_STYLE_ASSIGNMENT((#18073));
#18073 = SURFACE_STYLE_USAGE(.BOTH.,#18074);
#18074 = SURFACE_SIDE_STYLE('',(#18075));
#18075 = SURFACE_STYLE_FILL_AREA(#18076);
#18076 = FILL_AREA_STYLE('',(#18077));
#18077 = FILL_AREA_STYLE_COLOUR('',#18078);
#18078 = COLOUR_RGB('',0.879999997771,0.879999997771,0.839999997739);
#18079 = STYLED_ITEM('color',(#18080),#5121);
#18080 = PRESENTATION_STYLE_ASSIGNMENT((#18081));
#18081 = SURFACE_STYLE_USAGE(.BOTH.,#18082);
#18082 = SURFACE_SIDE_STYLE('',(#18083));
#18083 = SURFACE_STYLE_FILL_AREA(#18084);
#18084 = FILL_AREA_STYLE('',(#18085));
#18085 = FILL_AREA_STYLE_COLOUR('',#18078);
#18086 = STYLED_ITEM('color',(#18087),#7299);
#18087 = PRESENTATION_STYLE_ASSIGNMENT((#18088));
#18088 = SURFACE_STYLE_USAGE(.BOTH.,#18089);
#18089 = SURFACE_SIDE_STYLE('',(#18090));
#18090 = SURFACE_STYLE_FILL_AREA(#18091);
#18091 = FILL_AREA_STYLE('',(#18092));
#18092 = FILL_AREA_STYLE_COLOUR('',#18078);
#18093 = STYLED_ITEM('color',(#18094),#8825);
#18094 = PRESENTATION_STYLE_ASSIGNMENT((#18095));
#18095 = SURFACE_STYLE_USAGE(.BOTH.,#18096);
#18096 = SURFACE_SIDE_STYLE('',(#18097));
#18097 = SURFACE_STYLE_FILL_AREA(#18098);
#18098 = FILL_AREA_STYLE('',(#18099));
#18099 = FILL_AREA_STYLE_COLOUR('',#18078);
#18100 = STYLED_ITEM('color',(#18101),#11237);
#18101 = PRESENTATION_STYLE_ASSIGNMENT((#18102));
#18102 = SURFACE_STYLE_USAGE(.BOTH.,#18103);
#18103 = SURFACE_SIDE_STYLE('',(#18104));
#18104 = SURFACE_STYLE_FILL_AREA(#18105);
#18105 = FILL_AREA_STYLE('',(#18106));
#18106 = FILL_AREA_STYLE_COLOUR('',#18078);
#18107 = STYLED_ITEM('color',(#18108),#12859);
#18108 = PRESENTATION_STYLE_ASSIGNMENT((#18109));
#18109 = SURFACE_STYLE_USAGE(.BOTH.,#18110);
#18110 = SURFACE_SIDE_STYLE('',(#18111));
#18111 = SURFACE_STYLE_FILL_AREA(#18112);
#18112 = FILL_AREA_STYLE('',(#18113));
#18113 = FILL_AREA_STYLE_COLOUR('',#18078);
#18114 = STYLED_ITEM('color',(#18115),#13657);
#18115 = PRESENTATION_STYLE_ASSIGNMENT((#18116));
#18116 = SURFACE_STYLE_USAGE(.BOTH.,#18117);
#18117 = SURFACE_SIDE_STYLE('',(#18118));
#18118 = SURFACE_STYLE_FILL_AREA(#18119);
#18119 = FILL_AREA_STYLE('',(#18120));
#18120 = FILL_AREA_STYLE_COLOUR('',#18078);
#18121 = STYLED_ITEM('color',(#18122),#15279);
#18122 = PRESENTATION_STYLE_ASSIGNMENT((#18123));
#18123 = SURFACE_STYLE_USAGE(.BOTH.,#18124);
#18124 = SURFACE_SIDE_STYLE('',(#18125));
#18125 = SURFACE_STYLE_FILL_AREA(#18126);
#18126 = FILL_AREA_STYLE('',(#18127));
#18127 = FILL_AREA_STYLE_COLOUR('',#18078);
#18128 = STYLED_ITEM('color',(#18129),#17539);
#18129 = PRESENTATION_STYLE_ASSIGNMENT((#18130));
#18130 = SURFACE_STYLE_USAGE(.BOTH.,#18131);
#18131 = SURFACE_SIDE_STYLE('',(#18132));
#18132 = SURFACE_STYLE_FILL_AREA(#18133);
#18133 = FILL_AREA_STYLE('',(#18134));
#18134 = FILL_AREA_STYLE_COLOUR('',#18078);
#18135 = MECHANICAL_DESIGN_GEOMETRIC_PRESENTATION_REPRESENTATION('',(
    #18136),#3735);
#18136 = STYLED_ITEM('color',(#18137),#3405);
#18137 = PRESENTATION_STYLE_ASSIGNMENT((#18138));
#18138 = SURFACE_STYLE_USAGE(.BOTH.,#18139);
#18139 = SURFACE_SIDE_STYLE('',(#18140));
#18140 = SURFACE_STYLE_FILL_AREA(#18141);
#18141 = FILL_AREA_STYLE('',(#18142));
#18142 = FILL_AREA_STYLE_COLOUR('',#18053);
ENDSEC;
END-ISO-10303-21;
